Name,Team,Minutes,Primary Position,Age,All Goals,NP Goals,xG,xG/Shot,Shots,Goal Conversion%,Shooting%,Shot Touch%,Assists,xG Assisted,Key Passes,OP Assists,OP xG Assisted,OP Key Passes,SP Assists,SP xG Assisted,SP Key Passes,Dribbles,Successful Dribbles,Failed Dribbles,Dribble%,Fouls Won,Penalty Wins,Dispossessed,Turnovers,Interceptions,PAdj Interceptions,Clearances,PAdj Clearances,Defensive Actions,Aggressive Actions,Blocks/Shot,Defensive Regains,Average DA X,Ball Recov. F2,Ball Recoveries,Tackles,Tack&Int,Tack/DP%,PAdj Tackles,PAdj Tack&Int,Fouls,Dribbles Stopped%,Dribbled Past,Aerial Win%,Aerial Wins,Errors,Deep Progressions,xGBuildup,xGChain,Carries,Carry%,Carry Length,OP F3 Passes,PintoB,OP Passes Into Box,SP PintoB,Passes Inside Box,Touches In Box,PinTin,Throughballs,Successful Box Cross%,Successful Crosses,Crossing%,Deep Completions
Mallik Wilks,Rotherham United,817,Attacking Midfielder,26,0.22,0.22,0.13,0.04,3.08,7,25,7,0,0.12,1.43,0,0.11,1.1,0,0.01,0.33,3.97,1.87,2.09,47,2.53,0.11,2.53,4.19,0.11,0.13,0.44,0.36,21.15,9.36,0,2.64,60.15,5.18,6.17,0.88,0.99,80,0.44,0.57,2.09,33,0.22,30,1.98,0,1.98,0.22,0.37,22.03,71,6.99,6.5,1.32,0.99,0.33,0.55,5.18,6.17,0.11,50,1.1,53,0.77
Thelo Aasgaard,Wigan Athletic,808,Attacking Midfielder,23,0.22,0.22,0.21,0.09,2.34,10,33,3,0,0.03,0.67,0,0.03,0.67,0,0,0,1.22,0.45,0.78,36,2.34,0,1.11,2.67,0.56,0.41,1.89,1.23,20.6,11.8,0.04,3.01,49.78,3.56,5.34,1.45,2,76,1.46,1.88,0.89,20,0.45,35,1.67,0,2,0.3,0.39,25.27,87,5.51,7.68,0.78,0.78,0,0.11,3.9,4.68,0,0,0,0,0.33
Ethan Galbraith,Leyton Orient,778,Attacking Midfielder,24,0.35,0.35,0.09,0.08,1.16,30,40,1,0.12,0.07,0.69,0.12,0.07,0.69,0,0,0,1.39,0.58,0.81,42,1.04,0,1.5,2.66,1.16,1.18,0.58,0.52,24.63,13.18,0.01,4.63,56.83,6.36,9.37,1.27,2.43,50,1.03,2.21,1.62,44,1.27,39,1.27,0,5.67,0.3,0.43,33.3,89,7.64,12.49,1.39,1.39,0,0.23,2.54,3.93,0,17,0.35,38,0.69
Daniel Phillips,Stevenage,699,Attacking Midfielder,24,0,0,0.01,0.02,0.51,0,25,1,0,0.04,0.51,0,0.04,0.51,0,0,0,0.51,0.26,0.26,50,1.16,0,0.9,2.19,1.29,0.87,1.29,0.8,25.48,13.51,0.05,2.96,45.06,6.69,10.55,3.09,4.38,89,2.19,3.06,2.19,57,0.39,55,1.54,0,1.8,0.22,0.24,17.5,84,4.19,6.56,0.13,0.13,0,0.39,0.77,0.9,0.13,100,0.26,67,0.26
Willum Þór Willumsson,Birmingham City,681,Attacking Midfielder,26,0.26,0.26,0.3,0.15,1.98,13,60,2,0.26,0.12,0.66,0.26,0.12,0.66,0,0,0,0.79,0.53,0.26,67,1.19,0,1.72,1.72,0.66,1.12,0.93,1.62,18.65,7.93,0.02,4.63,55.34,4.23,6.74,0.93,1.59,64,1.52,2.64,0.66,20,0.53,44,1.85,0.13,4.36,0.59,0.75,38.75,92,4.4,12.03,0.53,0.53,0,0.26,3.83,4.36,0.26,0,0,0,0.53
Will Collar,Stockport County,640,Attacking Midfielder,28,0,0,0.16,0.11,1.41,0,50,2,0,0.15,1.83,0,0.15,1.83,0,0,0,0.7,0.42,0.28,60,1.55,0,0.99,1.97,0.56,0.8,0.7,0.74,26.45,11.82,0.02,3.94,52.62,4.36,6.61,1.83,2.39,87,1.94,2.74,1.97,67,0.28,28,1.13,0,2.53,0.58,0.75,21.39,87,4.23,7.32,0.7,0.7,0,0.42,3.8,4.5,0.14,20,0.28,40,0.56
Jack Aitchison,Exeter City,639,Attacking Midfielder,25,0,0,0.13,0.1,1.27,0,11,1,0,0.1,1.55,0,0.1,1.55,0,0,0,1.55,0.42,1.13,27,1.97,0,2.25,3.94,0.84,1.04,0,0,20.13,8.73,0,2.96,56.45,3.8,6.62,0.99,1.83,88,1.1,2.14,1.69,67,0.14,14,0.28,0,3.38,0.28,0.39,32.66,82,5.85,10.28,0.99,0.99,0,0.84,4.51,5.49,0.14,29,0.84,60,1.69
Daniel Kemp,Stevenage,621,Attacking Midfielder,26,0,0,0.17,0.08,2.17,0,27,5,0,0.03,0.72,0,0.03,0.72,0,0,0,0.43,0.14,0.29,33,2.17,0.14,1.3,3.62,0.72,0.61,0.14,0.07,23.61,11.3,0,3.48,53.38,3.62,5.94,1.01,1.74,64,0.81,1.43,1.88,43,0.58,28,1.59,0,2.61,0.17,0.3,19.84,79,6.87,6.08,0.58,0.43,0.14,0,4.93,5.36,0,25,0.14,10,0.58
James Wilson,Bristol Rovers,999,Centre Back,36,0.09,0.09,0.06,0.11,0.54,17,33,0,0,0.02,0.27,0,0.02,0.27,0,0,0,0.45,0.27,0.18,60,0.45,0,0.36,0.54,1.89,1.33,5.05,3.55,9.55,4.06,0.06,3.24,25.3,2.7,13.97,1.71,3.61,100,1.2,2.53,0.54,100,0,63,3.33,0.09,2.97,0.21,0.23,21.81,96,4.94,2.43,0.18,0.18,0,0,0.63,0.81,0,50,0.09,14,0.09
Lloyd Jones,Charlton Athletic,992,Centre Back,29,0.09,0.09,0.1,0.12,0.82,11,33,0,0,0,0.09,0,0,0.09,0,0,0,0,0,0,,1.18,0,0.27,0.18,1.45,0.96,7.53,7.19,9.8,4.17,0.1,4.26,25.79,2.27,12.88,1.27,2.72,100,1.13,2.09,0.54,100,0,72,8.07,0,2.54,0.34,0.38,26.21,99,5.26,2.9,0.45,0.45,0,0.18,2.54,2.99,0,0,0,0,0.27
Eoghan O'Connell,Wrexham,956,Centre Back,29,0,0,0,,0,,,0,0,0.01,0.38,0,0.01,0.38,0,0,0,0.09,0.09,0,100,1.04,0,0.09,0.28,2.07,1.53,6.03,4.42,10.83,5.08,0.07,4.42,24.9,1.32,13.18,1.51,3.58,76,1.09,2.62,0.66,64,0.47,80,4.9,0.09,2.73,0.44,0.45,25.33,99,4.86,2.92,0.56,0.47,0.09,0,0.28,0.75,0,33,0.19,67,0.09
Deji Oshilaja,Mansfield Town,883,Centre Back,32,0.1,0.1,0.08,0.16,0.51,20,60,0,0,0.06,0.1,0,0.06,0.1,0,0,0,0.2,0.1,0.1,50,1.12,0,0.1,0.41,1.43,0.95,5.3,3.66,7.95,3.98,0.11,4.08,24.77,1.53,13.05,1.12,2.55,85,0.83,1.78,0.92,71,0.2,74,3.98,0.1,2.34,0.41,0.45,39.04,99,5.02,2.65,0.1,0.1,0,0,1.33,1.43,0.1,0,0,,0.1
Ricardo Santos,Bolton Wanderers,882,Centre Back,29,0,0,0.08,0.13,0.61,0,17,0,0,0.01,0.31,0,0.01,0.31,0,0,0,0.31,0.2,0.1,67,0.82,0,0.1,0.2,1.43,1.54,5.1,6.01,9.59,5.1,0.1,2.76,23.22,1.43,9.29,1.22,2.65,75,1.74,3.28,1.33,50,0.41,80,4.08,0.1,2.04,0.45,0.46,35.82,99,4.93,2.45,0,0,0,0.1,1.74,1.74,0,,0,,0.1
Joy Mukena,Crawley Town,870,Centre Back,25,0,0,0,,0,,,0,0,0.02,0.1,0,0.02,0.1,0,0,0,0.1,0,0.1,0,0.72,0,0.31,0.31,1.34,1.86,5.17,7.6,11.89,5.59,0.09,5.48,24.36,1.65,14.89,0.93,2.28,90,1.4,3.26,1.03,100,0.1,52,2.79,0.21,2.17,0.36,0.38,50.47,99,4.16,2.59,0.21,0.21,0,0,0.1,0.31,0.21,0,0,,0
Ryan Sweeney,Burton Albion,797,Centre Back,28,0,0,0.08,0.12,0.68,0,0,0,0,0.01,0.11,0,0.01,0.11,0,0,0,0.11,0.11,0,100,1.36,0,0.11,0.23,0.56,0.75,6.67,8.7,10.73,4.29,0.11,5.76,22.43,1.02,11.41,1.47,2.03,81,1.91,2.66,0.56,25,0.34,67,7.23,0,1.13,0.24,0.32,39.66,99,5.31,1.36,0,0,0,0.23,2.26,2.26,0,,0,0,0.23
Tristan Crama,Exeter City,792,Centre Back,23,0.11,0.11,0.06,0.08,0.8,14,14,0,0,0,0,0,0,0,0,0,0,0.11,0,0.11,0,0.91,0,0.23,0.34,1.71,1.45,6.14,6.39,9.1,4.78,0.05,4.43,23.8,1.36,11.48,1.02,2.73,100,0.96,2.41,1.02,100,0,72,4.43,0,0.8,0.3,0.31,41.39,99,4.66,0.91,0,0,0,0,1.48,1.48,0,,0,0,0
Paudie O'Connor,Lincoln City,790,Centre Back,27,0.23,0.23,0.14,0.11,1.25,18,27,1,0.23,0.04,0.57,0.23,0.04,0.57,0,0,0,0,0,0,,1.94,0,0,0.11,0.91,0.53,7.74,4.33,9,4.21,0.09,3.53,23.82,1.82,11.73,1.48,2.39,93,0.63,1.16,0.91,86,0.11,78,8.31,0,1.71,0.22,0.3,17.43,99,4.76,2.39,0.23,0.23,0,0.91,4.56,4.78,0,0,0.11,33,0.91
Michał Helik,Huddersfield Town,604,Centre Back,29,0,0,0.05,0.11,0.45,0,33,0,0,0.03,0.3,0,0.03,0.3,0,0,0,0.15,0.15,0,100,0.6,0,0.3,0,1.04,1.1,5.07,5.46,8.05,3.28,0.06,4.32,30.83,2.09,15.06,0.89,1.94,75,0.89,1.99,0.75,75,0.3,68,4.03,0,2.24,0.56,0.65,41.76,99,4.42,2.68,0,0,0,0.45,1.34,1.34,0.15,,0,,0.45
George Dobson,Wrexham,982,Defensive Midfielder,27,0,0,0,0.02,0.09,0,0,0,0.18,0.04,0.64,0.18,0.04,0.64,0,0,0,0.55,0.46,0.09,83,0.28,0,0.64,0.92,1.28,0.59,1.74,1.18,25.58,15.96,0.04,5.5,35.53,4.86,11.65,3.12,4.4,64,1.65,2.24,1.93,40,1.74,44,1.74,0,3.03,0.49,0.5,28.06,94,3.69,5.41,0.92,0.92,0,0,0.28,1.19,0,20,0.18,67,0.18
Conor Coventry,Charlton Athletic,975,Defensive Midfielder,25,0,0,0.02,0.03,0.74,0,13,1,0,0.05,0.92,0,0.02,0.55,0,0.02,0.37,0.92,0.55,0.37,60,1.57,0,0.46,0.83,1.57,1.5,2.77,2.65,22.16,13.02,0.04,5.54,41.33,6.37,13.57,2.49,4.06,84,2.24,3.73,1.48,79,0.46,61,1.85,0,4.71,0.33,0.35,33.97,96,4.4,8.4,2.12,1.02,1.11,0,0.28,1.29,0.09,26,0.55,27,0.09
Ethan Erhahon,Lincoln City,895,Defensive Midfielder,24,0,0,0,,0,,,0,0,0.01,0.3,0,0.01,0.3,0,0,0,0.4,0.2,0.2,50,1.31,0,0.4,0.9,1.91,0.88,1.01,0.49,16.18,8.34,0.05,3.32,36.21,6.53,11.96,1.71,3.62,71,0.77,1.65,0.6,63,0.7,47,0.8,0,2.71,0.16,0.16,20.71,96,4.5,5.63,0.1,0.1,0,0,0,0.1,0,0,0,,0
Lewis Wing,Reading,885,Defensive Midfielder,29,0.1,0.1,0.06,0.04,1.53,7,13,1,0.2,0.19,2.24,0.1,0.1,1.02,0.1,0.09,1.22,0.51,0.51,0,100,0.92,0,0.61,0.31,0.71,0.75,2.64,2.86,13.83,7.22,0.03,3.66,37.18,5.49,11.7,1.42,2.14,54,1.62,2.37,1.02,33,1.22,59,1.02,0.1,4.98,0.42,0.48,41.39,98,4.75,9.97,2.75,1.02,1.73,0,0.41,1.42,0.61,7,0.2,15,0
Louis Reed,Mansfield Town,881,Defensive Midfielder,27,0,0,0.04,0.04,1.02,0,20,1,0,0.02,0.51,0,0.02,0.51,0,0,0,0.51,0.41,0.1,80,0.61,0,0.41,0.61,0.92,0.76,1.74,1.65,21.87,12.47,0.03,4.7,37.96,7.87,15.64,1.94,2.86,54,1.7,2.46,0.92,36,1.64,46,0.61,0,5.52,0.45,0.46,34.24,97,3.7,8.89,0.92,0.72,0.2,0,0.51,1.23,0.2,11,0.1,100,0.1
Matthew Craig,Barnsley,727,Defensive Midfielder,22,0,0,0,0.03,0.12,0,0,0,0,0.02,0.25,0,0.02,0.25,0,0,0,0.62,0.25,0.37,40,0.62,0,0.74,1.24,1.61,1.28,2.11,1.77,28.61,15.86,0.01,5.95,40.2,4.09,10.03,3.72,5.33,86,3.38,4.66,1.73,62,0.62,47,0.87,0,2.97,0.35,0.35,25.39,93,4.9,4.09,0,0,0,0,0,0,0,,0,,0.12
Josh Sheehan,Bolton Wanderers,664,Defensive Midfielder,30,0.14,0.14,0.04,0.04,0.95,14,43,1,0.41,0.13,0.95,0.14,0.04,0.27,0.27,0.09,0.68,0.68,0.14,0.54,20,2.44,0,1.08,0.95,0.95,0.81,1.49,1.32,14.22,7.99,0.03,4.74,36.45,3.66,6.64,2.03,2.98,83,2.06,2.87,0.81,71,0.41,46,0.81,0,3.12,0.4,0.4,31.56,94,5.22,7.04,2.17,0.81,1.35,0.14,0.95,1.76,0.14,13,0.54,40,0.41
Jonathan Hogg,Huddersfield Town,610,Defensive Midfielder,36,0,0,0.04,0.28,0.15,0,0,0,0,0.01,0.3,0,0.01,0.3,0,0,0,0.59,0.15,0.44,25,1.33,0,0.3,1.03,1.62,2.07,1.18,1.55,25.09,14.02,0.03,5.17,46.31,6.79,12.1,2.51,4.13,89,2.91,4.98,2.51,75,0.3,69,1.62,0,3.25,0.42,0.42,26.56,96,2.93,6.79,0.15,0.15,0,0,0.44,0.59,0,0,0,0,0.15
Charlie Kelman,Leyton Orient,989,Centre Forward,23,0.27,0.27,0.25,0.1,2.64,10,52,9,0.09,0.02,0.45,0.09,0.02,0.45,0,0,0,2.09,0.73,1.36,35,0.55,0,1.27,3.55,0,0,0.36,0.31,18.83,8.01,0.01,2.64,71.95,3.18,4.64,0.27,0.27,50,0.18,0.18,0.73,0,0.27,20,1.27,0,1.46,0.22,0.4,15.56,74,7.33,5,0.45,0.45,0,0.18,4.64,5.1,0,40,0.18,20,0.36
Sam Smith,Reading,860,Centre Forward,27,0.31,0.21,0.22,0.13,1.78,12,41,3,0,0.04,0.63,0,0.04,0.63,0,0,0,0.21,0.1,0.1,50,1.67,0.1,0.52,2.51,0.1,0.13,1.26,1.17,12.35,5.96,0.03,1.57,54.4,2.62,3.77,0.42,0.52,50,0.47,0.6,0.84,0,0.42,37,3.45,0,1.05,0.16,0.4,11.93,80,4.07,4.4,0.42,0.42,0,0.42,5.23,5.65,0.1,0,0.21,33,0.52
George Lloyd,Shrewsbury Town,856,Centre Forward,25,0.32,0.32,0.17,0.18,0.95,33,44,3,0.11,0.05,0.32,0.11,0.05,0.32,0,0,0,0.42,0.11,0.32,25,1.89,0,1.16,2.31,0.42,0.2,1.37,0.64,30.7,13.14,0.01,5.15,63.85,1.89,2.94,1.58,2,71,1.02,1.22,1.79,44,0.63,38,3.79,0,0.53,0.31,0.39,9.67,67,4.88,3.68,0.32,0.32,0,0.32,2.63,2.94,0.11,33,0.21,100,0.32
Ricky-Jade Jones,Peterborough United,757,Centre Forward,22,0.24,0.24,0.38,0.27,1.43,17,50,6,0,0.14,0.71,0,0.13,0.59,0,0.01,0.12,1.43,0.36,1.07,25,1.43,0.24,1.07,2.97,0.36,0.33,0.95,1.43,20.21,8.8,0.02,3.8,65.92,1.66,2.73,0.36,0.71,60,0.44,0.77,0.95,0,0.24,32,1.31,0,1.31,0.34,0.58,9.75,66,11.58,2.02,0.24,0.12,0.12,0.24,3.33,3.45,0,50,0.36,27,0.48
Sam Cosgrove,Barnsley,751,Centre Forward,28,0.12,0.12,0.23,0.1,2.28,5,21,5,0.12,0.09,0.84,0.12,0.09,0.84,0,0,0,0.24,0.24,0,100,1.8,0,1.2,2.64,0.24,0.24,1.32,1.06,16.06,6.47,0,2.28,65.81,2.64,3.48,0.12,0.36,25,0.11,0.35,3.24,25,0.36,63,9.59,0,0.6,0.39,0.46,11.02,74,2.66,5.03,0,0,0,0.84,7.79,7.79,0.12,,0.24,33,1.2
Promise Omochere,Bristol Rovers,749,Centre Forward,24,0.24,0.24,0.2,0.11,1.92,13,31,4,0.12,0.09,0.84,0.12,0.09,0.84,0,0,0,0.96,0.36,0.6,38,1.08,0,2.04,5.53,0.12,0.06,1.8,1.38,21.75,9.25,0.02,4.21,59.32,3.37,5.05,1.32,1.44,100,0.82,0.87,1.92,100,0,36,5.41,0,1.2,0.37,0.47,19.95,68,4.97,5.05,0.24,0.24,0,0.36,5.41,5.65,0,50,0.24,29,0.96
Kyle Wootton,Stockport County,748,Centre Forward,28,0.48,0.48,0.5,0.18,2.77,17,39,6,0.24,0.12,1.44,0.24,0.12,1.44,0,0,0,0.96,0.6,0.36,63,1.2,0,1.68,2.77,0.12,0.17,0.48,0.57,25.14,11.19,0.03,4.09,68.7,3.61,4.57,0.72,0.84,100,0.84,1.01,2.41,100,0,56,5.29,0,0.72,0.55,0.81,14.8,73,3.49,5.53,0.72,0.72,0,0.36,7.34,8.06,0.24,33,0.24,40,0.84
Daniel Agyei,Leyton Orient,742,Centre Forward,27,0.24,0.24,0.1,0.07,1.46,17,25,4,0.12,0.04,0.61,0.12,0.04,0.61,0,0,0,1.33,0.49,0.85,36,0.85,0,4.37,3.03,0.24,0.25,0.73,0.74,19.16,9.46,0,2.91,63.41,4.12,5.22,0.49,0.73,100,0.47,0.71,1.33,,0,29,1.46,0,1.58,0.17,0.26,20.13,66,7.47,5.09,0.24,0.24,0,0.49,4.12,4.37,0.12,0,0.49,33,0.73
Josh Magennis,Exeter City,710,Centre Forward,34,0,0,0.13,0.17,0.76,0,17,2,0.13,0.13,0.76,0.13,0.13,0.63,0,0.01,0.13,0.51,0.38,0.13,75,1.65,0,0.76,2.28,0,0,0.76,0.74,13.05,4.31,0.02,1.77,60.38,1.52,2.66,0.63,0.63,100,0.53,0.53,2.03,,0,51,2.66,0,1.01,0.35,0.56,14.57,81,5.31,3.8,0,0,0,0.25,3.17,3.17,0,,0.13,11,0.76
Danilo Orsi-Dadamo,Burton Albion,707,Centre Forward,29,0.38,0.38,0.2,0.22,0.89,43,57,3,0.25,0.06,0.64,0.25,0.06,0.64,0,0,0,0,0,0,,0.89,0,0.76,1.27,0.13,0.19,0.89,1.1,21.52,9.68,0,2.67,58.6,2.42,3.44,0.64,0.76,63,0.84,1.03,1.66,25,0.38,10,0.38,0,1.53,0.23,0.34,12.23,84,3.5,5.09,0.38,0.38,0,0.38,2.67,3.06,0.13,0,0.13,33,0.25
Jed Steer,Peterborough United,1097,Goalkeeper,32,0,0,0,,0,,,0,0,0.01,0.08,0,0.01,0.08,0,0,0,0,0,0,,0.33,0,0,0.08,0,0,0,0,0,0,0,7.47,2.78,0,5.09,0,0,0,0,0,0,0,0.08,,0,0,0.16,0.24,0.24,22.48,100,3.9,0.16,0,0,0,0,0,0,0,,0,,0
Toby Savin,Shrewsbury Town,1081,Goalkeeper,24,0,0,0,,0,,,0,0,0,0,0,0,0,0,0,0,0,0,0,,0,0,0,0,0,0,0,0,0.08,0,0,7.57,2.44,0,3.58,0,0,0,0,0,0,0,0.08,,0,0,1.75,0.09,0.09,11.15,100,7.2,0.83,0,0,0,0,0,0,0,,0,,0
Joshua Griffiths,Bristol Rovers,999,Goalkeeper,23,0,0,0,,0,,,0,0,0,0.09,0,0,0,0,0,0.09,0,0,0,,0.27,0,0,0,0,0,0,0,0.27,0.18,0,7.39,3.39,0,4.69,0,0,0,0,0,0.09,0,0.09,,0,0.09,3.15,0.18,0.18,16.76,100,5.45,1.44,0.09,0,0.09,0,0,0,0,0,0,,0
Zachary Hemming,Leyton Orient,994,Goalkeeper,25,0,0,0,,0,,,0,0,0,0,0,0,0,0,0,0,0.09,0,0.09,0,0.18,0,0,0.09,0,0,0,0,0.45,0.09,0,5.34,2.43,0.09,4.25,0,0,0,0,0,0.18,0,0.09,,0,0.18,1.27,0.1,0.1,16.11,99,6.85,0.81,0,0,0,0,0,0,0,,0,,0
William Mannion,Charlton Athletic,992,Goalkeeper,27,0,0,0,,0,,,0,0,0,0,0,0,0,0,0,0,0,0,0,,0.09,0,0,0.09,0,0,0.09,0.07,0.09,0,0,5.81,2.5,0,3.72,0.09,0.09,100,0.13,0.13,0,,0,,0,0,1.54,0.07,0.07,13.42,99,5.12,0.36,0.09,0.09,0,0,0,0.09,0,0,0,,0
Arthur Okonkwo,Wrexham,982,Goalkeeper,23,0,0,0,,0,,,0,0,0,0,0,0,0,0,0,0,0.09,0.09,0,100,0.09,0,0,0,0,0,0,0,0.09,0.09,0,6.51,2.56,0,4.13,0,0,0,0,0,0,0,0.09,,0,0,1.38,0.08,0.08,12.75,100,5.9,0.83,0,0,0,0,0,0,0,,0,,0
Sam Tickle,Wigan Athletic,972,Goalkeeper,23,0,0,0,,0,,,0,0,0,0,0,0,0,0,0,0,0.09,0.09,0,100,0.19,0,0,0,0,0,0,0,0.09,0,0,5.19,1.83,0.09,3.06,0,0,,0,0,0,,0,,0,0,1.11,0.06,0.06,16.3,100,4.41,0.56,0,0,0,0,0,0,0,,0,,0
Joseph Whitworth,Exeter City,893,Goalkeeper,21,0,0,0,,0,,,0,0,0,0,0,0,0,0,0,0,0,0,0,,0.4,0,0,0,0,0,0,0,0.2,0,0,8.06,1.81,0,3.22,0,0,,0,0,0.1,,0,,0,0,0.91,0.25,0.25,28.32,100,4.55,0.6,0,0,0,0,0,0,0.1,,0,,0
Corey Addai,Stockport County,893,Goalkeeper,27,0,0,0,,0,,,0,0,0,0,0,0,0,0,0,0,0.1,0.1,0,100,0,0,0,0,0,0,0.1,0.16,0,0,0,4.54,2.72,0,4.64,0,0,,0,0,0,,0,100,0.1,0.1,3.02,0.17,0.17,26.72,100,4.66,2.02,0.1,0.1,0,0,0,0.1,0,0,0,,0
Vicente Phillip Reyes Núñez,Cambridge United,892,Goalkeeper,21,0,0,0,,0,,,0,0,0,0.1,0,0,0.1,0,0,0,0,0,0,,0,0,0,0,0,0,0,0,0,0,0,7.47,1.94,0,5.45,0,0,,0,0,0,,0,,0,0,1.31,0.12,0.12,30.48,100,4.81,0.81,0.1,0.1,0,0,0,0.1,0,0,0,,0
Murphy Joseph Mahoney Cooper,Stevenage,888,Goalkeeper,23,0,0,0,,0,,,0,0,0,0,0,0,0,0,0,0,0.1,0.1,0,100,0.2,0,0,0,0,0,0,0,0.1,0,0,4.16,2.32,0,3.55,0,0,,0,0,0,100,0,,0,0,2.64,0.07,0.07,15.31,100,8.09,1.22,0,0,0,0,0,0,0,,0,,0
Gabriel Slonina,Barnsley,886,Goalkeeper,21,0,0,0,,0,,,0,0,0,0,0,0,0,0,0,0,0,0,0,,0,0,0,0,0,0,0,0,0.1,0,0,6.91,2.93,0,5.39,0,0,,0,0,0,100,0,,0,0.2,2.24,0.11,0.11,20.12,100,5.63,0.71,0.2,0,0.2,0,0,0,0,0,0,,0
Christy Pym,Mansfield Town,883,Goalkeeper,30,0,0,0,,0,,,0,0,0,0,0,0,0,0,0,0,0,0,0,,0.2,0,0,0,0,0,0,0,0,0,0,8.05,1.89,0,4.59,0,0,,0,0,0,,0,,0,0.1,0.92,0.2,0.2,20.18,100,5.7,0.51,0,0,0,0,0,0,0,,0,,0
Jojo Wollacott,Crawley Town,881,Goalkeeper,28,0,0,0,,0,,,0,0,0,0,0,0,0,0,0,0,0,0,0,,0.41,0,0,0,0,0,0,0,0.2,0,0,6.44,2.53,0,4.19,0,0,,0,0,0,100,0,,0,0.31,1.33,0.19,0.19,31.89,100,6.26,1.12,0,0,0,0,0,0,0,,0,,0
Lee Burge,Northampton Town,866,Goalkeeper,32,0,0,0,,0,,,0,0,0,0,0,0,0,0,0,0,0,0,0,,0,0,0,0,0,0,0,0,0,0,0,8.52,1.99,0,5.09,0,0,,0,0,0,,0,,0,0.1,1.77,0.09,0.09,17.77,100,6.42,0.62,0,0,0,0,0,0,0,,0,,0
Max Crocombe,Burton Albion,797,Goalkeeper,31,0,0,0,,0,,,0,0,0,0,0,0,0,0,0,0,0,0,0,,0.11,0,0,0,0,0,0.23,0.22,0.11,0.11,0,8.02,2.86,0,4.97,0,0,,0,0,0,100,0,,0,0.11,1.36,0.21,0.21,34.33,100,4.52,1.24,0.11,0,0.11,0,0,0,0.23,0,0,,0
Nathan Baxter,Bolton Wanderers,782,Goalkeeper,26,0,0,0,,0,,,0,0,0,0,0,0,0,0,0,0,0,0,0,,0,0,0,0,0,0,0,0,0,0,0,5.41,2.19,0,4.26,0,0,,0,0,0,,0,,0,0.12,0.92,0.19,0.19,23.14,100,5.54,0.69,0,0,0,0,0,0,0,,0,,0
George Alexander Wickens,Lincoln City,773,Goalkeeper,23,0,0,0,,0,,,0,0,0,0,0,0,0,0,0,0,0.23,0.23,0,100,0.23,0,0,0.12,0,0,0,0,0,0,0,4.66,3.01,0,3.49,0,0,0,0,0,0,0,0.12,,0,0,1.86,0.07,0.07,11.76,100,7.5,0.7,0,0,0,0,0,0,0,,0,,0
Bailey Peacock-Farrell,Birmingham City,693,Goalkeeper,28,0,0,0,,0,,,0,0,0,0,0,0,0,0,0,0,0.39,0.39,0,100,0.39,0,0,0.13,0,0,0,0,0.13,0,0,4.29,2.64,0,6.5,0,0,,0,0,0,,0,,0,0.26,0.91,0.23,0.23,32.88,100,5.24,0.65,0,0,0,0,0,0,0,,0,,0
Franco Nahuel Ravizzoli,Wycombe Wanderers,688,Goalkeeper,27,0,0,0,,0,,,0,0,0,0,0,0,0,0,0,0,0,0,0,,0.13,0,0,0.13,0,0,0,0,0.26,0.26,0,6.15,2.53,0,4.06,0,0,0,0,0,0,0,0.13,,0,0,1.57,0.36,0.36,25.9,99,5.52,1.05,0.13,0.13,0,0,0,0.13,0,0,0,,0
Lee Nicholls,Huddersfield Town,687,Goalkeeper,32,0,0,0,,0,,,0,0,0,0,0,0,0,0,0,0,0.13,0.13,0,100,0.39,0,0,0,0,0,0,0,0,0,0,4.06,2.2,0,6.81,0,0,,0,0,0,,0,,0,0,0.79,0.22,0.22,21.86,100,6.45,0.26,0.13,0.13,0,0,0,0.13,0,0,0,,0
Dillon Phillips,Rotherham United,677,Goalkeeper,29,0,0,0,,0,,,0,0,0.01,0.13,0,0,0,0,0.01,0.13,0,0,0,,0.13,0,0,0,0,0,0,0,0.13,0,0,7.18,2.27,0,4.12,0,0,,0,0,0,,0,,0,0,6.25,0.14,0.14,17.94,100,6.93,2.79,0.66,0.13,0.53,0,0,0.13,0,0,0,,0
Harry Tyrer,Blackpool,601,Goalkeeper,23,0,0,0,,0,,,0,0,0,0,0,0,0,0,0,0,0,0,0,,0.3,0,0,0,0,0,0,0,0.15,0.15,0,4.49,2.4,0,4.79,0,0,,0,0,0,,0,,0,0,1.2,0.18,0.18,25.92,100,5.01,0.45,0.15,0,0.15,0,0,0,0,0,0,,0
Ronan Darcy,Crawley Town,913,Attacking Midfielder,24,0,0,0.1,0.04,2.66,0,33,2,0.2,0.05,0.59,0.2,0.05,0.59,0,0,0,2.17,1.08,1.08,50,0.2,0,1.58,3.35,0.1,0.11,0.3,0.43,15.68,8.68,0.01,2.56,52.54,4.54,6.51,0.69,0.79,54,0.98,1.08,0.89,25,0.59,0,0,0,7.5,0.3,0.36,44.97,90,6.43,16.37,1.08,0.79,0.3,0.3,3.16,3.94,0.1,0,0.1,14,0.39
Mal Benning,Shrewsbury Town,1014,Fullback,31,0,0,0.03,0.04,0.62,0,43,1,0.27,0.15,1.86,0.27,0.08,0.98,0,0.08,0.89,0.71,0.18,0.53,25,1.07,0,0.53,1.33,1.42,0.85,3.64,2.41,16.96,7.81,0.04,3.91,33.83,5.42,9.94,2.22,3.64,71,1.42,2.27,0.98,65,0.89,55,2.4,0,4.53,0.28,0.32,23.88,92,5.09,8.88,2.13,0.89,1.24,0.18,0.89,1.78,0,25,0.71,35,0.18
Luke Chambers,Wigan Athletic,924,Fullback,20,0.1,0.1,0,0.02,0.19,50,50,0,0.1,0.17,1.85,0.1,0.09,1.17,0,0.08,0.68,0.78,0.39,0.39,50,1.17,0,0.97,1.17,0.78,0.41,2.63,2.1,18.03,8.19,0,4.97,34.22,1.75,6.92,1.27,2.05,54,0.87,1.28,1.17,33,1.07,38,1.27,0.1,4.39,0.16,0.22,39.66,95,3.9,8.19,1.56,0.68,0.88,0.39,1.36,2.05,0,38,1.17,55,0.49
Jack Sparkes,Peterborough United,908,Fullback,25,0,0,0.04,0.07,0.5,0,20,0,0.2,0.21,1.49,0.1,0.13,0.99,0.1,0.08,0.5,0.79,0.3,0.5,38,1.19,0,0.89,0.89,1.39,1.7,2.38,3.03,10.21,4.46,0.04,2.68,31.4,2.77,9.02,1.19,2.58,75,1.63,3.32,0.79,56,0.4,53,1.78,0,5.45,0.28,0.35,39.24,96,3.82,9.51,1.59,0.79,0.79,0,0.3,1.09,0.2,50,0.79,36,0
Alex Cochrane,Birmingham City,888,Fullback,25,0,0,0.01,0.04,0.3,0,0,0,0.1,0.07,0.81,0.1,0.04,0.71,0,0.02,0.1,0.2,0.2,0,100,1.42,0,0.61,0.2,0.91,1.58,1.52,2.61,10.64,5.07,0.03,3.95,36.48,3.04,9.22,0.81,1.72,62,1.34,2.92,0.71,44,0.51,41,1.11,0,7.5,0.52,0.56,55.51,99,3.97,10.64,1.11,0.71,0.41,0,0.61,1.32,0.1,27,0.41,22,0.2
Daniel Harvie,Wycombe Wanderers,882,Fullback,26,0.1,0.1,0.02,0.04,0.61,17,17,1,0,0.15,1.43,0,0.06,0.71,0,0.09,0.71,1.02,0.82,0.2,80,1.63,0,0.71,0.92,1.02,1.1,2.75,3.23,13.98,6.02,0.05,3.06,30.12,2.75,9.18,2.24,3.26,88,2.26,3.36,1.02,75,0.31,56,1.84,0,3.57,0.39,0.43,31.02,95,5.36,8.77,2.04,0.82,1.22,0.41,1.73,2.55,0.1,25,0.71,37,0.51
Reece James,Rotherham United,870,Fullback,31,0,0,0,0.04,0.1,0,0,0,0,0.1,1.45,0,0.09,1.34,0,0.01,0.1,0.21,0.1,0.1,50,0.52,0,0.62,0.41,1.96,1.62,2.07,1.44,15.2,7.34,0.05,3.21,35.11,4.45,11.48,1.76,3.72,77,1.41,3.03,0.31,67,0.52,60,2.17,0,6.52,0.28,0.32,27.3,97,5.01,9.62,1.55,1.24,0.31,0,0.72,1.96,0,53,0.83,23,0.1
Dan Butler,Stevenage,748,Fullback,30,0,0,0.01,0.02,0.36,0,67,0,0,0,0.12,0,0,0.12,0,0,0,0.6,0.48,0.12,80,0.12,0,0.24,0.36,1.32,0.83,2.53,1.5,9.51,4.94,0.05,2.77,30.65,4.09,10.11,1.57,2.89,76,1.17,2,1.08,67,0.48,81,2.65,0,4.58,0.09,0.1,27.81,98,4.06,6.74,0.72,0.72,0,0,0.36,1.08,0.12,33,0.48,31,0.12
Ibou Touray,Stockport County,738,Fullback,30,0,0,0,,0,,,0,0.12,0.09,1.22,0.12,0.09,1.1,0,0,0.12,0.85,0.61,0.24,71,1.22,0,0.24,2.07,1.1,1.12,2.32,2.5,12.07,6.1,0.07,2.93,35.08,2.56,9.27,1.46,2.56,86,1.69,2.81,0.49,60,0.24,61,2.44,0,4.27,0.29,0.32,35.25,93,3.79,10.98,1.46,0.98,0.49,0,0.24,1.22,0,58,1.1,41,0.12
Jamie McCart,Rotherham United,1044,Centre Back,27,0,0,0.07,0.07,1.03,0,50,0,0,0.01,0.17,0,0.01,0.17,0,0,0,0.09,0.09,0,100,0.34,0.09,0,0.34,1.29,1.02,6.12,5.81,11.81,6.21,0.08,2.85,27.86,1.81,14.57,1.9,3.19,81,1.49,2.51,1.21,60,0.43,79,7.07,0,2.67,0.23,0.26,18.02,100,3.86,2.93,0.26,0.26,0,0.09,2.59,2.85,0.09,0,0,0,0.09
Clinton Mola,Bristol Rovers,999,Centre Back,24,0.09,0.09,0.02,0.06,0.36,25,50,0,0,0.04,0.45,0,0.04,0.45,0,0,0,1.08,0.54,0.54,50,1.08,0,1.26,1.08,1.89,1.33,4.6,3.16,17.66,9.1,0.01,4.96,29.63,3.15,14.15,3.33,5.23,82,2.47,3.8,1.17,71,0.72,60,4.24,0.18,4.33,0.24,0.29,27.31,91,6.88,5.59,0.63,0.63,0,0,0.72,1.35,0,57,0.45,56,0.18
Carl Piergianni,Stevenage,983,Centre Back,33,0.09,0.09,0.06,0.05,1.37,7,20,0,0,0.04,0.18,0,0.04,0.18,0,0,0,0.18,0.09,0.09,50,0.64,0,0.09,0.18,1.37,0.98,5.77,4.08,7.87,4.39,0.06,3.94,24.13,2.01,13.82,0.73,2.1,67,0.59,1.57,0.82,50,0.37,76,7.96,0,2.84,0.16,0.28,17.66,98,3.34,4.03,0.46,0.46,0,0.46,3.94,4.39,0,0,0,0,0.46
Josh Earl,Barnsley,982,Centre Back,26,0,0,0.03,0.08,0.37,0,50,1,0,0.03,0.73,0,0.03,0.73,0,0,0,0.64,0.27,0.37,43,0.73,0,0.27,1.37,1.28,1.19,2.75,2.58,15.3,7.15,0.06,4.4,30.31,2.11,9.44,2.38,3.66,90,1.84,3.03,1.47,70,0.27,67,3.21,0,5.68,0.39,0.4,28.4,96,5.06,7.7,1.28,1.1,0.18,0.37,2.29,3.39,0.09,21,0.46,71,0.55
Thomas O'Connor,Wrexham,952,Centre Back,26,0,0,0.01,0.04,0.28,0,0,0,0.09,0.03,0.38,0,0.01,0.19,0.09,0.02,0.19,0.09,0.09,0,100,0.66,0,0.47,0.09,0.66,0.33,3.97,3.08,11.16,6.24,0.02,2.93,29.36,1.61,10.97,1.51,2.17,70,0.88,1.21,0.57,57,0.66,71,3.21,0,4.73,0.48,0.5,31.1,98,4.81,5.48,0.57,0.28,0.28,0.09,0.38,0.66,0,0,0,0,0
Will Aimson,Wigan Athletic,948,Centre Back,30,0,0,0.04,0.11,0.38,0,50,0,0,0,0.09,0,0,0.09,0,0,0,0.28,0.19,0.09,67,0.76,0,0.09,0.28,1.42,1.25,4.94,4.4,13.39,7.22,0.05,4.94,28.55,1.61,11.49,2.66,4.08,90,1.76,3.01,1.33,71,0.28,67,3.7,0,3.13,0.25,0.26,48.99,99,5.05,3.32,0.19,0.09,0.09,0.19,1.23,1.33,0.28,0,0.09,100,0.09
Josh Hughson Flint,Crawley Town,939,Centre Back,24,0,0,0.05,0.05,0.96,0,20,0,0.1,0.03,0.67,0.1,0.03,0.58,0,0.01,0.1,0.48,0.38,0.1,80,0.58,0,0.38,0.58,1.44,2.01,4.6,6.38,15.91,6.23,0.03,5.56,30.28,2.59,10.06,2.3,3.74,80,3.37,5.39,1.15,63,0.58,63,3.35,0,5.85,0.4,0.41,52.04,98,4.27,7.28,1.15,0.58,0.58,0.1,1.34,1.92,0.1,25,0.29,20,0.1
Oscar Wallin,Peterborough United,906,Centre Back,23,0,0,0.01,0.07,0.2,0,0,0,0,0.01,0.2,0,0.01,0.2,0,0,0,0.89,0.5,0.4,56,0.79,0,0.7,1.09,2.09,2.1,3.18,3.91,15.4,8.64,0.07,4.67,25.17,1.29,10.43,2.78,4.87,85,3.33,5.42,1.69,62,0.5,52,1.59,0,2.78,0.58,0.61,50.97,97,5.99,2.78,0,0,0,0.1,0.6,0.6,0,,0,,0.1
Marc Roberts,Barnsley,900,Centre Back,34,0.2,0.2,0.08,0.13,0.6,33,67,0,0,0,0.1,0,0,0,0,0,0.1,0.1,0.1,0,100,0.5,0,0.5,0.3,1.3,1.01,5.8,5.69,12.2,6.2,0.1,5.8,26.89,1.8,13.4,1.5,2.8,71,1.45,2.46,0.9,50,0.6,69,6.5,0.1,1.2,0.32,0.33,23,97,4.37,1.7,0.7,0.3,0.4,0.2,1.6,1.9,0,14,0.1,10,0.1
Seán Roughan,Lincoln City,895,Centre Back,22,0.1,0.1,0.03,0.05,0.5,20,60,0,0.2,0.08,1.21,0.2,0.06,0.8,0,0.01,0.4,0.2,0.1,0.1,50,0.6,0,0.1,0.2,1.61,0.8,3.52,1.79,9.65,5.33,0.05,2.91,29.56,2.51,9.25,0.6,2.21,60,0.16,0.95,0.7,43,0.4,59,1.31,0,5.63,0.21,0.26,22.82,98,5.12,5.93,2.41,1.61,0.8,0,0.2,1.81,0,25,0.7,23,0
Jon Guthrie,Northampton Town,894,Centre Back,32,0.1,0.1,0.02,0.08,0.3,33,67,0,0.2,0.12,0.5,0.2,0.12,0.5,0,0,0,0,0,0,,0.8,0,0.1,0,1.41,1.18,5.74,4.54,9.86,4.83,0.03,3.62,26.41,1.81,12.48,1.61,3.02,84,1.85,3.04,0.4,71,0.3,79,5.74,0,1.41,0.27,0.29,18.82,99,3.84,1.61,0,0,0,0.2,1.31,1.31,0,,0.1,100,0.2
Ethan Pye,Stockport County,893,Centre Back,22,0.1,0.1,0.03,0.09,0.3,33,33,0,0.1,0.05,0.3,0.1,0.05,0.3,0,0,0,0.2,0.2,0,100,1.41,0,0.2,0.3,0.91,1.09,4.03,4.88,13.91,6.65,0.07,4.94,27.99,2.62,15.63,2.02,2.92,83,2.11,3.19,0.71,85,0.4,78,5.44,0,3.83,0.41,0.43,42.75,99,5.35,5.24,0.5,0.3,0.2,0.1,1.01,1.31,0.1,40,0.2,67,0.1
Johnly Yfeko,Exeter City,887,Centre Back,21,0,0,0.01,0.03,0.2,0,0,0,0.1,0.08,0.41,0.1,0.08,0.41,0,0,0,0.71,0.41,0.3,57,0.41,0,1.22,0.71,1.22,1.32,3.35,3.52,16.75,7.61,0.07,3.45,30.85,1.73,7,1.83,3.05,72,1.93,3.24,1.83,54,0.71,60,2.13,0,3.35,0.32,0.34,33.8,94,4.29,3.55,0.81,0.71,0.1,0,0.2,0.91,0.2,25,0.2,67,0
Tyler Bindon,Reading,861,Centre Back,20,0,0,0.05,0.07,0.73,0,14,0,0,0.01,0.1,0,0.01,0.1,0,0,0,0.42,0.21,0.21,50,0.52,0,0.1,0.52,1.15,0.98,4.6,4.99,6.59,3.14,0.05,2.93,23.78,1.57,10.56,1.05,2.2,63,1.26,2.24,0.84,40,0.63,74,3.87,0,1.36,0.37,0.38,32.31,98,5.97,1.46,0,0,0,0.1,2.09,2.09,0,,0,,0.1
Macauley Gillesphey,Charlton Athletic,817,Centre Back,29,0,0,0,,0,,,0,0,0.05,0.55,0,0.04,0.44,0,0.01,0.11,0.11,0,0.11,0,0.22,0,0.33,0.77,1.1,0.77,4.63,4.18,13,7.82,0.04,4.52,29.52,4.19,14.54,1.98,3.08,67,1.79,2.56,0.88,47,0.99,71,4.52,0,4.74,0.26,0.28,28.09,96,3.06,6.06,1.32,0.55,0.77,0.11,0.44,0.99,0,17,0.22,25,0.11
Oliver Casey,Blackpool,794,Centre Back,24,0,0,0.05,0.1,0.45,0,50,0,0,0.02,0.45,0,0.02,0.45,0,0,0,0,0,0,,0.57,0,0.11,0.11,1.81,1.75,4.3,4.77,11.33,4.98,0.03,4.19,26.25,1.13,10.2,2.38,4.19,100,2.49,4.24,0.57,100,0,70,5.21,0,0.34,0.38,0.4,31.95,99,3.23,0.79,0.11,0.11,0,0.34,1.59,1.7,0,0,0,,0.34
Danny Andrew,Cambridge United,792,Centre Back,34,0.11,0.11,0.03,0.03,0.91,13,38,0,0.11,0.09,1.14,0.11,0.06,0.45,0,0.03,0.68,1.25,0.57,0.68,45,0.23,0,0.45,1.25,1.59,1.15,2.39,2.07,12.73,7.27,0.03,2.5,27.87,1.82,11.02,2.05,3.64,82,1.83,2.98,1.36,60,0.45,64,2.61,0,3.98,0.28,0.33,32.73,95,4.56,5.57,2.39,0.68,1.7,0,0.45,1.14,0.11,24,0.57,24,0
James Husband,Blackpool,744,Centre Back,31,0.36,0.36,0.11,0.24,0.48,75,75,0,0,0.03,0.48,0,0.02,0.36,0,0,0.12,0.24,0.24,0,100,0.6,0,0.36,0.12,1.69,1.89,3.99,4.84,9.31,4.23,0.04,3.87,31.44,2.9,10.77,1.81,3.51,88,1.99,3.88,0.48,75,0.24,45,2.3,0,5.2,0.44,0.51,33.87,99,4.78,7.74,0.73,0.6,0.12,0.24,1.94,2.54,0,33,0.24,15,0.48
Krystian Bielik,Birmingham City,731,Centre Back,27,0.12,0.12,0.07,0.13,0.49,25,25,0,0,0,0.12,0,0,0.12,0,0,0,0.12,0.12,0,100,1.35,0,0.74,0.49,2.22,3.66,3.82,6.58,8.98,4.8,0.12,4.8,27.75,3.94,20.06,1.11,3.32,90,1.94,5.6,1.23,67,0.12,75,7.14,0,5.17,0.83,0.88,69.54,98,6.36,6.15,0.12,0.12,0,0.12,1.6,1.72,0,0,0,0,0.25
George Johnston,Bolton Wanderers,679,Centre Back,26,0,0,0.05,0.06,0.8,0,0,0,0,0.02,0.53,0,0.02,0.53,0,0,0,0.13,0,0.13,0,1.19,0,0.13,0.66,0.93,0.8,5.43,7.18,9.54,4.11,0.08,3.98,27.79,3.45,12.19,1.33,2.25,83,1.66,2.46,0.4,67,0.27,57,4.9,0,5.96,0.36,0.38,37.77,99,4.64,9.68,0.8,0.66,0.13,0.13,1.59,2.25,0,0,0,0,0.13
Daniel Happe,Leyton Orient,624,Centre Back,26,0,0,0.07,0.07,1.01,0,14,1,0.14,0.06,0.29,0.14,0.06,0.29,0,0,0,0,0,0,,0.43,0,0.14,0.14,1.3,1.4,4.04,2.59,8.95,4.62,0.06,2.16,31.11,3.61,14.86,0.58,1.88,50,0.33,1.72,0.72,80,0.58,76,6.78,0.14,2.74,0.22,0.22,20.06,99,3.8,3.17,0,0,0,0.14,3.03,3.03,0.14,,0,,0.14
Brodie Spencer,Huddersfield Town,618,Centre Back,21,0,0,0.04,0.07,0.58,0,25,0,0,0.04,0.58,0,0.04,0.44,0,0.01,0.15,0.44,0.15,0.29,33,1.02,0,0.15,0.87,3.06,3.6,3.35,3.06,21.27,8.31,0.08,6.12,39.3,2.77,9.33,3.79,6.85,81,3.89,7.5,1.6,58,0.87,58,2.62,0,4.52,0.37,0.42,37.89,98,6.3,8.01,0.73,0.44,0.29,0,1.31,1.75,0,60,0.44,25,0
Jonson Clarke-Harris,Rotherham United,771,Centre Forward,30,0.47,0.23,0.24,0.1,2.34,10,35,4,0.12,0.04,0.7,0.12,0.04,0.7,0,0,0,0.58,0.35,0.23,60,1.4,0,0.7,3.04,0.47,0.19,0.93,0.87,17.87,8.06,0,2.69,61.83,2.92,3.74,0.82,1.28,78,0.7,0.89,1.52,33,0.23,45,7.01,0,1.87,0.29,0.48,10.39,74,4.12,5.14,0.47,0.47,0,0.23,5.61,6.07,0,0,0,0,0.35
Will Evans,Mansfield Town,729,Centre Forward,27,0.49,0.49,0.35,0.15,2.34,21,47,5,0,0.02,0.37,0,0.02,0.37,0,0,0,1.6,0.99,0.62,62,0.99,0,2.47,2.47,0.49,0.27,0.74,0.59,27.52,13.45,0.03,4.57,59.94,2.34,3.46,1.6,2.1,72,1.3,1.57,1.73,0,0.62,21,1.23,0,0.86,0.49,0.69,19.62,78,4.64,5.43,0.62,0.62,0,0.37,6.54,7.16,0.12,20,0.12,11,0.74
Tyreece Campbell,Charlton Athletic,703,Centre Forward,21,0,0,0.04,0.06,0.64,0,20,2,0,0.12,1.02,0,0.12,1.02,0,0,0,1.41,0.77,0.64,55,1.66,0,2.81,3.84,0.38,0.35,0.51,0.44,24.56,11.13,0,3.71,62.36,6.01,7.16,0.26,0.64,50,0.32,0.67,1.41,50,0.26,13,0.51,0,1.92,0.23,0.39,24.43,76,7.7,8.06,0.51,0.51,0,0.38,2.94,3.45,0.13,50,0.64,19,0.64
Ollie Palmer,Wrexham,658,Centre Forward,33,0.27,0.27,0.13,0.1,1.23,22,33,3,0.14,0.03,0.55,0.14,0.03,0.55,0,0,0,0.96,0.41,0.55,43,1.64,0,1.64,2.05,0.68,0.26,1.64,0.96,21.73,11.76,0,3.55,57.98,2.6,4.37,1.09,1.78,73,0.96,1.22,2.46,25,0.41,52,7.79,0,1.64,0.27,0.33,13.81,78,4.31,4.65,0,0,0,0.14,3.28,3.28,0.14,,0,0,0.82
Millenic Alli,Exeter City,605,Centre Forward,25,0.15,0.15,0.23,0.09,2.53,6,24,6,0,0.1,0.74,0,0.1,0.74,0,0,0,2.68,0.89,1.78,33,1.19,0,3.57,6.54,0.45,0.57,0.45,0.47,23.64,11,0.01,3.12,59.21,4.46,6.24,1.04,1.49,78,1.01,1.58,3.42,50,0.3,29,1.49,0,0.89,0.13,0.44,24.68,63,8.54,5.65,0.59,0.59,0,1.04,6.09,6.69,0,25,0.59,36,1.34
Joe Powell,Rotherham United,933,Centre Midfielder,26,0,0,0.03,0.03,0.87,0,22,1,0.29,0.31,2.6,0.29,0.15,0.87,0,0.16,1.74,2.12,0.68,1.45,32,1.93,0,1.74,2.41,1.45,1.25,1.64,1.26,20.54,11.48,0.03,4.44,46.47,7.91,12.25,1.64,3.09,81,1.34,2.59,0.39,67,0.39,59,1.93,0,4.44,0.32,0.47,27.1,85,6.12,8.1,3.57,1.06,2.51,0.1,0.39,1.45,0.19,24,0.87,31,0.19
Elliott Lee,Wrexham,901,Centre Midfielder,30,0.4,0.4,0.22,0.11,2.1,19,43,3,0.1,0.05,0.9,0.1,0.03,0.7,0,0.02,0.2,1.6,1,0.6,63,1.8,0,1.6,2.1,0.8,0.8,0.7,0.57,23.58,14.29,0.02,5.5,45.95,4.7,8.39,1.9,2.7,70,1.26,2.06,1,45,0.8,44,1.1,0.1,4.5,0.68,0.73,32.48,91,4.98,11.99,1.1,0.7,0.4,0,2.3,3,0.2,9,0.4,57,0.3
Cameron McGeehan,Northampton Town,894,Centre Midfielder,30,0.3,0.3,0.19,0.19,1.01,30,50,1,0,0.01,0.4,0,0.01,0.4,0,0,0,0.8,0.2,0.6,25,0.5,0,0.6,3.02,0.3,0.3,1.21,1.03,21.83,10.87,0.02,3.62,47.94,5.23,8.65,1.31,1.61,68,0.91,1.21,2.11,45,0.6,45,3.32,0.1,3.62,0.25,0.37,21.33,85,4.01,7.75,0.6,0.6,0,0.4,2.92,3.52,0,33,0.2,40,0.3
Ben Wiles,Huddersfield Town,881,Centre Midfielder,26,0.41,0.41,0.12,0.07,1.84,22,33,2,0.1,0.06,0.92,0.1,0.05,0.82,0,0.01,0.1,0.82,0.31,0.51,38,1.02,0,1.12,2.04,0.2,0.25,0.72,0.8,13.9,6.13,0.01,3.37,54.24,3.17,5.52,0.72,0.92,47,0.79,1.04,0.31,36,0.82,59,1.33,0,3.68,0.37,0.48,24.63,88,4.4,9.81,1.02,0.72,0.31,0.41,2.96,3.68,0,30,0.61,38,0.72
Tom Bayliss,Lincoln City,617,Centre Midfielder,26,0,0,0.05,0.04,1.17,0,38,2,0.44,0.18,1.02,0.15,0.14,0.58,0.29,0.04,0.44,1.02,0.44,0.58,43,0.88,0,0.73,1.6,0.58,0.13,0.88,0.51,22.46,12.4,0.02,4.38,46.7,4.96,8.17,1.46,2.04,71,0.89,1.02,1.46,33,0.58,65,1.6,0,2.33,0.21,0.34,16.63,87,6.43,5.83,2.04,1.17,0.88,0.15,2.04,3.21,0,21,0.58,44,0.15
Archie Collins,Peterborough United,956,Defensive Midfielder,25,0,0,0.03,0.03,0.75,0,25,1,0.19,0.02,0.47,0.19,0.02,0.47,0,0,0,0.47,0.19,0.28,40,1.41,0,0.56,1.13,1.04,0.97,1.04,1.25,17.04,10.83,0.05,5.18,36.74,3.11,8.76,2.07,3.11,81,2.51,3.49,1.04,58,0.47,59,0.94,0,3.86,0.43,0.44,41.89,96,4.39,6.02,0.09,0.09,0,0,0.66,0.75,0,0,0,0,0.09
Luca Connell,Barnsley,934,Defensive Midfielder,24,0.19,0.19,0.09,0.04,2.31,8,25,2,0.19,0.2,2.02,0.19,0.16,1.25,0,0.04,0.77,1.06,0.67,0.39,64,1.25,0,0.58,1.54,0.77,0.7,1.45,1.19,15.13,7.42,0.02,3.57,45.74,6.36,11.56,1.25,2.02,59,1.13,1.84,1.25,36,0.87,65,1.25,0,3.95,0.37,0.46,29.29,94,3.65,8.58,2.12,1.35,0.77,0.1,1.16,2.51,0.19,18,0.39,33,0.39
Elliot Watt,Burton Albion,898,Defensive Midfielder,25,0,0,0.07,0.06,1.2,0,33,1,0.1,0.08,1.3,0.1,0.05,0.8,0,0.02,0.5,0.8,0.7,0.1,88,1,0,0.9,0.5,0.9,1.28,1.9,2.34,16.73,8.92,0.04,3.61,37.28,4.31,12.42,1.3,2.2,54,1.48,2.75,1.4,42,1.1,31,0.8,0.1,5.91,0.47,0.51,50.59,97,3.14,9.62,1.5,0.6,0.9,0.1,0.8,1.4,0.4,13,0.2,33,0.1
Paik Seung-Ho,Birmingham City,882,Defensive Midfielder,28,0,0,0.03,0.03,0.92,0,22,1,0.1,0.06,0.82,0.1,0.05,0.61,0,0.01,0.2,0.61,0.31,0.31,50,1.63,0,1.33,1.53,0.71,1.22,0.51,0.83,10.31,4.7,0,3.27,44.39,3.78,8.17,1.53,2.25,68,2.53,3.76,0.82,42,0.71,50,0.71,0,3.88,0.58,0.64,46.64,95,3.22,11.02,1.02,0.71,0.31,0.1,1.43,2.14,0.1,30,0.51,33,0
Kamil Amadu Conteh,Bristol Rovers,829,Defensive Midfielder,22,0,0,0.02,0.03,0.65,0,50,0,0,0,0.22,0,0,0.22,0,0,0,0.22,0.11,0.11,50,0.11,0,0.33,0.43,1.41,0.92,2.17,1.61,20.42,10.54,0.01,3.8,37.64,4.67,10.75,2.5,3.91,79,1.73,2.65,2.61,50,0.65,58,2.06,0,2.5,0.37,0.38,23.35,96,4.09,4.56,0.11,0,0.11,0,0,0,0,0,0,0,0
Sean Clare,Leyton Orient,806,Defensive Midfielder,28,0.11,0.11,0.02,0.04,0.56,20,20,1,0.11,0.02,0.34,0.11,0.02,0.34,0,0,0,1.12,1.01,0.11,90,0.78,0,0.34,0.45,1.68,1.55,2.79,2.45,16.31,7.15,0.01,4.13,38.54,5.14,10.95,2.79,4.47,89,2.35,3.9,1.01,77,0.34,77,2.23,0,4.24,0.2,0.29,32.4,98,4.58,8.71,0.78,0.67,0.11,0,0.45,1.12,0.11,14,0.11,14,0
Matthew Smith,Wigan Athletic,733,Defensive Midfielder,24,0,0,0.02,0.03,0.61,0,0,1,0.25,0.05,0.98,0.25,0.04,0.86,0,0.01,0.12,0.25,0.25,0,100,1.23,0,0.37,0.37,1.23,0.97,1.6,1.28,19.76,11.17,0.01,3.56,42.05,4.3,9.7,2.21,3.44,78,2.1,3.08,1.72,29,0.61,47,0.86,0,3.93,0.18,0.2,42.1,99,5.37,9.08,0.86,0.61,0.25,0,0.61,1.23,0.37,0,0,0,0
Ryan Woods,Exeter City,679,Defensive Midfielder,31,0.13,0.13,0.01,0.07,0.13,100,100,0,0,0.01,0.27,0,0.01,0.27,0,0,0,0.4,0.13,0.27,33,1.19,0,0.93,0.53,0.53,0.58,1.72,1.58,15.11,9.28,0.02,2.39,34.18,5.17,11.66,1.72,2.25,76,1.38,1.96,0.93,70,0.53,44,0.93,0,4.11,0.26,0.27,39.76,96,3.58,7.95,0.66,0.66,0,0,0.27,0.93,0,40,0.27,67,0
Funso Ojo,Shrewsbury Town,664,Defensive Midfielder,33,0,0,0.01,0.02,0.41,0,33,0,0.14,0.07,0.81,0,0.01,0.27,0.14,0.06,0.54,0.54,0.27,0.27,50,1.49,0,0.95,1.63,1.49,0.79,2.85,2.1,18.84,7.05,0.04,3.25,36.6,5.69,12.74,2.17,3.66,70,1.9,2.69,1.08,30,0.95,75,2.03,0,4.2,0.22,0.22,29.15,92,4.64,8.41,0.95,0,0.95,0,0.27,0.27,0,0,0,0,0.27
Harvey White,Stevenage,639,Defensive Midfielder,23,0.14,0,0.03,0.04,0.85,0,17,0,0.28,0.21,3.1,0.14,0.04,0.28,0.14,0.17,2.82,0,0,0,,1.83,0,0.42,0.42,1.13,0.76,1.97,1.41,19.87,9.02,0.08,3.1,39.12,4.65,9.3,3.52,4.65,83,2.55,3.31,0.99,69,0.7,67,1.97,0,3.24,0.04,0.1,24.24,97,3.14,3.66,4.23,0.14,4.09,0,0.42,0.56,0.28,13,0.56,31,0
James Brophy,Cambridge United,602,Defensive Midfielder,30,0,0,0.04,0.06,0.6,0,50,1,0.15,0.13,0.9,0.15,0.13,0.9,0,0,0,0.45,0.15,0.3,33,1.64,0,1.2,2.09,1.05,0.85,0.45,0.44,20.17,10.91,0.02,2.99,47.02,3.44,8.52,1.64,2.69,61,1.36,2.21,1.05,46,1.05,43,1.49,0,3.14,0.52,0.64,28.23,89,5.59,6.72,0.3,0.3,0,0.3,0.75,1.05,0,100,0.45,75,0.3
Christopher Hamilton,Blackpool,873,Attacking Midfielder,30,0.21,0.21,0.15,0.15,1.03,20,70,2,0.1,0.17,0.72,0.1,0.17,0.72,0,0,0,2.27,1.34,0.93,59,0.93,0,1.24,2.47,1.85,2.24,1.55,1.81,18.14,8.55,0.01,5.26,46.52,3.92,7.01,1.96,3.81,63,1.88,4.12,0.41,43,1.13,38,1.24,0.1,3.19,0.41,0.53,23.19,86,8.14,6.7,0.72,0.72,0,0.41,2.78,3.5,0,57,0.72,32,0.72
Silko Thomas,Wigan Athletic,615,Attacking Midfielder,20,0,0,0.07,0.06,1.17,0,25,2,0,0.02,0.15,0,0.02,0.15,0,0,0,2.49,1.02,1.46,41,1.76,0,1.76,3.22,0.73,0.55,0.88,1.03,33.8,17.71,0.01,3.22,49.03,3.22,6.44,2.05,2.78,61,1.85,2.4,3.51,25,1.32,36,0.73,0,2.93,0.25,0.31,25.17,80,7.04,7.17,1.46,1.02,0.44,0.15,0.73,1.76,0.15,0,0.15,7,0.15
Malik Mothersille,Peterborough United,881,Winger,21,0.31,0.2,0.23,0.2,1.12,18,73,2,0.1,0.04,0.51,0.1,0.04,0.51,0,0,0,2.14,0.82,1.33,38,0.82,0,1.84,4.39,0.41,0.37,0.51,0.55,17.77,10.21,0.01,2.55,53.3,1.74,4.08,0.71,1.12,50,0.73,1.1,0.51,40,0.71,29,0.92,0,2.86,0.29,0.45,24.1,77,7.59,5.92,0.82,0.82,0,0.31,3.17,3.98,0,13,0.2,17,0.31
Jordan Roberts,Stevenage,826,Winger,31,0.11,0.11,0.06,0.05,1.2,9,18,1,0,0.06,1.09,0,0.05,0.98,0,0,0.11,1.52,0.44,1.09,29,2.72,0,2.18,3.81,0.87,0.59,0.76,0.47,24.18,13.29,0.03,3.92,53.23,5.01,6.53,1.31,2.18,60,0.88,1.47,1.63,20,0.87,36,3.49,0,2.18,0.26,0.29,24.29,79,5.41,8.6,0.44,0.44,0,0.65,3.16,3.59,0,25,0.44,21,1.09
Kelvin Ehibhatiomhan,Reading,741,Winger,22,0.24,0.24,0.23,0.13,1.82,13,33,4,0.12,0.22,1.21,0.12,0.22,1.21,0,0,0,3.88,1.21,2.67,31,1.58,0,2.06,5.1,0.24,0.16,1.34,1.51,18.45,8.01,0.04,3.16,53.6,3.52,5.71,1.21,1.46,63,1.06,1.22,1.94,14,0.73,36,1.7,0,1.7,0.35,0.61,27.19,75,6.76,6.68,0.73,0.73,0,0.49,4.13,4.86,0.12,50,0.73,32,1.21
Louie Barry,Stockport County,716,Winger,21,0.63,0.63,0.29,0.08,3.65,17,45,8,0,0.1,0.88,0,0.1,0.88,0,0,0,4.4,1.89,2.51,43,1.26,0,3.14,4.02,0.25,0.38,0,0,13.58,4.78,0,2.01,58.49,3.77,5.91,0.63,0.88,56,0.62,1,0.75,0,0.5,14,0.13,0,2.77,0.54,0.73,28.79,76,7.9,8.93,1.76,1.63,0.13,0.38,4.28,5.91,0,14,0.38,23,0.38
Oliver O'Neill,Leyton Orient,678,Winger,22,0,0,0.08,0.06,1.33,0,0,2,0,0,0.27,0,0,0.27,0,0,0,1.86,0.4,1.46,21,0.8,0,1.86,3.19,1.33,1.18,0.8,0.75,29.08,13.54,0,4.65,58.08,4.38,6.9,3.72,5.05,74,3.15,4.32,3.05,44,1.33,17,0.93,0,1.19,0.25,0.3,22.04,78,5.12,6.64,0.8,0.66,0.13,0,3.58,4.25,0.13,33,0.27,15,0.27
James McClean,Wrexham,900,Fullback,36,0.2,0.2,0.11,0.08,1.3,15,15,2,0.1,0.12,0.9,0.1,0.12,0.9,0,0,0,0.7,0.5,0.2,71,0.7,0,1.5,0.7,0.9,0.73,2.2,1.5,16.8,9.3,0,3.5,38.25,3.2,6.9,2.2,3.1,67,1.16,1.9,1.1,57,1.1,66,2.3,0,1.4,0.5,0.6,22.8,91,3.93,6.8,0.8,0.7,0.1,0.4,3.3,4,0.1,63,0.7,37,0.4
Jeremy Kelley,Crawley Town,842,Fullback,27,0.11,0.11,0.02,0.04,0.43,25,50,0,0.11,0.13,2.57,0.11,0.09,1.92,0,0.03,0.64,1.6,0.75,0.86,47,1.18,0,1.18,2.57,0.75,1,1.07,1.43,15.82,8.45,0.02,2.99,40.71,2.99,7.8,1.5,2.25,82,2.27,3.27,0.64,57,0.32,36,0.53,0,4.38,0.39,0.43,40.3,91,5.94,14.11,2.03,0.96,1.07,0.43,1.82,2.78,0.43,16,0.75,37,0.64
Szabolcs Schön,Bolton Wanderers,789,Fullback,24,0.11,0.11,0.09,0.08,1.14,10,40,1,0.11,0.18,1.94,0.11,0.06,0.91,0,0.11,1.03,1.94,1.03,0.91,53,1.6,0,1.03,2.74,1.48,1.51,2.28,2.62,17.33,7.64,0,2.85,35.52,3.19,8.44,2.85,4.33,81,2.55,4.06,0.91,60,0.68,46,1.37,0,2.05,0.31,0.36,31.69,89,4.37,10.26,2.74,1.6,1.14,0.34,3.08,4.67,0.11,21,0.68,30,0.57
Dylan Williams,Burton Albion,703,Fullback,21,0,0,0.01,0.05,0.26,0,0,0,0,0.03,0.51,0,0.03,0.51,0,0,0,0.77,0.51,0.26,67,0.26,0,0.51,0.9,1.15,1.56,1.02,1.3,17.67,8.45,0.04,3.97,33.18,2.18,7.43,1.41,2.56,69,1.84,3.4,0.77,64,0.64,36,0.64,0.13,2.56,0.46,0.49,37,96,4.77,9.47,2.05,1.92,0.13,0,0.51,2.43,0.13,6,0.26,17,0
Bryant Akono Bilongo,Bristol Rovers,619,Fullback,23,0.15,0.15,0.06,0.1,0.58,25,25,1,0.29,0.14,0.73,0.29,0.14,0.73,0,0,0,1.31,1.02,0.29,78,2.47,0,1.16,2.33,1.45,1.01,3.49,2.56,15.13,7.57,0.04,2.62,37.14,2.91,8.29,1.02,2.47,70,0.59,1.6,1.45,50,0.44,56,7.27,0,2.18,0.41,0.44,16.29,82,6.4,4.8,0.73,0.58,0.15,0.15,1.31,1.89,0,20,0.15,17,0.15
Mickel Miller,Huddersfield Town,616,Fullback,29,0,0,0.02,0.04,0.58,0,25,1,0,0.17,2.05,0,0.1,1.46,0,0.07,0.58,2.19,1.31,0.88,60,1.61,0,1.75,1.9,1.31,1.36,2.34,2.06,19.57,10.08,0.03,4.24,42.78,4.53,10.81,2.05,3.36,78,2.11,3.47,1.46,43,0.58,57,2.48,0,4.53,0.46,0.5,35.64,90,6.6,9.79,2.92,1.9,1.02,0.73,2.05,3.94,0.29,60,2.34,42,0.88
Ben Whitfield,Burton Albion,759,Attacking Midfielder,29,0.12,0.12,0.09,0.05,1.9,6,38,4,0.12,0.15,0.83,0.12,0.15,0.83,0,0,0,2.13,1.07,1.07,50,0.95,0,0.59,2.84,0.47,0.59,0.95,1.35,13.27,4.98,0.01,2.37,55.82,3.08,5.81,0.71,1.19,67,0.81,1.39,0.59,57,0.36,47,0.83,0,4.15,0.25,0.4,24.77,86,5.54,6.75,0.83,0.83,0,0.24,2.84,3.67,0.12,29,0.36,18,0.47
Michael Craig,Reading,831,Fullback,22,0,0,0.01,0.02,0.43,0,0,0,0,0.02,0.32,0,0.02,0.32,0,0,0,0.32,0.22,0.11,67,1.41,0,1.73,0.65,1.3,1.12,1.95,1.98,12.35,6.61,0.05,3.9,33.01,3.68,10.18,1.41,2.71,65,1.34,2.46,0.65,50,0.76,29,0.54,0,6.39,0.41,0.43,40.08,95,5.14,9.53,0.43,0.43,0,0.32,0.76,1.19,0,0,0.22,25,0.32
Jack Grimmer,Wycombe Wanderers,813,Fullback,31,0,0,0.01,0.03,0.33,0,0,0,0,0,0,0,0,0,0,0,0,0.44,0.11,0.33,25,0.55,0,0.66,1.33,1.77,1.27,2.44,2.6,11.74,4.76,0.06,2.33,35.52,3.77,11.41,1.99,3.77,82,1.84,3.11,0.78,77,0.44,53,2.55,0,4.65,0.38,0.39,29.79,94,3.54,8.31,0.66,0.44,0.22,0,0.66,1.11,0.22,0,0,0,0
Luther Wildin,Stevenage,783,Fullback,27,0,0,0.02,0.1,0.23,0,50,0,0,0.03,0.34,0,0.03,0.34,0,0,0,0.57,0.11,0.46,20,0.57,0.11,0.34,1.03,2.76,1.7,2.07,1.3,15.4,6.32,0.05,3.68,31.82,5.06,11.03,1.95,4.71,100,1.24,2.94,0.69,100,0,47,1.61,0,3.45,0.15,0.18,25.86,95,4.9,5.63,0.92,0.92,0,0,1.03,1.95,0.11,38,0.34,27,0.23
Joe Rafferty,Rotherham United,778,Fullback,31,0,0,0.01,0.03,0.23,0,0,0,0.12,0.11,1.74,0.12,0.1,1.16,0,0.02,0.58,0.23,0.12,0.12,50,0.58,0,0.12,0.35,0.81,0.3,1.5,1.08,11.46,5.79,0.01,2.89,32.61,3.94,8.91,1.04,1.85,64,1.05,1.35,1.16,43,0.58,45,1.16,0,4.63,0.16,0.25,18.64,98,3.39,6.37,2.32,1.39,0.93,0,0.23,1.62,0,55,1.27,46,0
Luca Hoole,Shrewsbury Town,771,Fullback,22,0,0,0.01,0.06,0.23,0,0,0,0,0.06,0.35,0,0.06,0.35,0,0,0,0.93,0.47,0.47,50,0.58,0,0.12,1.17,1.75,1.17,3.5,2.65,21.37,9.34,0.02,5.37,34.36,1.52,8.76,3.62,5.37,84,2.91,4.08,1.63,75,0.7,66,2.69,0,3.27,0.25,0.33,19.38,94,3.91,5.6,0.47,0.35,0.12,0.12,1.05,1.4,0.12,75,0.35,25,0.12
Jordan Lawrence-Gabriel,Blackpool,661,Fullback,26,0,0,0.14,0.2,0.68,0,60,0,0.27,0.04,0.54,0.14,0.03,0.41,0.14,0.01,0.14,0.41,0.27,0.14,67,3.68,0,0.95,0.68,1.5,1.69,2.86,3.8,10.76,4.09,0.14,3.81,35.36,2.86,9.67,0.82,2.31,86,0.83,2.52,0.41,0,0.14,71,3,0.14,3.13,0.69,0.76,36.36,96,4.32,6.26,0.82,0.41,0.41,0,1.36,1.77,0,33,0.27,50,0.14
Sam Curtis,Peterborough United,658,Fullback,19,0,0,0.01,0.07,0.14,0,0,0,0,0.17,0.96,0,0.17,0.96,0,0,0,0.41,0.41,0,100,2.33,0,0.96,1.23,1.64,2.29,3.42,4.23,15.18,5.2,0.04,5.2,32.32,2.05,9.44,2.33,3.97,81,2.62,4.91,1.5,56,0.55,72,1.78,0,5.61,0.14,0.29,41.58,94,4.41,8.89,1.37,1.23,0.14,0.14,0.82,2.05,0.14,70,1.09,40,0.14
Emmanuel Fernandez,Peterborough United,1036,Centre Back,23,0.26,0.26,0.09,0.1,0.87,30,40,0,0,0,0,0,0,0,0,0,0,0.78,0.61,0.17,78,1.22,0,0.43,0.87,0.87,1.1,5.91,7.03,9.99,4.26,0.08,3.73,23.14,1.13,12.77,1.3,2.17,83,1.63,2.73,1.22,40,0.26,73,5.73,0.09,3.04,0.48,0.51,54.45,98,5.74,2.95,0.17,0.17,0,0.09,1.65,1.82,0.09,0,0,0,0.09
Cameron Humphreys,Rotherham United,1020,Centre Back,26,0.09,0.09,0.14,0.2,0.71,13,50,0,0,0,0.09,0,0,0.09,0,0,0,0.18,0.18,0,100,0.18,0,0.35,0.18,0.62,0.55,2.82,2.4,7.06,3.62,0.03,2.21,26.31,1.68,10.85,0.71,1.32,89,0.46,1.01,0.53,75,0.09,49,2.91,0,2.21,0.34,0.4,20.91,97,5.5,2.73,0.26,0.26,0,0.09,1.59,1.85,0,0,0,0,0.18
Tobias Mullarkey,Crawley Town,982,Centre Back,29,0,0,0.03,0.04,0.73,0,13,0,0,0.02,0.18,0,0.02,0.18,0,0,0,1.37,1.01,0.37,73,1.56,0,0.55,0.92,0.73,1.14,4.12,5.72,10.99,3.66,0.01,4.49,32.32,3.21,12.55,1.1,1.83,92,1.67,2.81,1.28,86,0.09,59,2.75,0,5.59,0.41,0.42,45.99,97,6.04,8.89,0.73,0.64,0.09,0.09,1.1,1.74,0,13,0.18,20,0.18
Mael Durand de Gevigney,Barnsley,982,Centre Back,25,0,0,0.04,0.1,0.46,0,0,0,0,0,0.09,0,0,0.09,0,0,0,0.37,0.18,0.18,50,1.19,0,0.18,0.73,2.2,1.89,3.85,3.59,13.74,6.41,0.09,3.3,27.59,3.21,13.38,1.74,3.94,86,1.53,3.42,1.1,75,0.27,80,3.94,0.09,2.66,0.33,0.34,23.91,96,5.97,2.66,0.46,0.46,0,0.09,1.1,1.56,0.09,0,0,0,0.18
Jason Kerr,Wigan Athletic,972,Centre Back,28,0,0,0.04,0.09,0.37,0,0,0,0,0.03,0.37,0,0.03,0.37,0,0,0,0.56,0.28,0.28,50,0.37,0,0.37,0.37,1.76,1.69,4.07,3.44,9.08,4.17,0.11,2.96,27.4,2.13,10.93,0.74,2.5,73,0.8,2.48,1.02,0,0.28,66,3.8,0,2.69,0.31,0.33,46.12,98,5.24,3.06,0.09,0.09,0,0.19,1.48,1.57,0,0,0,,0.19
Joe Low,Wycombe Wanderers,893,Centre Back,23,0.1,0.1,0.03,0.08,0.4,25,25,0,0,0.05,0.4,0,0.05,0.4,0,0,0,0.5,0.4,0.1,80,0.71,0,0.3,0.1,0.91,1.03,5.04,5.33,5.65,1.92,0.06,3.33,24.59,2.22,13.31,0.3,1.21,50,0.22,1.26,1.01,50,0.3,70,5.14,0.2,2.02,0.52,0.53,31.55,99,4.98,2.62,0.3,0.3,0,0.3,1.92,2.22,0.1,0,0.1,100,0.3
Fraser Horsfall,Stockport County,893,Centre Back,28,0,0,0.06,0.07,0.91,0,22,0,0.1,0.1,0.5,0.1,0.1,0.5,0,0,0,0.2,0,0.2,0,1.11,0,0.4,0.3,0.71,0.77,5.65,6.24,8.67,4.23,0.08,3.33,26.85,1.31,14.42,1.21,1.92,100,1.21,1.98,1.01,100,0,86,6.15,0,1.21,0.49,0.6,38.61,98,3.43,2.22,0.1,0.1,0,0.5,3.23,3.33,0,100,0.2,67,0.6
Alex Mitchell,Charlton Athletic,886,Centre Back,23,0.1,0.1,0.09,0.88,0.1,100,100,0,0,0,0.1,0,0,0.1,0,0,0,0.3,0.2,0.1,67,0.2,0,0.41,0.2,1.32,1,4.87,4.41,8.43,3.86,0.08,2.84,29.13,2.34,10.56,0.81,2.13,53,0.86,1.86,0.81,62,0.71,51,2.84,0,2.74,0.23,0.23,25.69,98,3.4,2.64,0.3,0.3,0,0.1,0.61,0.91,0,0,0,0,0.1
Amadou Mbengue,Reading,885,Centre Back,23,0,0,0.03,0.07,0.41,0,25,0,0,0.01,0.1,0,0.01,0.1,0,0,0,0.71,0.51,0.2,71,1.42,0,0.81,0.61,1.12,1.19,3.56,3.39,11.8,6.71,0.08,4.27,24.4,1.93,10.47,2.24,3.36,85,2.4,3.59,0.81,75,0.41,50,1.63,0,2.64,0.53,0.54,33.87,96,6.22,3.36,1.42,0.71,0.71,0,1.53,2.24,0,7,0.1,10,0
Pierce Sweeney,Exeter City,875,Centre Back,30,0,0,0.06,0.06,0.93,0,22,1,0,0,0,0,0,0,0,0,0,0.21,0.1,0.1,50,1.13,0,0.51,0.72,1.54,1.64,3.39,4.16,10.49,4.52,0.08,3.08,30.13,2.98,15.11,0.93,2.47,75,1.08,2.72,1.65,50,0.31,77,3.7,0.1,6.79,0.34,0.36,43.39,98,3.93,8.33,1.44,1.03,0.41,0.1,1.13,2.16,0.1,7,0.21,20,0.1
Tom Lees,Huddersfield Town,865,Centre Back,34,0,0,0.11,0.17,0.62,0,17,0,0.1,0.02,0.31,0.1,0.02,0.31,0,0,0,0,0,0,,0.21,0,0.21,0.1,1.98,2.18,4.79,5.27,8.64,4.48,0.04,4.16,29.51,2.39,12.8,1.14,3.12,85,1.26,3.44,0.42,33,0.21,70,4.58,0,4.89,0.43,0.56,34.14,99,3.64,6.35,0.83,0.52,0.31,0.31,2.19,2.71,0,0,0,0,0.31
Morgan Feeney,Shrewsbury Town,816,Centre Back,26,0,0,0.07,0.13,0.55,0,20,0,0.11,0.03,0.22,0.11,0.03,0.22,0,0,0,0.11,0,0.11,0,0.55,0,0.33,0.11,0.88,0.57,6.51,5.39,9.27,4.75,0.12,3.97,26.11,0.66,10.04,1.43,2.32,81,0.95,1.52,0.77,0,0.33,63,4.41,0,1.99,0.16,0.21,19.42,98,4.98,2.43,0.22,0,0.22,0.22,1.88,1.88,0.11,0,0,0,0.22
Christoph Klarer,Birmingham City,790,Centre Back,24,0,0,0.09,0.15,0.57,0,0,0,0.11,0.08,0.46,0.11,0.08,0.46,0,0,0,0.46,0.34,0.11,75,0.8,0,0.8,0.23,0.91,1.49,4.56,7.68,9.57,3.64,0.11,4.33,26.49,2.39,11.39,1.82,2.73,94,3.02,4.5,0.8,100,0.11,73,5.24,0,7.52,0.8,0.83,64.12,99,4.76,11.96,0.68,0.68,0,0.11,1.14,1.82,0.23,17,0.11,33,0.11
Eoin Toal,Bolton Wanderers,783,Centre Back,26,0.11,0.11,0.11,0.24,0.46,25,25,0,0,0,0,0,0,0,0,0,0,0.11,0,0.11,0,0.46,0,0.34,0.8,0.8,0.9,2.07,2.2,13.1,7.7,0.05,3.56,29.93,3.79,12.41,2.76,3.56,83,3.31,4.21,0.57,67,0.57,69,3.91,0,4.71,0.4,0.44,39.06,98,5.55,7.12,0.23,0.11,0.11,0,1.26,1.38,0,0,0.11,50,0
Max Cleworth,Wrexham,774,Centre Back,22,0.35,0.35,0.11,0.15,0.7,50,50,0,0.12,0.02,0.35,0.12,0.02,0.23,0,0.01,0.12,0.23,0.23,0,100,1.05,0,0.12,0.12,1.63,0.94,2.91,1.48,9.65,5.47,0.04,3.61,29.91,2.56,8.61,1.86,3.49,94,1.05,1.99,0.47,88,0.12,73,3.84,0,4.54,0.34,0.34,22.1,99,5.45,4.19,0.35,0.23,0.12,0.23,1.51,1.74,0,0,0.12,50,0.23
Omar Beckles,Leyton Orient,763,Centre Back,33,0,0,0.01,0.02,0.24,0,0,0,0,0,0.12,0,0,0.12,0,0,0,0.24,0.12,0.12,50,0.83,0,0.12,0.47,0.83,1.1,4.6,4.92,10.26,4.01,0.1,3.54,26.45,2.6,12.39,1.77,2.6,71,1.59,2.69,1.42,79,0.71,65,2.83,0.12,2.12,0.23,0.23,33.86,99,4.35,2.48,0.12,0.12,0,0,0.94,1.06,0,0,0.12,100,0.12
Adam Jackson,Lincoln City,749,Centre Back,31,0.24,0.24,0.06,0.08,0.72,33,33,1,0.12,0.05,0.24,0.12,0.05,0.24,0,0,0,0.12,0.12,0,100,0.6,0,0.12,0,1.32,0.67,5.28,2.65,11.65,6.01,0.09,3.96,26.98,1.32,10.09,1.2,2.52,91,0.48,1.16,1.8,67,0.12,59,2.4,0.12,2.76,0.15,0.22,14.41,99,3.91,2.28,0.36,0.36,0,0,1.68,2.04,0,33,0.12,25,0
Jack Baldwin,Northampton Town,683,Centre Back,31,0.13,0.13,0.03,0.07,0.53,25,75,0,0,0,0.13,0,0,0.13,0,0,0,0.26,0.13,0.13,50,0.79,0,0.26,0.13,1.45,1.21,5.4,4.33,9.49,4.09,0.07,4.35,23.91,1.85,9.23,0.26,1.71,50,0.34,1.55,0.66,0,0.26,63,3.3,0.26,1.85,0.2,0.21,24.78,98,3.72,1.58,0.13,0.13,0,0.13,2.11,2.24,0.13,0,0,,0.4
Toto Nsiala,Shrewsbury Town,642,Centre Back,33,0.14,0.14,0.14,0.14,0.98,14,43,0,0,0.03,0.14,0,0.03,0.14,0,0,0,0,0,0,,0.42,0,0.28,0,0.98,0.52,4.77,3.1,9.53,5.05,0.05,4.35,21.69,1.4,10.52,1.54,2.52,79,0.85,1.37,0.7,67,0.42,72,4.77,0.28,0.98,0.26,0.26,13.88,98,3.29,1.26,0.28,0.28,0,0.14,2.66,2.94,0,0,0,0,0.14
Terence Vancooten,Burton Albion,622,Centre Back,27,0,0,0.02,0.05,0.43,0,0,0,0,0,0,0,0,0,0,0,0,0.58,0.43,0.14,75,0.29,0,0.29,1.3,2.46,2.9,5.36,5.89,10.42,5.07,0.05,3.91,24.34,0.43,11.73,1.16,3.62,80,1.4,4.3,1.16,83,0.29,57,4.49,0,0.87,0.22,0.24,40.68,96,4.69,0.58,0,0,0,0,0.58,0.58,0,,0,,0
Odeluga Offiah,Blackpool,601,Centre Back,22,0.15,0.15,0.02,0.16,0.15,100,100,0,0,0.05,0.15,0,0.05,0.15,0,0,0,0.45,0.45,0,100,0.6,0,0.3,0.45,1.5,1.59,2.1,2.22,11.69,5.84,0.07,4.64,28.04,1.05,9.14,1.65,3.15,73,2.11,3.7,0.9,20,0.6,50,2.55,0,1.35,0.3,0.37,38.95,98,3.9,1.8,0,0,0,0.15,0.75,0.75,0,,0.15,50,0.15
Kyle Joseph,Blackpool,885,Centre Forward,23,0.41,0.41,0.34,0.16,2.14,19,43,3,0.1,0.18,1.02,0.1,0.18,1.02,0,0,0,1.93,0.81,1.12,42,1.22,0,1.42,4.68,0.71,0.73,0.41,0.47,25.93,11.7,0.01,3.76,63.28,3.15,4.27,0.61,1.32,60,0.64,1.37,1.63,33,0.41,43,2.95,0,1.93,0.64,0.92,19.73,75,6.15,6.92,0.61,0.61,0,0.51,7.12,7.73,0.2,0,0.1,17,1.22
Sam Nombe,Rotherham United,796,Centre Forward,26,0.34,0.34,0.36,0.13,2.71,13,46,7,0.11,0.13,1.13,0.11,0.13,1.13,0,0,0,1.58,0.68,0.9,43,1.81,0,2.83,4.63,0.23,0.15,0,0,28.7,13.56,0.01,3.73,65.47,2.83,3.62,1.47,1.7,81,1.43,1.58,1.24,0,0.34,22,1.58,0,1.02,0.36,0.65,18.08,66,6.97,5.76,1.13,1.13,0,0.34,5.76,6.89,0.34,40,0.68,40,0.34
Jack Marriott,Wrexham,713,Centre Forward,30,0.63,0.63,0.37,0.16,2.27,28,67,6,0,0,0,0,0,0,0,0,0,1.26,0.51,0.76,40,1.52,0,2.15,3.28,0.13,0.04,0.38,0.41,27.91,9.85,0.01,4.04,63.3,2.4,3.66,0.63,0.76,71,0.32,0.36,1.39,0,0.25,18,1.14,0,0.63,0.42,0.54,14.9,69,6.08,4.29,0.13,0.13,0,0.38,5.05,5.18,0,0,0,0,0.76
Lee Gregory,Mansfield Town,698,Centre Forward,36,0.77,0.52,0.33,0.14,2.32,22,44,4,0,0.04,0.52,0,0.04,0.52,0,0,0,1.29,0.52,0.77,40,1.16,0.13,2.06,5.16,1.16,1.13,0.52,0.35,23.87,9.81,0.02,3.1,61.75,2.84,5.42,0.9,2.06,58,0.92,2.05,2.19,43,0.65,38,2.97,0,1.42,0.47,0.67,17.81,68,4.63,5.16,0.52,0.52,0,0.65,7.35,7.87,0.13,0,0,0,0.9
Josh Koroma,Huddersfield Town,672,Centre Forward,26,0.54,0.4,0.23,0.07,3.35,12,20,7,0.13,0.2,1.34,0.13,0.2,1.34,0,0,0,1.74,0.54,1.21,31,1.74,0.27,1.21,2.81,0.27,0.34,0.67,0.75,18.35,6.7,0,2.68,66.87,4.02,5.22,0.67,0.94,100,0.7,1.05,1.07,100,0,22,1.21,0,1.88,0.42,0.59,21.57,82,5.59,8.04,1.07,1.07,0,0.27,6.56,7.64,0.27,25,0.27,22,0.67
Hakeem Odofin,Rotherham United,865,Centre Midfielder,27,0.1,0.1,0.23,0.14,1.67,6,25,2,0,0.01,0.31,0,0.01,0.31,0,0,0,0.73,0.52,0.21,71,1.98,0,1.14,0.83,1.77,1.31,1.87,1.48,22.48,10.41,0.01,5.1,43.96,6.04,9.89,2.81,4.58,96,2,3.3,1.35,67,0.1,56,3.33,0,2.29,0.33,0.5,16.44,89,5.01,5.83,0.73,0.62,0.1,0.21,4.16,4.79,0,29,0.21,25,0.21
Benjamin Elliott,Reading,805,Centre Midfielder,22,0.22,0.22,0.06,0.04,1.56,14,14,1,0.11,0.1,0.89,0.11,0.1,0.89,0,0,0,1.9,1.01,0.89,53,2.57,0,3.35,2.91,0.34,0.25,1.56,1.84,30.4,14.31,0.04,5.37,44.04,6.6,11.29,3.13,3.47,85,3.11,3.36,2.01,69,0.56,33,0.89,0,3.8,0.47,0.59,39.24,85,4.96,11.07,1.34,1.34,0,0.11,1.23,2.57,0.11,0,0,0,0.22
Greg Docherty,Charlton Athletic,773,Centre Midfielder,28,0.12,0.12,0.12,0.1,1.16,10,50,2,0,0.05,0.47,0,0.05,0.47,0,0,0,1.16,0.7,0.47,60,0.82,0,1.63,1.28,1.05,0.65,1.16,0.89,25.62,13.28,0.01,5.36,44.59,8.15,13.28,2.1,3.14,75,1.63,2.28,2.21,67,0.7,54,1.63,0,2.91,0.25,0.36,21.66,88,4.84,8.85,1.05,1.05,0,0.23,1.98,3.03,0,33,0.35,43,0.23
Adam Phillips,Barnsley,735,Centre Midfielder,27,0.61,0.37,0.24,0.11,2.21,17,39,3,0.12,0.06,0.86,0.12,0.06,0.86,0,0,0,0.86,0.49,0.37,57,0.37,0.12,1.35,1.96,0.49,0.19,0.86,0.77,13.23,6,0.01,3.31,53.06,4.9,7.47,0.61,1.1,83,0.49,0.68,0.74,67,0.12,41,2.33,0,3.8,0.47,0.58,24.87,88,3.54,8.21,0.74,0.74,0,0.37,4.41,5.15,0.12,0,0.25,25,0.61
Anthony Evans,Huddersfield Town,660,Centre Midfielder,26,0.27,0.27,0.2,0.07,2.73,10,30,3,0,0.15,1.5,0,0.02,0.55,0,0.12,0.95,0.55,0.14,0.41,25,1.5,0,0.95,1.64,1.5,1.62,1.23,0.95,20.6,9.82,0.05,3.82,49.78,6.55,10.5,1.91,3.41,88,2.22,3.83,2.05,80,0.27,33,0.82,0,2.32,0.5,0.52,24.28,90,3.8,9.41,1.36,0.41,0.95,0,1.77,2.18,0,20,0.41,38,0
Andy Cannon,Wrexham,621,Centre Midfielder,29,0.14,0.14,0.04,0.04,0.87,17,17,2,0,0.04,0.72,0,0.04,0.72,0,0,0,0.87,0.43,0.43,50,1.59,0,0.72,2.03,1.01,0.46,1.3,0.9,19.42,8.12,0.03,3.33,42.48,5.36,9.13,2.03,3.04,82,1.49,1.94,2.17,57,0.43,40,1.16,0,3.62,0.37,0.43,21.02,88,4.72,11.02,0.87,0.87,0,0.14,1.74,2.61,0,33,0.43,27,0.58
Lee Evans,Blackpool,997,Defensive Midfielder,30,0.09,0.09,0.05,0.04,1.35,7,20,1,0.36,0.27,3.25,0.09,0.14,1.44,0.27,0.14,1.81,0.54,0.18,0.36,33,2.44,0,0.63,0.81,0.9,0.9,1.35,1.46,17.52,11.74,0.03,5.24,40.25,6.05,11.74,1.17,2.08,68,1.24,2.14,1.08,43,0.54,72,1.63,0,6.14,0.54,0.6,41.54,97,3.89,10.84,3.7,1.17,2.53,0,0.36,1.54,0,20,0.9,45,0
Jay Williams,Crawley Town,919,Defensive Midfielder,24,0,0,0.07,0.06,1.08,0,18,1,0,0.1,0.39,0,0.1,0.39,0,0,0,0.29,0.1,0.2,33,1.96,0,1.18,1.47,0.88,1.33,2.84,4.08,18.21,7.44,0.03,3.92,37.48,3.82,11.16,0.98,1.86,67,1.34,2.67,2.06,50,0.49,54,2.94,0,2.94,0.3,0.4,38.09,94,4.47,6.37,0.39,0.39,0,0,1.76,2.15,0.1,0,0,,0.2
Josh Scowen,Wycombe Wanderers,893,Defensive Midfielder,32,0,0,0.11,0.1,1.11,0,27,1,0,0.06,0.71,0,0.06,0.71,0,0,0,0.4,0.2,0.2,50,2.02,0,0.91,1.41,1.21,1.31,2.22,2.19,17.14,9.07,0.05,4.54,43.26,5.24,10.49,1.51,2.72,75,1.3,2.62,0.91,38,0.5,36,0.81,0,4.23,0.56,0.62,24.1,92,5.46,8.27,1.11,0.81,0.3,0.2,2.12,2.92,0.1,27,0.5,83,0.1
Jack McMillan,Exeter City,865,Defensive Midfielder,27,0,0,0.04,0.1,0.42,0,50,0,0,0.01,0.31,0,0.01,0.31,0,0,0,0.21,0.1,0.1,50,0.42,0,0.42,0.94,0.94,1.02,1.66,1.74,19.04,9.47,0.03,4.06,40.48,2.19,5.62,1.56,2.5,71,1.48,2.5,1.25,29,0.62,41,0.73,0.1,1.77,0.26,0.28,28.2,96,3.73,5.72,0.21,0.21,0,0.21,1.66,1.87,0,0,0.1,17,0.1
Korey Smith,Cambridge United,848,Defensive Midfielder,34,0,0,0.01,0.03,0.42,0,50,0,0,0.01,0.53,0,0.01,0.53,0,0,0,0.85,0.53,0.32,63,1.27,0,0.53,1.06,1.27,1.04,0.85,0.68,16.24,9.66,0.05,3.61,41.43,5.95,11.47,1.91,3.18,69,1.84,2.88,1.06,56,0.85,46,1.8,0.21,3.5,0.35,0.37,27.81,95,3.87,7.43,0.64,0.53,0.11,0,1.06,1.59,0,0,0,0,0.11
Paul Digby,Cambridge United,843,Defensive Midfielder,30,0,0,0.01,0.14,0.11,0,0,0,0,0.03,0.32,0,0.03,0.32,0,0,0,0.11,0.11,0,100,0.43,0,0.43,0.32,1.07,1.05,2.67,2.07,14.62,7.47,0.03,4.48,34.01,5.12,13.02,1.28,2.35,86,1.39,2.43,1.07,33,0.21,70,3.42,0,1.6,0.34,0.35,33.83,98,4.25,4.27,0.53,0.43,0.11,0.11,1.07,1.49,0.11,40,0.32,100,0.53
George Thomason,Bolton Wanderers,823,Defensive Midfielder,24,0.11,0.11,0.08,0.07,1.09,10,10,1,0,0.04,0.98,0,0.04,0.98,0,0,0,0.77,0.33,0.44,43,1.2,0,0.33,1.64,0.87,0.82,0.98,0.95,20.77,10.93,0.03,3.17,44.08,5.14,10.5,2.08,2.95,76,1.95,2.77,2.3,44,0.66,47,0.87,0,3.28,0.4,0.49,35.43,95,4.38,11.26,0.55,0.55,0,0.33,2.19,2.73,0,20,0.11,14,0.44
Jordan Brown,Leyton Orient,794,Defensive Midfielder,23,0,0,0.02,0.03,0.79,0,29,1,0,0.09,1.02,0,0.06,0.79,0,0.03,0.23,0,0,0,,0.79,0,0.68,0.23,1.7,1.67,1.13,1.26,14.17,6.12,0.1,3.74,42.27,5.56,12.25,1.36,3.06,100,1.52,3.19,0.68,100,0,55,2.61,0,5.9,0.37,0.4,29.82,97,3.59,9.41,0.79,0.57,0.23,0,0.57,1.13,0.23,14,0.11,50,0.11
Alex Gilliead,Shrewsbury Town,788,Defensive Midfielder,29,0,0,0.04,0.05,0.69,0,0,1,0,0.03,0.34,0,0.03,0.34,0,0,0,0.69,0.34,0.34,50,0.69,0,1.6,1.6,0.46,0.35,1.14,0.35,26.39,13.48,0.03,5.48,42.92,3.43,7.43,2.28,2.74,67,1.52,1.87,1.14,40,1.14,50,1.49,0,2.28,0.25,0.27,21.48,86,5.26,7.31,0.69,0.57,0.11,0,1.6,2.17,0,33,0.34,38,0.23
Callum Camps,Stockport County,774,Defensive Midfielder,29,0,0,0.05,0.06,0.81,0,0,1,0,0.09,0.81,0,0.09,0.81,0,0,0,1.28,1.05,0.23,82,1.74,0,0.58,1.05,1.63,1.65,1.51,1.82,17.33,8.03,0.08,4.19,43.01,3.61,9.19,1.63,3.26,78,1.78,3.43,1.51,33,0.47,43,1.16,0.12,3.84,0.37,0.45,29.78,95,5.92,7.1,0.58,0.58,0,0.23,1.28,1.86,0,40,0.23,33,0.23
Louis Thompson,Stevenage,754,Defensive Midfielder,30,0.24,0.24,0.05,0.05,1.07,22,22,1,0.24,0.07,0.48,0.24,0.07,0.48,0,0,0,0.48,0.12,0.36,25,1.43,0,0.84,0.96,1.07,0.71,1.19,0.89,17.08,8.72,0.05,2.99,41.9,6.33,10.39,1.91,2.99,73,1.37,2.08,1.91,56,0.72,64,1.91,0,2.51,0.18,0.29,20.9,93,4.15,5.97,0.36,0.36,0,0.12,0.84,1.19,0.12,0,0.12,33,0.12
Christ Tiéhi,Rotherham United,703,Defensive Midfielder,26,0,0,0.07,0.07,0.9,0,0,1,0.13,0.03,0.38,0.13,0.03,0.38,0,0,0,0.51,0.26,0.26,50,0.9,0,1.54,0.77,1.02,0.84,1.15,0.84,20.48,11.27,0.04,4.86,43.22,8.32,14.98,1.79,2.82,82,1.77,2.61,1.41,60,0.38,59,2.05,0,2.56,0.4,0.45,25.35,91,4.49,8.96,0.51,0.51,0,0,2.3,2.82,0,25,0.13,33,0.51
Kgagelo Chauke,Burton Albion,679,Defensive Midfielder,22,0,0,0.04,0.08,0.53,0,50,1,0,0,0,0,0,0,0,0,0,1.72,0.93,0.8,54,1.72,0,0.93,1.99,1.59,1.72,1.46,1.91,25.18,11.66,0.02,7.02,38.55,2.52,9.41,2.78,4.37,70,3.17,4.89,0.53,68,1.19,44,0.93,0,2.65,0.22,0.27,36.57,92,5.84,5.3,0.27,0.27,0,0,0.53,0.8,0,0,0,0,0
Carl Winchester,Shrewsbury Town,656,Defensive Midfielder,32,0.14,0.14,0.01,0.02,0.69,20,40,1,0,0.01,0.41,0,0.01,0.41,0,0,0,0.41,0.27,0.14,67,0.69,0,0.41,0.82,2.06,1.29,2.2,1.65,26.76,13.31,0.01,6.59,35.18,4.25,11.25,4.94,7,88,3.2,4.49,1.51,50,0.69,41,1.24,0,4.25,0.15,0.17,24.98,96,5.36,6.04,0.41,0.41,0,0,0.82,1.24,0,0,0,0,0.14
Hector Kyprianou,Peterborough United,633,Defensive Midfielder,24,0,0,0.04,0.07,0.57,0,25,0,0.14,0.03,0.28,0.14,0.03,0.28,0,0,0,1,0.43,0.57,43,2.7,0,0.43,1.56,2.13,2.88,2.27,2.88,19.05,9.38,0.04,5.83,42.04,2.84,9.53,2.13,4.27,83,2.42,5.31,1.28,40,0.43,52,2.27,0,3.98,0.36,0.41,40.38,95,4.05,8.1,0.57,0.57,0,0.14,1.42,1.99,0.14,0,0,,0.43
Babajide Adeeko,Wigan Athletic,626,Defensive Midfielder,22,0,0,0.07,0.13,0.57,0,25,1,0,0.01,0.29,0,0.01,0.29,0,0,0,0.29,0.14,0.14,50,0.43,0,0.86,1.72,0.72,0.5,1.58,1.56,20.26,10.2,0.05,3.16,42.56,4.89,8.05,1.72,2.44,75,1.66,2.16,1.58,43,0.57,58,1.58,0.14,1.44,0.26,0.27,21.12,88,4.52,5.89,0.14,0.14,0,0,1.44,1.58,0,100,0.29,40,0.14
Robert Apter,Blackpool,706,Attacking Midfielder,22,0.13,0.13,0.09,0.04,2.04,6,19,3,0,0.09,0.89,0,0.09,0.89,0,0,0,2.8,1.4,1.4,50,1.91,0,2.17,3.57,0.64,0.55,0.64,0.77,19.12,8.16,0,3.06,47.91,4.84,8.03,1.53,2.17,63,1.82,2.37,1.15,36,0.89,18,0.25,0,3.19,0.59,0.7,33.78,84,7.02,8.41,0.89,0.89,0,0.13,2.55,3.44,0.13,29,0.38,20,0.38
Kwame Poku,Peterborough United,1067,Winger,23,0.51,0.51,0.24,0.08,2.87,18,41,4,0.17,0.18,1.18,0.17,0.17,1.1,0,0.01,0.08,3.54,1.43,2.11,40,2.03,0,2.7,4.05,0.25,0.2,0.42,0.54,14.51,7.09,0.01,2.95,49.18,3.29,5.65,1.01,1.27,67,1.54,1.74,0.51,50,0.51,17,0.25,0,3.63,0.37,0.63,39.49,83,7.14,8.52,1.6,1.43,0.17,0.42,4.64,6.08,0.17,11,0.34,20,0.42
Mitch Pinnock,Northampton Town,774,Winger,30,0,0,0.1,0.05,1.86,0,31,3,0.23,0.09,0.93,0,0.04,0.47,0.23,0.05,0.47,1.16,0.47,0.7,40,0.58,0,1.16,1.63,1.05,0.85,0.12,0.11,19.07,10.58,0.01,3.02,53.06,3.84,6.51,0.93,1.98,57,0.79,1.64,1.05,44,0.7,33,0.93,0,2.56,0.25,0.32,19.31,87,5.24,7.68,1.98,0.58,1.4,0.47,2.33,2.91,0,35,0.7,25,0.47
Garath McCleary,Wycombe Wanderers,760,Winger,38,0.24,0.24,0.09,0.11,0.83,29,29,1,0.24,0.27,1.54,0.24,0.27,1.54,0,0,0,2.13,0.95,1.18,44,0.24,0,1.42,2.84,0.71,0.26,0.12,0.08,12.31,4.38,0.01,2.25,54.8,3.79,5.56,0.95,1.66,80,1.21,1.47,0.71,60,0.24,48,1.54,0,2.37,0.52,0.77,24.98,84,6.85,9.82,2.01,1.66,0.36,0.71,3.79,5.44,0.24,12,1.3,38,0.95
Sam Hoskins,Northampton Town,650,Winger,32,0.14,0,0.12,0.06,2.08,0,33,5,0.14,0.03,0.42,0.14,0.03,0.42,0,0,0,1.25,0.69,0.55,56,1.52,0.14,1.25,2.63,1.52,1.22,0.97,0.79,16.61,8.17,0.01,2.49,51.38,4.15,5.95,0.69,2.21,45,0.52,1.75,0.14,25,0.83,30,0.83,0,1.25,0.16,0.26,17.86,84,5.46,4.29,0.83,0.83,0,0.14,2.49,3.32,0.14,33,0.28,29,0.28
Tendayi Darikwa,Lincoln City,895,Fullback,33,0.1,0.1,0.11,0.14,0.8,13,25,1,0.1,0.07,0.6,0.1,0.07,0.6,0,0,0,0.9,0.3,0.6,33,0.4,0,1.11,1.21,2.21,1.13,1.81,0.76,16.08,7.34,0.01,2.81,37.38,5.13,10.55,2.01,4.22,80,1.09,2.22,0.3,55,0.5,41,0.7,0,1.11,0.18,0.31,17.59,89,4.53,5.73,1.01,1.01,0,0.1,2.21,3.22,0,30,0.4,33,0.3
Ilmari Niskanen,Exeter City,893,Fullback,27,0,0,0.09,0.11,0.81,0,0,2,0.1,0.13,1.11,0.1,0.13,1.11,0,0,0,1.01,0.4,0.6,40,0.3,0,0.91,1.41,1.21,1.15,2.82,2.66,17.13,9.47,0,4.33,38.72,2.42,6.15,1.91,3.12,68,2.28,3.43,1.41,67,0.91,57,1.31,0,2.62,0.28,0.47,22.67,90,5.64,8.16,0.71,0.71,0,0.5,2.82,3.53,0.1,57,0.81,33,0.6
Kayne Ramsay,Charlton Athletic,886,Fullback,24,0,0,0.01,0.03,0.3,0,0,1,0,0.02,0.2,0,0.02,0.2,0,0,0,2.74,1.83,0.91,67,1.02,0,1.32,2.34,1.42,1.08,1.63,1.44,15.95,7.01,0.02,3.45,34.08,3.66,9.85,2.64,4.06,81,2.34,3.41,1.42,57,0.61,46,2.44,0,3.96,0.13,0.15,26.72,87,6.36,6.09,0.71,0.71,0,0,0.61,1.32,0,57,0.41,33,0.1
Lasse Sørensen,Huddersfield Town,840,Fullback,25,0,0,0.01,0.02,0.32,0,0,1,0.21,0.11,1.18,0.21,0.11,1.18,0,0,0,0.86,0.54,0.32,63,0.32,0,0.96,1.82,0.43,0.52,1.5,1.56,17.47,8.57,0.03,3,43.72,3.97,7.93,1.29,1.71,71,1.04,1.55,0.96,64,0.54,48,1.61,0.11,2.79,0.35,0.43,30.22,91,4.29,8.79,1.18,1.18,0,0.11,1.07,2.25,0,45,0.64,26,0
Ryan Barnett,Wrexham,839,Fullback,25,0,0,0.03,0.06,0.43,0,50,1,0.43,0.17,1.72,0.43,0.17,1.72,0,0,0,2.25,1.07,1.18,48,0.54,0,0.86,1.72,0.54,0.45,1.72,1.32,11.79,5.79,0.02,1.93,41.68,3.11,8.36,1.82,2.36,85,1.22,1.67,0.32,63,0.32,27,0.43,0,3.86,0.42,0.59,28.09,92,7.9,8.04,2.47,2.14,0.32,0.32,1.29,3.43,0.11,78,2.04,42,0.43
Josh Dacres-Cogley,Bolton Wanderers,814,Fullback,29,0,0,0.01,0.04,0.22,0,0,0,0.11,0.09,0.99,0.11,0.09,0.99,0,0,0,0.88,0.55,0.33,63,1.55,0,1.44,1.11,1.99,2.48,1.11,1.01,19.56,9.06,0,4.86,43.28,2.65,8.4,1.99,3.98,86,2.32,4.8,2.1,25,0.33,30,0.88,0,3.43,0.45,0.51,36.14,93,4.68,13.15,1.99,1.66,0.33,0.44,2.1,3.76,0,28,0.88,42,0.66
Barry Cotter,Barnsley,769,Fullback,26,0,0,0.05,0.05,1.05,0,33,2,0.23,0.14,1.29,0.23,0.11,0.94,0,0.03,0.35,2.34,0.82,1.52,35,1.4,0,1.87,3.86,1.64,1.21,1.75,1.48,18.36,7.25,0,3.98,38.98,4.44,11.93,1.99,3.63,74,1.96,3.17,0.58,60,0.7,66,3.16,0,3.28,0.41,0.53,25.38,78,7.22,6.08,2.81,1.4,1.4,0.12,1.52,2.92,0,38,1.05,35,0
Luke Thomas,Bristol Rovers,708,Fullback,26,0,0,0.03,0.07,0.38,0,0,1,0.25,0.18,1.91,0.13,0.14,1.52,0.13,0.04,0.38,0.76,0.25,0.51,33,0.89,0,1.14,2.67,0.51,0.27,1.27,1.08,21.73,12.45,0.01,4.32,40.93,3.69,8.39,2.67,3.18,68,1.75,2.02,0.76,23,1.27,35,1.02,0,1.91,0.22,0.26,23.13,84,5.93,7.12,1.14,0.51,0.64,0.38,1.78,2.29,0.25,44,0.64,56,0.51
Udoka Godwin-Malife,Burton Albion,676,Fullback,25,0.13,0.13,0.13,0.11,1.2,11,33,1,0.13,0.19,1.06,0.13,0.19,0.93,0,0,0.13,1.46,0.4,1.06,27,1.86,0,2.26,2.79,0.67,0.89,1.73,2.03,11.84,6.65,0.02,2.53,32.1,2.93,8.92,0.8,1.46,75,0.84,1.73,0.93,0,0.27,64,2.4,0,3.59,0.41,0.58,28.35,82,7.81,6.52,1.33,1.06,0.27,0.4,3.46,4.52,0,30,0.53,40,0.8
James Gibbons,Cambridge United,652,Fullback,27,0,0,0.03,0.04,0.83,0,17,1,0,0,0,0,0,0,0,0,0,0.55,0.28,0.28,50,0.55,0,0.55,0.97,0.83,0.89,2.76,2.46,16.98,9.94,0.01,4,35.71,3.45,8.42,1.93,2.76,58,1.46,2.35,0.83,29,1.38,58,2.07,0,2.35,0.23,0.24,20.3,93,4.8,4.83,0.41,0.14,0.28,0,1.38,1.52,0,0,0.14,11,0
Junior Quitirna,Crawley Town,639,Fullback,25,0.56,0.42,0.26,0.13,1.97,21,29,3,0,0.05,1.55,0,0.05,1.55,0,0,0,3.52,1.97,1.55,56,2.53,0.14,1.55,3.66,1.55,2.12,1.27,1.71,17.18,9.15,0.01,3.94,42.94,3.66,6.62,0.42,1.97,43,0.56,2.69,0.56,43,0.56,22,0.7,0,2.39,0.41,0.57,30.13,84,7.32,9.29,1.41,1.27,0.14,0,1.97,3.24,0.14,0,0,0,0.14