Name,Team,Competition,Minutes,Primary Position,Age,NP Goals,xG,xG/Shot,Shots,Goal Conversion%,Shooting%,Shot Touch%,Assists,xG Assisted,Key Passes,Scoring Contribution,Dribbles,Successful Dribbles,Dispossessed,PAdj Interceptions,PAdj Clearances,Aggressive Actions,Blocks/Shot,Defensive Regains,Ball Recov. F2,Ball Recoveries,PAdj Tackles,PAdj Tack&Int,Dribbles Stopped%,Aerial Win%,OP Passes,Passing%,xGBuildup,Carries,Carry%,Carry Length,OP F3 Passes,Passes Inside Box,Touches In Box,PinTin,Throughballs,Successful Crosses,Crossing%
Lee Dong-Gyeong,Ulsan,K League 1,614,Attacking Midfielder,27,1.03,0.34,0.09,3.81,27,54,5,0.73,0.43,2.93,1.76,1.47,0.88,1.17,1.37,0.17,14.81,0.02,5.42,4.4,5.72,2.78,4.15,56,13,31.96,83,0.73,29.91,89,4.64,12.9,0.73,6.89,8.06,0.29,0.73,50
Lee Hee-Gyun,Gwangju,K League 1,1641,Attacking Midfielder,26,0.27,0.19,0.1,1.92,14,43,2,0,0.08,1.15,0.27,3.62,2.41,2.19,0.62,0.94,10.86,0.02,4.17,4.11,8.28,0.86,1.48,27,13,37.18,83,0.48,40.97,87,8.1,11.85,0.22,3.73,5.37,0.11,0.55,50
Kang Hyun-Muk,Sangju Sangmu,K League 1,1222,Attacking Midfielder,23,0.15,0.2,0.1,1.99,7,33,3,0.07,0.08,1.25,0.22,2.14,1.69,3.68,0.64,0.67,13.19,0,4.49,5.08,7.73,1.41,2.05,19,21,28.43,77,0.39,32.26,81,4.53,12.23,0.29,3.83,5.08,0.07,0.15,40
Han Jong-Mu,Jeju United FC,K League 1,1300,Attacking Midfielder,21,0.14,0.18,0.19,0.9,15,62,2,0,0.02,0.48,0.14,0.9,0.28,1.39,1.15,0.1,13.23,0.01,3.53,3.74,6.16,1.11,2.26,53,36,26.18,84,0.34,24.58,83,4.84,7.96,0.55,3.05,3.6,0.07,0.28,67
Song Min-Kyu,Jeonbuk Motors,K League 1,1969,Attacking Midfielder,25,0.18,0.14,0.1,1.37,13,27,2,0.27,0.14,1.6,0.46,1.69,0.78,2.65,0.74,0.18,8.14,0,2.47,3.43,5.58,1.45,2.19,40,31,28.2,78,0.37,30.44,83,5.62,12.16,0.87,5.03,6.17,0.09,0.41,39
Lee Dong-Gyeong,Sangju Sangmu,K League 1,1159,Attacking Midfielder,27,0.23,0.23,0.06,3.88,6,34,4,0.16,0.2,2.48,0.39,2.79,1.79,1.16,0.32,0.21,10.94,0.02,3.8,3.96,5.9,1.14,1.47,50,17,34.31,72,0.57,32.76,91,4.92,14.2,0.47,5.51,7.45,0.16,0.54,26
Jesse Lingard,Seoul,K League 1,1794,Attacking Midfielder,32,0.2,0.14,0.07,1.96,10,44,2,0.05,0.17,1.76,0.25,1.76,0.75,1.71,0.35,0.39,8.78,0,3.21,3.51,5.17,1.16,1.51,38,15,37.23,77,0.53,35.37,88,5.2,14.4,0.2,3.61,4.87,0.2,0.35,24
Jin-young Park,Daegu,K League 1,1871,Centre Back,22,0,0.03,0.1,0.34,0,0,0,0.05,0.03,0.43,0.05,0.53,0.34,0.48,1.45,2.31,8.08,0.08,4.81,2.41,8.56,1.5,2.95,60,64,32.56,89,0.31,25.49,96,3.62,2.89,0,0.91,0.96,0.05,0,0
Kim Kang-San,Daegu,K League 1,865,Centre Back,26,0,0.03,0.08,0.42,0,25,0,0,0.01,0.31,0,0.52,0.31,0.52,1.57,2.9,4.58,0.07,4.99,3.02,11.75,1.19,2.76,70,70,38.17,82,0.2,27.77,96,5.14,3.54,0.1,1.04,1.14,0,0,
Kim Hyun-Woo,Daejeon Hana Citizen FC,K League 1,2090,Centre Back,25,0.04,0.02,0.06,0.34,13,13,0,0,0.01,0.13,0.04,0.43,0.26,0.34,1.66,3.6,6.07,0.06,4.31,1.08,9.08,1.05,2.71,52,58,50.03,88,0.3,38.58,99,4.51,1.55,0,0.77,0.77,0,0,0
Kweon Hang-Jin,Incheon United,K League 1,649,Centre Back,36,0,0.05,0.1,0.55,0,0,0,0,0.04,0.14,0,0,0,0,0.64,2.46,7.48,0.06,5.96,1.8,9.56,1.52,2.16,75,54,46.56,92,0.16,34.37,100,5.38,1.11,0.28,1.66,1.66,0,0,
Matej Jonjić,Incheon United,K League 1,2626,Centre Back,33,0.03,0.05,0.12,0.45,8,23,0,0,0.01,0.21,0.03,0.07,0.07,0.03,1.45,5.16,5.65,0.09,5.24,1.92,9.97,1.42,2.87,80,75,54.32,89,0.24,41.3,100,4.63,2.36,0.03,0.99,1.1,0,0,
Yoon Bit-Garam,Suwon FC,K League 1,2709,Defensive Midfielder,34,0.03,0.14,0.07,2.13,2,34,1,0.07,0.08,1.53,0.1,0.63,0.37,0.56,1.34,1.26,6.74,0.04,3.39,3.95,8.67,1.36,2.7,36,58,56.18,85,0.41,45.51,96,4.45,14.62,0.2,2.66,3.19,0.1,0.27,24
Son Jun-Ho,Suwon FC,K League 1,711,Defensive Midfielder,32,0.13,0.06,0.06,0.89,14,29,1,0.13,0.05,0.76,0.25,0.51,0.38,0.25,1.5,1.6,16.97,0,6.08,5.32,12.03,2.61,4.11,50,29,64.33,90,0.54,49.13,98,4.26,11.14,0.13,0.63,1.52,0.25,0,
Mun Ji-Hwan,Incheon United,K League 1,1152,Defensive Midfielder,30,0.08,0.08,0.07,1.09,7,29,1,0,0.02,0.47,0.08,0.23,0.23,0.86,1.47,1.46,10.47,0.02,4.92,6.25,12.74,2.09,3.56,67,56,49.78,86,0.38,38.37,96,4.19,10.94,0.08,1.33,1.56,0,0.08,50
Lee Geon-hee,Gwangju,K League 1,1702,Centre Forward,26,0.26,0.3,0.14,2.11,13,40,5,0.05,0.03,0.48,0.32,1,0.26,1,0.61,0.62,7.82,0.01,3.17,2.22,3.81,0.56,1.17,25,46,14.06,77,0.38,15.49,73,4.51,5.13,0.26,6.4,6.77,0,0,0
Yago Cariello Ribeiro,Ulsan,K League 1,640,Centre Forward,25,0.42,0.42,0.1,4.22,10,43,9,0.14,0.05,0.56,0.56,0.84,0.42,2.39,0.54,0.84,7.73,0,3.09,2.25,3.51,1.49,2.03,100,49,15.46,75,0.33,17.99,73,4.63,4.22,0.14,7.03,7.59,0,0,
Joo Min-Kyu,Ulsan,K League 1,2301,Centre Forward,34,0.31,0.36,0.16,2.19,14,45,5,0.16,0.12,1.13,0.47,0.78,0.31,1.56,0.07,0.69,7.39,0.01,3.56,2.7,4.11,0.3,0.37,40,36,17.29,79,0.39,17.05,80,3.27,6.57,0.55,6.1,6.65,0.12,0,0
Seo Jin-Su,Jeju United FC,K League 1,2392,Centre Forward,24,0.11,0.18,0.09,2.11,5,38,3,0.15,0.19,1.84,0.26,3.01,1.09,3.2,0.25,0.39,7.45,0.01,3.35,3.5,5.42,0.62,0.87,28,31,26.72,68,0.31,30.89,76,4.91,10.05,0.26,4.18,5.64,0.15,0.71,41
Yuri Jonathan Vitor Coelho,Jeju United FC,K League 1,1965,Centre Forward,26,0.09,0.29,0.09,3.25,3,35,5,0.09,0.08,1.14,0.18,0.82,0.27,1.42,0.38,0.66,8.15,0.02,3.43,3.89,5.59,0.55,0.93,46,59,24.87,72,0.46,17.08,78,4.39,8.79,0.73,9.02,9.57,0.05,0.27,60
Edgar Silva,Daegu,K League 1,1202,Centre Forward,37,0.37,0.37,0.1,3.59,10,38,6,0.07,0.09,1.35,0.45,1.57,0.67,2.17,0.05,1.39,7.48,0.02,1.57,2.62,4.27,0.21,0.25,0,56,21.18,65,0.43,16.69,72,3.42,7.04,0.52,9.66,10.25,0.07,0.15,100
Josépablo Monreal Villablanca,Suwon FC,K League 1,664,Centre Forward,28,0,0.28,0.09,2.98,0,45,5,0,0.01,0.41,0,0.68,0.41,1.63,0.43,0.48,5.97,0.01,2.03,1.76,3.25,0.59,1.02,50,54,15.46,77,0.5,12.21,76,4.07,5.02,0.27,6.1,6.51,0,0.14,100
Ji Dong-Won,Suwon FC,K League 1,1777,Centre Forward,33,0.3,0.2,0.09,2.28,13,36,3,0.05,0.07,0.56,0.35,1.47,0.51,1.42,0.57,0.47,8.71,0.01,3.29,3.04,4.86,0.94,1.5,27,51,29.58,75,0.38,26.49,86,4.43,10.03,0.41,4.66,5.37,0.05,0.2,27
Stanislav Iljutcenko,Seoul,K League 1,2521,Centre Forward,34,0.46,0.37,0.18,2.11,22,46,3,0.14,0.07,1.07,0.61,0.61,0.25,1.21,0.27,0.81,7.78,0.04,2.61,2.57,4.64,1.72,1.99,56,44,21.96,71,0.5,15.85,79,3.12,7.64,0.36,6.28,6.61,0.04,0.07,67
Tiago Orobó,Jeonbuk Motors,K League 1,1998,Centre Forward,31,0.27,0.27,0.12,2.25,12,32,4,0,0.09,0.68,0.27,1.08,0.54,1.04,0.17,0.86,9.01,0.01,2.12,2.25,3.65,0.6,0.76,36,47,17.25,67,0.39,13.92,73,4.69,5.67,0.5,6.94,7.39,0.09,0.09,29
Lee Jung-Min,Sangju Sangmu,K League 1,672,Centre Forward,25,0.4,0.24,0.12,2.01,20,40,4,0,0.07,0.94,0.4,0.8,0.27,2.28,0.51,0.37,12.31,0,2.41,2.68,4.28,0.88,1.39,33,29,17.13,70,0.42,16.87,70,3.93,5.76,0.54,5.09,5.49,0,0.13,50
Yu Kang-Hyun,Sangju Sangmu,K League 1,1239,Centre Forward,28,0.22,0.3,0.12,2.54,9,31,5,0.07,0.04,0.65,0.29,1.52,0.51,1.6,0.12,0.23,9.08,0.01,3.78,2.9,4.14,0.78,0.9,29,35,19.46,67,0.4,18.66,71,4.31,6.61,0.29,6.97,7.19,0.15,0,0
Park Sang-Hyeok,Sangju Sangmu,K League 1,946,Centre Forward,22,0.38,0.33,0.11,2.95,13,35,4,0,0.03,0.38,0.38,0.67,0.38,2.66,0.5,0.25,9.04,0.01,3.62,3.62,5.52,0.82,1.32,20,23,22.93,71,0.49,21.88,79,3.78,7.33,0.38,7.23,7.33,0,0,0
Jae-sang Jeong,Daegu,K League 1,919,Centre Forward,20,0.2,0.26,0.13,2.06,10,29,4,0,0.05,0.98,0.2,1.18,0.59,2.16,0.8,0.73,10.68,0.02,4.41,3.23,5.49,1.36,2.15,67,37,22.93,63,0.29,20.48,80,6.24,6.96,0.2,4.31,4.9,0.1,0.1,25
Cesinha,Daegu,K League 1,2576,Centre Forward,35,0.31,0.26,0.07,3.91,8,30,4,0.31,0.24,2.24,0.63,3.25,1.82,2.9,0.45,0.15,8.45,0.01,2.34,4.26,6.6,0.52,0.97,47,33,35.49,72,0.59,42.86,84,6.61,14.95,0.28,3.42,5.1,0.14,1.01,34
Masatoshi Ishida,Daejeon Hana Citizen FC,K League 1,788,Centre Forward,29,0.23,0.23,0.14,1.6,14,43,3,0.34,0.12,0.91,0.57,0.69,0.46,2.97,0.27,0.42,10.73,0.02,2.85,2.63,4.34,0.58,0.85,50,23,19.41,73,0.26,20.78,79,5.65,6.62,0.34,3.77,4.45,0.34,0.23,29
Cheon Seong-hoon,Daejeon Hana Citizen FC,K League 1,687,Centre Forward,24,0.13,0.2,0.1,2.1,6,25,5,0,0.03,0.52,0.13,1.05,0.52,1.18,0.25,0.36,5.5,0,2.23,3.01,4.72,0.66,0.92,0,36,15.46,75,0.32,14.93,83,4.76,5.5,0.52,5.37,5.5,0,0,0
Stefan Mugoša,Incheon United,K League 1,2810,Centre Forward,32,0.32,0.26,0.09,2.75,12,35,6,0.03,0.07,0.64,0.35,1.02,0.45,1.02,0.17,0.46,5.44,0.01,1.63,2.11,3.46,0.42,0.6,50,41,16.43,68,0.37,13.16,81,3.56,4.2,0.29,5.54,6.02,0.03,0.06,29
Franko Kovačević,Gangwon,K League 1,899,Centre Forward,25,0.4,0.29,0.12,2.5,16,40,6,0,0.05,0.5,0.4,0.8,0.5,1.4,0.58,1.02,6.51,0.03,2.9,2.4,4,0.9,1.48,67,34,17.72,70,0.26,17.72,82,4.47,5.3,0.7,6.31,6.71,0,0.4,67
Hwang In-Jae,Pohang Steelers,K League 1,2931,Goalkeeper,30,0,0,,0,,,0,0,0,0.03,0,0.03,0.03,0,0,0,0.06,0,7.86,0,3.41,0,0,100,,22.81,77,0.29,17.29,100,5.51,0.34,0,0,0.03,0,0,
Kim Kyung-Min,Gwangju,K League 1,3237,Goalkeeper,33,0,0,,0,,,0,0,0,0.03,0,0,0,0,0,0.07,0,0,6.06,0,3.2,0,0,100,,19.44,79,0.19,14.38,100,5.44,0.31,0,0,0.06,0.03,0,
Hyeon-Woo Jo,Ulsan,K League 1,3424,Goalkeeper,33,0,0,,0,,,0,0,0,0,0,0,0,0,0,0,0.08,0,6.41,0,3.21,0,0,0,,23.31,83,0.19,17.21,100,3.94,0.11,0,0,0,0,0,
Kim Dong-Jun,Jeju United FC,K League 1,3156,Goalkeeper,30,0,0,,0,,,0,0.03,0,0.06,0.03,0,0,0,0,0.04,0,0,6.99,0,3.82,0,0,50,,18.22,72,0.12,12.15,100,4.27,0.46,0,0,0.03,0,0,
Lee Chang-Geun,Daejeon Hana Citizen FC,K League 1,3146,Goalkeeper,31,0,0,,0,,,0,0.03,0.01,0.09,0.03,0.03,0.03,0,0,0.03,0,0,7.7,0,3.49,0,0,,,21.14,63,0.17,15.05,100,5.09,0.49,0,0,0,0.03,0,
Ahn Joon-Soo,Suwon FC,K League 1,3021,Goalkeeper,26,0,0,,0,,,0,0,0,0.03,0,0,0,0,0,0,0.06,0,6.11,0,3.49,0,0,,,16.24,68,0.15,12.57,100,5.6,0.6,0,0,0,0,0,
Choe Cheol-Won,Seoul,K League 1,818,Goalkeeper,30,0,0,,0,,,0,0,0,0,0,0,0,0,0,0.07,0,0,6.38,0,4.18,0,0,,,15.62,73,0.15,10.45,100,4.15,0.11,0,0,0,0,0,
Jeong Min-Ki,Jeonbuk Motors,K League 1,1753,Goalkeeper,28,0,0,,0,,,0,0,0,0.05,0,0,0,0,0,0,0.1,0,8.78,0,3.95,0,0,,,19.56,74,0.14,13.5,100,4.59,0.46,0,0,0.05,0,0,
Choi Young-Eun,Daegu,K League 1,1062,Goalkeeper,29,0,0,,0,,,0,0,0,0.08,0,0,0,0,0,0,0.08,0,7.63,0,3.47,0,0,,,14.91,61,0.11,10.68,100,4.15,0.08,0,0,0,0,0,
Oh Seung-Hoon,Daegu,K League 1,2369,Goalkeeper,36,0,0,,0,,,0,0,0,0,0,0.04,0.04,0,0,0.12,0.04,0,7.71,0,3.8,0,0,100,,15.31,62,0.16,10.6,99,5.3,0.3,0,0,0.04,0,0,
Kang Hyeon-Mu,Seoul,K League 1,915,Goalkeeper,29,0,0,,0,,,0,0,0,0,0,0,0,0,0,0,0,0,6.49,0,4.33,0,0,,,18.99,73,0.13,13.77,100,5.48,0,0,0,0,0,0,
Kim Joon-Hong,Jeonbuk Motors,K League 1,1129,Goalkeeper,21,0,0,,0,,,0,0,0,0,0,0,0,0,0,0,0,0,5.42,0,3.35,0,0,100,,20.01,74,0.21,15.07,100,5.04,0.8,0,0,0,0,0,
Kim Jeong-Hoon,Jeonbuk Motors,K League 1,610,Goalkeeper,23,0,0,,0,,,0,0,0,0,0,0,0,0,0,0,0.15,0,6.49,0,3.39,0,0,,,12.54,78,0.01,7.67,100,4.73,0.44,0,0,0,0,0,
Min Seong-Jun,Incheon United,K League 1,1025,Goalkeeper,25,0,0,,0,,,0,0,0,0,0,0,0,0,0,0,0,0,7.73,0,3.34,0,0,,,12.56,64,0.07,8.34,100,3.89,0.26,0,0,0,0,0,
Lee Bum-Soo,Incheon United,K League 1,2433,Goalkeeper,34,0,0,,0,,,0,0,0,0,0,0,0,0,0,0,0.11,0,6.7,0.04,3.48,0,0,0,,13.5,68,0.13,9.1,100,5.45,0.15,0,0,0,0,0,
Lee Gwang-Yeon,Gangwon,K League 1,2527,Goalkeeper,25,0,0,,0,,,0,0,0,0.04,0,0,0,0,0,0.04,0.04,0,5.7,0,3.24,0,0,,,16.99,70,0.16,12.75,100,4.4,0.32,0,0,0.04,0,0,
Kim Joon-Hong,Sangju Sangmu,K League 1,1660,Goalkeeper,21,0,0,,0,,,0,0.05,0.02,0.11,0.05,0,0,0,0,0.05,0,0,6.34,0,3.79,0,0,,,20.76,67,0.17,15.23,100,5.44,0.6,0,0,0,0,0,
Kim Dong-Heon,Sangju Sangmu,K League 1,1304,Goalkeeper,27,0,0,,0,,,0,0,0,0,0,0,0,0,0,0,0,0,6.49,0,3.04,0,0,,0,15.94,67,0.17,10.28,100,6.24,0.35,0,0,0,0,0,
Baek Jong-Bum,Seoul,K League 1,1637,Goalkeeper,23,0,0,,0,,,0,0,0,0,0,0,0,0,0,0,0.16,0,5.5,0,3.02,0.09,0.09,100,,15.23,72,0.16,10.39,100,4.38,0.27,0,0,0,0,0,
Park Cheong-hyo,Gangwon,K League 1,915,Goalkeeper,34,0,0,,0,,,0,0,0,0.1,0,0,0,0,0,0,0.1,0,5.31,0,3.25,0,0,100,,30.51,81,0.2,22.83,100,3.7,0.1,0,0,0,0,0,
Wanderson Carvalho,Pohang Steelers,K League 1,3273,Full Back,35,0.08,0.05,0.04,1.18,7,16,1,0.06,0.1,1.27,0.14,2.81,1.29,1.43,2.29,1.62,10.26,0.03,6.08,3.82,8.47,3.52,5.81,63,49,39.88,78,0.51,39.49,89,4.1,12.02,0.11,1.07,2.64,0.17,0.58,24
Lee Min-Gi,Gwangju,K League 1,948,Full Back,31,0,0.02,0.06,0.28,0,0,0,0,0.03,0.47,0,0.76,0.47,1.04,2.36,2.23,7.12,0.02,3.7,2.85,7.97,2.78,5.15,86,47,42.14,85,0.24,37.49,94,6.21,8.35,0.09,0.66,1.23,0.09,0.28,38
Kim Jin-Ho,Gwangju,K League 1,3008,Full Back,24,0,0.01,0.04,0.24,0,13,0,0.03,0.05,0.87,0.03,0.81,0.45,0.78,0.77,2.04,6.49,0.04,3.35,3.71,8.71,1.55,2.32,52,57,48.02,87,0.49,42.7,95,5.65,11.94,0.09,0.78,1.86,0.03,0.45,28
Lee Myung-Jae,Ulsan,K League 1,2441,Full Back,31,0,0.03,0.05,0.52,0,36,0,0.11,0.12,1.29,0.11,1.29,0.59,0.66,1.19,1.98,4.9,0.02,3.25,3.25,8.48,1.51,2.69,70,50,52.73,81,0.57,45.32,96,4.31,14.68,0.11,0.92,2.21,0.04,0.89,31
Lee Sang-Gi,Gwangju,K League 1,1193,Full Back,28,0,0.01,0.02,0.38,0,40,0,0,0.04,0.68,0,0.38,0.23,0.38,1.25,2.27,5.88,0.01,2.26,1.89,5.13,0.86,2.11,56,30,42.91,85,0.63,38.46,97,5.78,11.39,0.3,0.45,1.06,0,0.45,25
Lee Ju-Yong,Jeju United FC,K League 1,992,Full Back,32,0,0.02,0.03,0.91,0,20,0,0,0.06,0.73,0,1.45,0.54,1,1.52,1.56,8.62,0.02,3.81,3.72,7.98,2.05,3.58,80,47,36.18,76,0.25,29.11,91,4.63,6.98,0.18,0.73,1.63,0.09,0.73,47
Lee Sang-Min,Daejeon Hana Citizen FC,K League 1,792,Full Back,20,0,0.06,0.13,0.45,0,25,1,0,0.02,0.23,0,0.57,0.34,1.25,0.89,1.04,10.8,0.02,4.09,2.16,5.8,2.82,3.7,69,50,28.3,75,0.24,23.41,93,4.34,5.34,0,0.68,1.14,0,0.23,20
Young-woo Jang,Suwon FC,K League 1,1366,Full Back,22,0.07,0.06,0.09,0.72,9,27,1,0,0.05,0.66,0.07,0.79,0.2,0.86,1.74,1.27,10.01,0.03,5.53,3.29,9.62,2.68,4.42,62,47,38.14,79,0.49,33.59,94,4.18,10.34,0.33,1.51,2.63,0.07,0.66,31
Park Cheol-Woo,Suwon FC,K League 1,2564,Full Back,27,0.04,0.06,0.08,0.77,5,27,1,0.04,0.07,0.7,0.07,1.68,0.74,0.98,1.82,1.77,10.07,0.01,5.69,3.69,9.37,2.48,4.3,60,61,34.86,79,0.49,31.91,90,4.95,11.16,0.14,1.72,2.56,0,0.56,34
Kang Sang-Woo,Seoul,K League 1,2796,Full Back,31,0,0.05,0.08,0.58,0,28,1,0.1,0.05,0.77,0.1,0.61,0.29,0.87,1.02,1.21,5.67,0.03,4.02,3.48,8.27,2.18,3.2,67,48,40.75,85,0.37,36.95,95,3.82,9.82,0.23,1.35,2.12,0,0.42,28
Kim Tae-Hyun,Jeonbuk Motors,K League 1,909,Full Back,28,0,0.01,0.01,0.5,0,40,0,0.1,0.03,0.5,0.1,0.79,0.3,0.59,2.07,1.81,5.65,0.05,3.86,4.46,8.72,2.24,4.31,75,71,44.18,83,0.54,38.83,96,4.51,9.81,0,0.59,1.49,0,0.2,18
Kim Jin-Su,Jeonbuk Motors,K League 1,1814,Full Back,32,0,0.02,0.04,0.5,0,10,0,0.15,0.13,1.49,0.15,0.5,0.25,0.6,1.55,2.14,5.81,0.02,2.68,3.67,8.49,1.59,3.14,64,54,47.34,76,0.32,39.35,96,4.38,10.27,0.1,0.74,2.33,0.05,1.19,32
Yun Suk-Young,Gangwon,K League 1,1534,Full Back,34,0.12,0.06,0.19,0.29,40,40,0,0.12,0.05,0.41,0.23,0.7,0.23,0.65,1.26,2.92,5.69,0.03,3.23,3.29,9.74,1.27,2.52,57,65,49.12,83,0.32,40.14,96,4.49,7.39,0,0.65,1,0.06,0.12,15
Oh Jae-Suk,Daejeon Hana Citizen FC,K League 1,1057,Full Back,34,0,0.01,0.04,0.17,0,0,0,0,0.01,0.26,0,0.34,0,0.77,1.46,2.67,8.43,0.02,5.11,2.55,6.04,2.59,4.05,64,56,32.69,81,0.26,26.82,95,3.58,6.64,0.09,0.17,0.94,0,0.34,27
Song Jun-Seok,Gangwon,K League 1,1156,Full Back,23,0.08,0.03,0.08,0.39,20,20,0,0,0.04,0.47,0.08,0.86,0.39,1.32,2.08,1.75,7.47,0.02,3.97,3.11,8.87,1.45,3.53,67,54,43.19,81,0.44,38.06,94,4.19,9.11,0,0.54,1.4,0.08,0.54,41
Park Min-Gyu,Sangju Sangmu,K League 1,1388,Full Back,29,0,0.01,0.03,0.26,0,0,0,0.06,0.06,0.58,0.06,0.52,0.26,0.58,2.01,2.08,5.84,0.03,4.6,3.44,8.82,1.87,3.88,53,31,36.06,81,0.25,29.57,94,4.55,9.86,0.19,0.65,1.49,0,0.58,43
Lee Tae-Seok,Seoul,K League 1,903,Full Back,22,0,0.05,0.06,0.8,0,25,1,0.1,0.04,0.7,0.1,1.3,0.7,0.8,3,1.45,5.09,0.02,3.39,3.49,9.47,1.6,4.6,56,58,47.36,75,0.34,39.29,95,4.15,10.37,0.2,1.2,2.39,0,0.9,31
Jeon Min-Gwang,Pohang Steelers,K League 1,2829,Centre Back,31,0.06,0.04,0.18,0.22,29,43,0,0,0,0.13,0.06,0.19,0.13,0.1,1.14,3.17,2.93,0.04,2.99,1.02,5.92,1.06,2.21,83,65,46.22,91,0.45,36.81,99,4.05,2.1,0.1,1.05,1.08,0,0,0
Park Chan-Yong,Pohang Steelers,K League 1,607,Centre Back,28,0.15,0.03,0.06,0.59,25,25,0,0,0,0,0.15,0,0,0.15,2.4,3.26,7.56,0.03,3.11,2.97,7.42,1.63,4.03,67,69,53.1,88,0.26,41.98,99,4.56,4.15,0,1.63,1.63,0,0,0
Alexandar Popovic,Gwangju,K League 1,925,Centre Back,22,0,0.03,0.07,0.39,0,25,0,0,0.01,0.1,0,0.19,0,0.39,1.52,4.29,4.19,0.14,5.16,2.73,10.61,1.47,2.99,60,46,65.02,90,0.42,52.95,98,7.13,9.83,0,0.97,1.27,0,0,0
Heo Yool,Gwangju,K League 1,2043,Centre Back,23,0.09,0.08,0.1,0.75,12,24,0,0,0.01,0.26,0.09,0.35,0.18,0.31,0.72,5.21,5.29,0.04,3.3,1.85,7.53,1.42,2.14,87,68,51.85,91,0.48,42.43,98,6.26,4.93,0.09,1.63,1.85,0,0.13,60
Kim Young-Gwon,Ulsan,K League 1,1768,Centre Back,34,0.1,0.05,0.13,0.36,29,43,0,0,0.02,0.36,0.1,0,0,0.05,1.93,2.7,5.29,0.08,4.38,2.29,8.4,1.39,3.32,88,50,69.42,88,0.61,58.38,100,5.08,6.67,0,0.46,0.87,0.05,0.05,20
Chung Woon,Jeju United FC,K League 1,2057,Centre Back,35,0,0.01,0.02,0.26,0,33,0,0.04,0.05,0.87,0.04,0.09,0,0.09,1.4,2.49,5.95,0.04,3.54,3.41,10.15,1.18,2.58,63,58,51.84,84,0.27,38.01,99,3.57,7.22,0,0.52,1.18,0.04,0.35,28
Kim Bong-Soo,Sangju Sangmu,K League 1,3409,Centre Back,25,0,0.01,0.06,0.24,0,33,0,0.03,0.04,0.48,0.03,0.34,0.24,0.61,0.94,3.04,6.73,0.05,5.1,2.96,9.32,1.47,2.41,55,43,51.11,91,0.42,41.69,98,5.96,7.47,0.08,0.53,0.87,0.03,0.03,13
Go Myeong-Seok,Daegu,K League 1,2952,Centre Back,29,0,0.02,0.16,0.12,0,75,0,0,0.01,0.21,0,0.4,0.24,0.21,1.77,3.54,5.88,0.07,4.57,2.77,9.73,1.46,3.23,69,67,40.49,88,0.29,29.73,99,3.61,2.68,0.12,0.4,0.49,0,0.06,40
Anton Krivotsyuk,Daejeon Hana Citizen FC,K League 1,1947,Centre Back,26,0.05,0.06,0.15,0.42,11,33,0,0.05,0.03,0.32,0.09,0.42,0.18,0.37,0.9,3.91,8.41,0.03,5.64,2.17,8.37,2.11,3.01,61,63,45.11,88,0.3,37.02,97,4.62,3.74,0.14,1.2,1.53,0.05,0.14,50
Lachlan Jackson,Suwon FC,K League 1,1612,Centre Back,29,0.06,0.03,0.09,0.39,14,57,0,0,0.02,0.17,0.06,0,0,0.11,0.81,3.45,3.13,0.04,3.18,1.23,6.53,1.07,1.87,58,70,38.58,85,0.36,28.87,99,4.25,2.96,0.06,1.06,1.12,0,0,0
Kwon Kyung-Won,Suwon FC,K League 1,2015,Centre Back,32,0.04,0.05,0.08,0.54,8,17,0,0,0.01,0.22,0.04,0,0,0.09,0.97,4.46,3.35,0.08,3.53,1.61,8.26,1.13,2.09,88,72,57.57,93,0.51,45.51,100,4.78,4.78,0.13,1.16,1.34,0.04,0.09,67
Song Ju-Hun,Jeju United FC,K League 1,2280,Centre Back,30,0,0.02,0.06,0.28,0,29,0,0,0.01,0.12,0,0.08,0.04,0.2,1.63,4.65,3.43,0.08,4.54,2.45,10.3,0.71,2.34,55,77,42.32,86,0.22,27.91,98,3.77,2.09,0.04,0.75,0.75,0,0,
Kim Young-Bin,Gangwon,K League 1,2055,Centre Back,33,0.04,0.08,0.13,0.57,8,23,0,0,0.02,0.18,0.04,0.13,0.13,0.13,1.36,3.1,4.47,0.08,3.68,1.71,7.79,0.83,2.19,90,63,60.16,92,0.51,47.38,100,5.19,3.5,0.09,1.31,1.44,0,0.04,33
Caio Marcelo Pinheiro da Silva,Daegu,K League 1,1185,Centre Back,26,0.08,0.04,0.17,0.23,33,33,0,0,0.03,0.15,0.08,0.15,0,0.15,1.63,3.18,6.61,0.07,5.55,1.82,8.21,1.62,3.24,87,72,34.04,82,0.28,25.76,98,4.12,2.66,0.08,0.76,0.99,0,0,
Park Seong-Hun,Seoul,K League 1,1144,Centre Back,21,0.08,0.02,0.09,0.24,33,67,0,0,0,0,0.08,0.16,0,0,1.13,4.24,5.43,0.06,4.33,2.2,7.48,1.07,2.19,60,39,62.57,93,0.4,51.87,100,4.32,3.23,0.08,0.71,0.71,0,0,
Kim Joo-Sung,Seoul,K League 1,1964,Centre Back,24,0,0.01,0.08,0.18,0,0,0,0,0,0.14,0,0,0,0.05,1.69,5.77,4.49,0.07,5.09,1.51,8.98,0.97,2.66,71,68,57.41,94,0.31,45.82,100,4.96,2.84,0,0.32,0.32,0,0,
Lee Jae-Ik,Jeonbuk Motors,K League 1,1527,Centre Back,25,0.06,0.03,0.1,0.29,20,20,0,0,0,0.06,0.06,0.06,0,0.06,1.29,3.34,4.77,0.09,3.77,1.3,6.6,1.04,2.33,33,46,54.64,88,0.3,45.39,99,4.02,3.54,0,0.59,0.71,0,0,
Hong Jeong-Ho,Jeonbuk Motors,K League 1,1497,Centre Back,35,0,0.01,0.04,0.18,0,0,0,0,0.01,0.18,0,0,0,0.06,1.15,4.59,2.28,0.06,2.35,1.8,9.02,1.2,2.34,60,74,52.67,89,0.3,41.79,99,4.62,3.13,0.12,0.54,0.84,0,0,
Harrison Delbridge,Incheon United,K League 1,1118,Centre Back,32,0.08,0.04,0.08,0.48,17,17,0,0,0.02,0.24,0.08,0.4,0.32,0.16,2.21,3.87,5.88,0.07,3.3,2.01,8.7,0.96,3.18,70,81,53.71,86,0.24,40.51,99,4.59,6.44,0.08,1.13,1.13,0,0,0
Oh Ban-Suk,Incheon United,K League 1,1144,Centre Back,36,0,0.1,0.13,0.79,0,20,0,0,0.01,0.24,0,0.08,0.08,0.31,0.55,3.43,4.64,0.09,3.54,2.6,8.57,1.28,1.83,78,74,45.23,85,0.39,33.59,98,4.01,4.48,0,1.49,1.65,0.08,0,
Kim Gun-hee,Incheon United,K League 1,2009,Centre Back,22,0,0.08,0.09,0.9,0,10,0,0.04,0.04,0.45,0.04,0.54,0.31,0.45,1.38,3.96,7.66,0.07,5.24,2.15,11.06,2.28,3.65,68,65,49.98,83,0.35,37.35,97,4.79,4.52,0,1.7,1.93,0.04,0.04,17
Lee Gi-Hyuk,Gangwon,K League 1,2816,Centre Back,24,0,0.01,0.04,0.19,0,17,0,0.16,0.07,0.74,0.16,0.8,0.45,0.51,2.04,3.72,6.71,0.07,4.99,2.01,9.59,1.69,3.73,66,73,61.87,86,0.37,51.36,97,6.06,4.7,0.06,0.42,0.8,0,0.13,20
Park Chan-Yong,Sangju Sangmu,K League 1,765,Centre Back,28,0,0.05,0.09,0.59,0,0,0,0,0,0.12,0,0,0,0.12,1.03,2.44,6.47,0.08,3.65,1.77,8.59,1.45,2.48,71,55,35.18,84,0.31,22.95,99,4.83,4.35,0,0.94,1.06,0,0,
Jorge Luiz,Pohang Steelers,K League 1,1926,Centre Forward,25,0.09,0.28,0.11,2.48,4,34,5,0.19,0.08,0.75,0.28,1.87,0.98,2.01,0.36,0.9,8.79,0.02,3.27,2.99,4.91,1.4,1.76,23,47,20.28,71,0.52,22.43,76,6.99,7.29,0.42,5.93,6.17,0,0.05,8
Beka Mikeltadze,Gwangju,K League 1,1087,Centre Forward,27,0.25,0.22,0.11,1.99,13,33,5,0.08,0.12,0.99,0.33,0.33,0.17,1.08,0.22,0.94,7.62,0,2.07,2.23,3.31,0.33,0.55,33,37,14.65,77,0.28,13.66,82,4.65,5.71,0.33,4.8,5.13,0,0.08,20
Lee Ho-Jae,Pohang Steelers,K League 1,1451,Centre Forward,24,0.37,0.27,0.13,2.05,18,55,4,0.25,0.15,0.87,0.62,1.05,0.5,2.05,0.42,0.63,6.33,0.03,2.3,2.36,3.6,0.72,1.14,20,34,20.47,75,0.61,21.03,81,3.73,6.76,0.62,5.77,6.51,0.19,0.19,43
Leandro Ribeiro,Daejeon Hana Citizen FC,K League 1,967,Centre Forward,29,0.19,0.16,0.13,1.21,15,38,2,0.19,0.1,0.93,0.37,1.02,0.19,2.05,0.16,0.09,5.77,0,2.79,3.26,5.77,0.64,0.8,100,38,24.02,72,0.31,24.68,80,6.94,9.96,0.47,3.35,4,0.19,0.56,50
Lee Sang-Heon,Gangwon,K League 1,2575,Centre Forward,26,0.35,0.31,0.15,2.06,17,41,3,0.17,0.09,0.98,0.52,1.43,0.8,1.26,0.13,0.19,6.47,0,2.27,2.87,5.35,0.76,0.89,38,23,24.11,77,0.47,24.85,88,5.67,7.55,0.28,4.05,4.54,0.1,0.14,13
Jun-gyu Lee,Daejeon Hana Citizen FC,K League 1,647,Attacking Midfielder,21,0.14,0.05,0.04,1.39,10,20,2,0,0.01,0.28,0.14,2.23,1.39,1.11,0.43,0.67,12.53,0.02,3.76,4.59,6.68,1.25,1.68,40,27,27.42,80,0.16,27.42,89,5.09,9.61,0.14,1.53,2.09,0.14,0.14,14
Bae Seo-Joon,Daejeon Hana Citizen FC,K League 1,701,Defensive Midfielder,21,0,0.09,0.09,1.03,0,50,2,0.13,0.03,0.26,0.13,2.44,1.16,2.83,0.69,0.1,15.67,0,5.01,4.11,8.09,2.1,2.79,37,40,26.46,78,0.21,30.32,81,4.47,9.25,0.26,2.18,2.7,0,0,0
Kim Do-Hyuk,Incheon United,K League 1,1838,Attacking Midfielder,32,0.15,0.09,0.09,0.98,15,30,1,0,0.07,0.93,0.15,0.98,0.49,1.96,0.99,0.38,12.1,0.01,4.36,4.9,9.06,2.03,3.02,52,34,44.47,79,0.42,36.09,91,3.68,10.19,0.29,2.25,3.04,0.15,0.24,29
Darijan Bojanic,Ulsan,K League 1,1536,Defensive Midfielder,30,0.06,0.06,0.07,0.88,7,27,1,0.06,0.14,1.58,0.12,1.29,0.94,0.82,2.42,1.15,11.89,0.05,6.09,5.39,11.02,3.84,6.26,43,52,68.26,87,0.58,52.26,96,4.6,17.52,0.18,1.23,2.4,0.29,0.18,20
Jeong Ho-Yeon,Gwangju,K League 1,3172,Defensive Midfielder,24,0,0.04,0.06,0.68,0,25,0,0.14,0.06,1.11,0.14,1.36,0.71,1.56,1.23,1.7,11.69,0.04,4.74,4.77,7.97,2.55,3.78,45,45,52.61,88,0.56,49.68,94,6.49,14.92,0.28,1.73,2.84,0.09,0.11,21
Oberdan Alionco de Lima,Pohang Steelers,K League 1,2938,Defensive Midfielder,29,0.09,0.04,0.06,0.7,13,30,1,0.06,0.07,0.89,0.15,1.35,0.83,1.07,1.64,1.49,8.67,0.04,5.42,4.04,9.28,2.21,3.85,54,55,56.57,90,0.59,49.68,95,5.18,10.26,0.09,0.98,1.53,0.12,0.12,18
Kaina Yoshio,Jeju United FC,K League 1,885,Defensive Midfielder,26,0.1,0.06,0.05,1.22,8,50,1,0,0.11,1.73,0.1,1.53,0.61,2.24,1.13,0.33,11.49,0.02,5.8,4.68,8.03,1.5,2.63,25,17,42.41,77,0.28,38.34,89,4.22,6.92,0.31,1.63,2.14,0,0.61,32
Choi Young-Jun,Jeju United FC,K League 1,627,Defensive Midfielder,33,0,0.01,0.02,0.43,0,0,0,0,0.03,0.57,0,0.72,0.57,1.15,1.19,2.11,12.06,0.01,4.88,5.89,11.49,2.86,4.05,65,58,40.5,81,0.37,29.59,93,3.86,9.34,0,0.57,1.58,0,0,0
Kim Jung-Min,Jeju United FC,K League 1,1139,Defensive Midfielder,25,0,0.1,0.04,2.45,0,29,2,0.08,0.07,1.26,0.08,1.34,0.63,1.26,0.49,0.84,13.91,0.02,7.19,6.01,10.51,2.43,2.92,44,27,46.32,82,0.38,40.55,93,3.85,12.01,0.24,2.13,3.08,0.16,0.55,64
Kyohei Yoshino,Daegu,K League 1,2246,Defensive Midfielder,30,0.2,0.09,0.08,1.16,17,31,2,0.08,0.04,0.6,0.28,1,0.48,1.08,1.08,0.8,12.82,0.02,4.65,4.25,9.18,1.74,2.82,43,53,32.98,81,0.29,27.77,91,3.49,6.13,0.08,1.28,1.76,0.12,0.04,20
Victor Bobsin,Daegu,K League 1,1255,Defensive Midfielder,24,0.07,0.03,0.06,0.57,13,25,0,0,0.08,1.43,0.07,1.72,0.86,1.72,0.93,0.52,14.7,0.03,4.59,4.02,10.18,2.63,3.56,42,50,55.57,86,0.36,49.33,94,4.28,13.91,0.07,1.08,2.15,0.14,0.29,36
Kim Joon-Beom,Daejeon Hana Citizen FC,K League 1,1058,Defensive Midfielder,26,0.34,0.09,0.07,1.36,25,63,2,0.17,0.12,1.19,0.51,0.34,0.17,1.11,1.23,0.62,8.08,0.01,2.3,2.81,7.57,1.04,2.28,67,52,37.42,80,0.28,29.42,90,4.74,10.89,0.43,2.64,3.66,0.26,0.26,33
Aleksandar Paločević,Seoul,K League 1,1038,Defensive Midfielder,31,0.09,0.1,0.1,1.04,8,33,1,0.35,0.16,1.04,0.43,0.95,0.52,1.3,1.56,1.27,11.19,0.01,6.59,5.72,10.49,2.48,4.04,45,58,47.88,82,0.69,43.37,94,5.27,12.84,0.26,1.56,2.52,0.43,0.17,20
Nana Boateng,Jeonbuk Motors,K League 1,1217,Defensive Midfielder,30,0,0.03,0.03,0.81,0,18,0,0.07,0.02,0.59,0.07,0.74,0.52,0.59,2.37,1.59,10.06,0.05,5.55,4.95,10.58,3.43,5.8,50,61,55.17,85,0.48,44.82,98,3.54,9.91,0.07,1.11,1.63,0.07,0.15,50
Lee Soo-Bin,Jeonbuk Motors,K League 1,1913,Defensive Midfielder,24,0,0.01,0.03,0.47,0,10,0,0,0.05,0.56,0,0.94,0.61,1.32,1.61,1.25,14.16,0.01,5.88,4.47,9.69,2.67,4.28,37,57,45.86,83,0.35,37.06,94,3.62,10.44,0.05,0.14,0.85,0.14,0.14,30
Kim Dong-Hyun,Gangwon,K League 1,905,Defensive Midfielder,27,0,0.05,0.04,1.39,0,21,1,0,0.04,0.6,0,0.4,0.2,0.8,2.16,1.32,9.25,0.04,5.37,5.47,10.44,3.3,5.46,80,65,53.91,86,0.59,44.96,96,4.41,10.94,0,0.3,1.09,0.1,0.2,50
Lee Soon-Min,Daejeon Hana Citizen FC,K League 1,1758,Defensive Midfielder,30,0,0.03,0.05,0.56,0,18,1,0,0.01,0.36,0,1.08,0.67,0.72,1.8,1.36,11.47,0.06,5.17,5.94,12.8,2.35,4.15,75,49,47.61,84,0.23,36.5,95,4.88,9.22,0,0.26,0.72,0,0.2,50
Lee Jae-Won,Suwon FC,K League 1,2361,Defensive Midfielder,27,0.04,0.07,0.1,0.72,5,26,1,0.11,0.04,0.53,0.15,0.46,0.23,0.46,1.71,1.22,15.25,0.03,6.18,4.46,9.15,3.66,5.38,62,42,40.86,89,0.46,32.94,97,4.14,7.36,0.11,0.95,1.37,0.04,0.08,67
Sin Jin-Ho,Incheon United,K League 1,1469,Defensive Midfielder,36,0,0.02,0.03,0.98,0,50,0,0.18,0.11,1.78,0.18,0.49,0.31,1.1,0.99,0.09,8.15,0.01,3.86,4.84,10.72,0.9,1.89,47,25,68.5,86,0.4,55.63,97,3.48,15.26,0.25,0.61,1.35,0.06,0.43,33
Kim Dae-Woo,Gangwon,K League 1,948,Defensive Midfielder,24,0.09,0.07,0.07,0.95,10,20,1,0.19,0.08,0.66,0.28,0.76,0.19,1.42,1.56,1.07,13.39,0.03,4.27,3.8,7.69,0.78,2.34,45,40,37.51,84,0.42,29.34,93,5.09,6.46,0,0.95,1.52,0.19,0.19,50
Seo Min-Woo,Sangju Sangmu,K League 1,1754,Defensive Midfielder,26,0.1,0.09,0.08,1.18,9,30,1,0,0.09,1.59,0.1,0.56,0.41,1.39,1.67,1.42,13.34,0.03,6.98,4.82,9.54,2.4,4.07,38,53,49.11,85,0.53,39.31,95,5.32,14.11,0.36,2.51,3.39,0,0.31,35
Kim Dong-Hyun,Sangju Sangmu,K League 1,811,Defensive Midfielder,27,0,0.07,0.04,1.77,0,19,1,0.11,0.05,0.78,0.11,0.89,0.33,0.55,1.9,2.47,11.32,0.01,5.32,5.1,9.21,2.95,4.85,50,70,57.69,88,0.52,46.04,96,3.86,10.98,0.11,1.66,2.33,0.22,0,0
Kim Jin-Kyu,Sangju Sangmu,K League 1,1400,Defensive Midfielder,27,0,0.06,0.06,1.03,0,13,1,0.19,0.06,0.96,0.19,1.29,0.58,0.96,0.7,1.06,10.54,0.01,3.28,5.33,9.45,2.21,2.91,74,39,49.11,86,0.41,40.82,94,4.96,11.63,0,1.09,2.06,0,0.26,36
Lee Seung-Mo,Seoul,K League 1,1853,Defensive Midfielder,26,0.15,0.06,0.05,1.36,11,32,1,0,0.07,0.87,0.15,0.58,0.19,0.78,1.85,1.38,9.52,0.02,3.89,5.15,10.44,1.68,3.53,37,39,58.05,87,0.53,44.16,96,2.97,11.95,0.1,1.65,2.28,0.1,0.15,25
Ryu Jae-Moon,Seoul,K League 1,1656,Defensive Midfielder,31,0.05,0.02,0.04,0.54,10,30,0,0.05,0.07,0.71,0.11,0.82,0.54,0.54,1.72,1.39,10.27,0.05,5,4.62,10.65,1.45,3.17,47,63,57.55,90,0.46,47.49,97,4.38,10.81,0.16,0.49,1.03,0.05,0.16,75
Kim Geon-Woong,Jeju United FC,K League 1,1052,Defensive Midfielder,27,0,0.01,0.03,0.34,0,0,1,0,0.02,0.34,0,0.17,0.09,0.86,0.81,1.54,10.87,0.05,4.36,3.85,9.41,1.42,2.23,76,50,33.72,88,0.22,24.73,93,3.32,6.42,0.17,0.43,0.86,0,0,0
Eom Ji-Sung,Gwangju,K League 1,1303,Winger,22,0.07,0.22,0.08,2.69,3,26,4,0.21,0.12,1.52,0.28,2.62,1.11,1.59,0.55,1.11,7.6,0.03,3.25,3.38,5.8,1.23,1.77,57,33,29.08,82,0.48,33.08,86,7.02,12.09,0.41,4.97,6.08,0.07,0.83,52
Min-seo Moon,Gwangju,K League 1,1311,Winger,20,0.07,0.05,0.05,0.96,7,36,1,0,0.03,0.55,0.07,2.06,0.96,1.65,0.46,1.01,10.23,0.01,5.01,3.57,7.34,1.68,2.14,50,52,33.29,84,0.27,33.42,89,6.25,9.68,0.07,2.26,3.09,0,0.21,21
Gustav Ludwigson,Ulsan,K League 1,1519,Winger,31,0.36,0.23,0.12,1.95,18,42,2,0.24,0.17,1.07,0.59,2.07,1.3,1.66,1.89,0.83,10.6,0.02,4.44,3.32,6.75,2.49,4.38,45,38,31.16,71,0.49,30.09,87,5.93,10.96,0.65,5.21,6.22,0.06,0.59,23
Hong Yun-Sang,Pohang Steelers,K League 1,2060,Winger,22,0.26,0.22,0.18,1.22,21,64,2,0.09,0.15,1.05,0.35,1.53,0.61,1.35,0.96,0.29,11.8,0.01,4.89,2.97,5.99,1.8,2.76,34,25,31.68,79,0.48,31.24,87,5.18,11.4,0.61,4.63,5.37,0.04,0.39,31
Ataru Esaka,Ulsan,K League 1,1554,Winger,32,0.23,0.13,0.09,1.51,15,54,2,0.12,0.14,1.45,0.35,1.04,0.41,0.81,0.44,1.32,8.98,0.02,3.94,3.94,7.01,1.59,2.03,52,50,39.32,73,0.52,32.37,92,5.03,15.29,0.35,4.81,6.14,0.06,0.64,26
Kim Dae-Won,Sangju Sangmu,K League 1,1736,Winger,27,0.21,0.16,0.07,2.18,10,29,3,0.36,0.28,2.85,0.57,1.4,0.62,0.99,1.04,0.11,8.19,0,3.99,4.04,7.47,1.08,2.12,52,38,34.17,74,0.46,34.01,91,5.67,14.98,0.88,3.94,5.76,0.1,1.04,36
Lucas Rodrigues da Silva,Seoul,K League 1,665,Winger,25,0.14,0.17,0.06,2.84,5,19,5,0,0.09,0.95,0.14,5.01,1.76,2.57,1.05,0.79,6.77,0,3.25,3.93,6.09,2.15,3.2,67,31,20.18,75,0.33,28.71,71,6.97,6.64,0.14,2.17,2.98,0.14,0,0
Lim Sang-Hyub,Seoul,K League 1,1219,Winger,36,0.15,0.12,0.1,1.18,13,38,2,0.3,0.2,1.11,0.44,1.55,0.96,1.55,0.44,0.87,6.64,0,2.36,3.03,4.87,1.28,1.72,56,38,27.39,78,0.45,27.68,90,7.43,10.11,0.37,3.1,4.21,0,0.89,40
Willyan,Seoul,K League 1,1005,Winger,30,0.36,0.25,0.13,1.97,18,36,3,0,0.03,0.45,0.36,3.58,1.52,3.4,1.56,0.53,9.4,0,4.21,3.58,7.52,3.3,4.86,46,21,26.32,77,0.48,32.32,77,5.88,8.5,0,2.86,3.94,0.09,0.09,33
Jung Chi-In,Sangju Sangmu,K League 1,1135,Winger,27,0.08,0.17,0.09,1.98,4,40,2,0.08,0.12,1.11,0.16,2.77,1.43,1.43,1.47,0.77,8.96,0.01,3.41,2.93,4.84,1.13,2.6,31,53,26.87,68,0.34,27.82,79,7.32,9.75,0.63,5.47,6.42,0,0.55,24
Yu In-Soo,Gangwon,K League 1,1494,Winger,30,0.12,0.15,0.15,1.02,12,41,2,0.24,0.1,1.08,0.36,0.72,0.42,0.84,0.88,0.81,11.74,0.01,3.97,2.89,5.3,1.39,2.28,44,44,24.63,74,0.32,21.74,92,4.79,7.89,0.42,2.95,3.91,0.12,0.24,31
Yang Min-hyuk,Gangwon,K League 1,2933,Winger,18,0.31,0.17,0.1,1.66,19,48,3,0.09,0.13,0.86,0.4,2.03,0.89,2.58,0.91,0.18,13.17,0,4.57,3.53,6.2,1.74,2.65,37,29,24.37,76,0.45,27.84,81,6.28,8.04,0.4,3.35,3.99,0.03,0.21,19
Kim Min-Woo,Ulsan,K League 1,982,Winger,34,0.18,0.17,0.14,1.19,15,23,1,0.09,0.16,1.1,0.27,1.65,0.73,1.56,1.05,0.73,7.79,0.02,4.03,3.67,6.23,1.55,2.6,57,60,33.9,84,0.57,32.16,89,5.15,12,1.1,4.31,5.31,0,0.55,43
Jang See-young,Ulsan,K League 1,744,Winger,22,0.12,0.09,0.09,0.97,13,38,1,0,0.1,0.97,0.12,2.9,1.09,1.94,1.15,0.23,8.11,0.03,3.27,2.9,6.29,2.14,3.29,57,57,30.01,83,0.24,33.51,83,4.87,13.43,0.73,6.65,7.14,0.12,0.24,25
Isnairo Reis Silva Morais,Jeju United FC,K League 1,1878,Winger,31,0.14,0.19,0.08,2.25,6,36,3,0.1,0.1,1.58,0.24,2.3,1.25,1.58,0.99,0.48,14.66,0,4.46,3.88,6.85,2.28,3.26,48,31,31.73,73,0.35,33.26,88,6.56,11.65,0.14,3.07,4.31,0,0.72,33
Seong-Uk Jin,Jeju United FC,K League 1,785,Winger,31,0.23,0.14,0.08,1.72,13,13,3,0,0.12,1.15,0.23,2.87,0.92,2.06,0.47,0.52,9.06,0.02,4.01,3.44,6.19,0.81,1.27,38,39,22.69,62,0.32,24.99,79,5.97,7.45,0.69,5.96,6.76,0.11,0.23,33
Lucas Barcellos,Daegu,K League 1,716,Winger,26,0,0.26,0.08,3.14,0,32,5,0,0.05,0.75,0,4.02,1.76,3.39,0.39,0,13.83,0.01,3.52,3.39,6.41,0.95,1.35,55,29,24.39,74,0.37,35.57,76,7.12,9.93,0.5,4.53,5.66,0,0.63,33
Jung Chi-In,Daegu,K League 1,813,Winger,27,0.33,0.23,0.09,2.43,14,32,5,0.22,0.07,0.77,0.55,1.77,0.55,1.55,0.31,0.19,8.3,0,2.32,2.66,4.76,0.64,0.95,50,49,19.81,64,0.28,19.48,81,7.81,5.09,0.22,3.98,4.09,0,0.44,31
Choi Geon-Joo,Daejeon Hana Citizen FC,K League 1,653,Winger,25,0.14,0.15,0.12,1.24,11,44,3,0.28,0.09,0.83,0.41,1.65,0.83,2.34,0.37,0.19,10.75,0,3.72,2.07,4.41,0.69,1.06,38,55,18.88,68,0.21,18.19,72,4.78,7.17,0.41,3.44,4.13,0,0.41,33
Anderson Oliveira,Suwon FC,K League 1,3043,Winger,26,0.18,0.2,0.08,2.4,7,28,3,0.35,0.19,1.8,0.53,5.77,3.4,3.79,0.32,0.05,6.57,0.01,1.95,5.18,8.28,0.81,1.14,43,11,38.72,79,0.58,48.16,82,6.77,17.27,0.8,5.03,6.89,0.18,0.89,42
Hernades Rodrigues da Silva,Jeonbuk Motors,K League 1,682,Winger,25,0.26,0.3,0.13,2.24,12,35,4,0.26,0.11,1.58,0.53,3.04,1.45,2.11,0.12,0.31,4.62,0,1.85,3.83,5.54,0.8,0.92,33,29,30.22,71,0.3,36.42,84,6.15,13.07,0.66,4.09,5.41,0.13,0.66,56
Kim Bo-Sub,Incheon United,K League 1,1122,Winger,26,0.08,0.11,0.06,1.77,5,27,4,0.16,0.07,1.04,0.24,1.6,0.56,1.6,0.3,0.52,7.94,0,2.65,3.29,4.73,0.8,1.1,40,26,20.78,77,0.27,23.59,82,6.92,8.43,0.16,3.37,4.33,0,0.48,25
Gerso,Incheon United,K League 1,1737,Winger,33,0.21,0.29,0.12,2.38,9,43,4,0.16,0.19,1.55,0.36,2.85,1.19,2.75,0.26,0.24,7.2,0,2.75,3.78,6.11,1.06,1.32,30,9,22.69,75,0.47,30.1,76,6.92,10,0.83,6.42,7.1,0.1,0.73,29
Jeon Byung-Kwan,Jeonbuk Motors,K League 1,1809,Winger,22,0.25,0.19,0.09,2.14,12,21,4,0.1,0.07,0.65,0.35,1.84,0.65,1.74,0.59,0.47,14.18,0,4.93,2.89,4.93,2.12,2.72,38,44,23.98,74,0.32,25.68,83,6.43,7.96,0.35,3.98,4.63,0,0.45,21
An Tae-Hyun,Jeju United FC,K League 1,2949,Full Back,31,0.12,0.07,0.09,0.79,15,23,1,0,0.04,0.76,0.12,1.68,0.64,1.68,1.12,0.95,10.59,0.01,5.13,4.7,9.58,1.93,3.05,55,38,31.37,82,0.3,29.48,87,4.37,9.61,0.15,1.28,2.01,0,0.4,45
Park Jin-Seong,Daejeon Hana Citizen FC,K League 1,711,Full Back,23,0,0.01,0.03,0.51,0,25,1,0,0,0.13,0,0.38,0,0.76,1.11,1.55,7.73,0.02,2.79,3.04,5.95,0.86,1.97,57,72,24.95,67,0.16,19.5,92,2.85,5.19,0.13,0.89,1.39,0,0.51,21
Hong Chul,Daegu,K League 1,2273,Full Back,34,0.04,0.02,0.05,0.44,9,27,0,0.04,0.05,0.79,0.08,0.75,0.36,0.67,0.88,1.04,8.04,0.01,3.25,3.44,8.99,1.57,2.45,55,33,43.75,79,0.37,38.37,96,3.6,8.91,0.12,0.75,1.5,0,0.32,15
Kim In-Gyun,Daejeon Hana Citizen FC,K League 1,1483,Full Back,26,0.12,0.15,0.07,2,6,30,3,0.06,0.07,1.03,0.18,1.88,0.67,1.27,0.56,0.44,5.58,0,1.88,3.82,7.16,0.5,1.06,38,43,25.06,75,0.3,25.06,85,6.48,9.28,0.12,4.25,4.91,0.06,0.3,19
Choi Woo-jin,Incheon United,K League 1,1717,Full Back,20,0,0.04,0.05,0.79,0,20,1,0.21,0.16,1.52,0.21,3.04,1.57,1.36,0.41,1.29,8.39,0.01,3.41,3.3,8.02,1.31,1.72,52,30,42.55,78,0.32,41.56,91,5.19,11.11,0.37,2.2,3.62,0,0.79,38
Jung Dong-Yoon,Incheon United,K League 1,2422,Full Back,30,0,0.02,0.04,0.56,0,20,0,0.04,0.04,0.56,0.04,0.82,0.26,0.74,1.16,1.27,8.85,0.02,4.13,3.31,8.03,1.93,3.08,71,56,41.74,81,0.25,36.2,93,4.4,9.55,0.07,1.15,1.93,0.04,0.56,34
Eo Jeong-Won,Pohang Steelers,K League 1,1783,Full Back,25,0.05,0.05,0.08,0.66,8,23,1,0.1,0.1,0.61,0.15,0.71,0.25,1.11,1.94,1.37,10.8,0.05,4.24,3.18,7.37,2.47,4.4,59,45,48.76,85,0.38,44.31,95,4.9,9.74,0.05,0.86,1.82,0.05,0.25,19
Kang-min Choi,Ulsan,K League 1,608,Full Back,22,0.15,0.1,0.1,1.04,14,57,1,0,0.11,1.04,0.15,1.78,1.04,0.74,1.15,2.69,11.84,0.03,5.03,2.52,8.14,3.73,4.88,55,33,43.22,75,0.3,39.22,92,5.29,11.69,0.15,1.92,3.4,0,0.44,33
Seol Young-Woo,Ulsan,K League 1,795,Full Back,26,0,0.03,0.07,0.45,0,25,0,0.11,0.12,0.79,0.11,0.11,0.11,0.91,1.07,3.37,4.19,0.01,2.83,3.28,8.72,2.17,3.24,70,43,55.04,88,0.54,49.72,97,4.34,16.31,0.45,2.15,3.74,0,0.79,37
Shin Kwang-Hoon,Pohang Steelers,K League 1,2308,Full Back,37,0,0,0.02,0.08,0,0,0,0,0.05,0.51,0,0.35,0.19,0.43,1.34,1.92,5.81,0.02,3.24,2.73,7.41,2.15,3.5,66,41,60.9,85,0.47,53.22,98,4.04,9.2,0.04,0.08,1.64,0.12,0.27,28
Doo Hyun-Seok,Gwangju,K League 1,1449,Full Back,29,0,0.01,0.02,0.5,0,25,0,0.19,0.13,1.37,0.19,0.62,0.31,0.25,1.05,2.85,8.57,0.01,4.16,3.98,9.32,2.71,3.76,60,32,57.91,84,0.44,50.95,99,4.64,14.66,0.06,0.43,1.93,0.12,0.75,24
Yun Il-Lok,Ulsan,K League 1,2129,Full Back,32,0,0.03,0.04,0.68,0,38,1,0,0.04,0.51,0,1.27,0.8,0.72,2.73,2.59,8.75,0.02,4.82,3.47,8.75,3.16,5.89,55,50,43.79,80,0.41,38.38,94,4.7,11.33,0.08,0.93,1.65,0.04,0.3,24
Kim Moon-Hwan,Daejeon Hana Citizen FC,K League 1,1077,Full Back,29,0,0.02,0.07,0.33,0,50,0,0.08,0.04,0.42,0.08,1,0.42,0.58,2.57,1.43,3.76,0.04,3.26,2.92,8.44,1.21,3.78,30,38,41.1,87,0.28,36.01,96,4.28,7.35,0.08,0.84,1.17,0,0.33,29
Lee Yong,Suwon FC,K League 1,2455,Full Back,38,0.04,0,0.02,0.15,25,50,0,0.04,0.05,0.81,0.07,0.51,0.29,0.26,1.22,2.1,8.54,0.03,3.48,2.57,6.97,2.74,3.96,54,72,53.09,83,0.43,44.33,98,3.57,13.64,0.18,0.51,2.09,0.07,0.81,40
Yoon Jong-Gyu,Seoul,K League 1,802,Full Back,26,0,0.02,0.04,0.45,0,25,0,0.11,0.09,1.12,0.11,1.35,0.56,0.34,0.92,1.44,8.53,0.05,4.49,2.92,8.87,1.42,2.34,71,39,40.3,78,0.45,33.9,95,4.92,9.88,0.11,0.56,1.57,0,0.56,56
Choi Jun,Seoul,K League 1,3138,Full Back,25,0.03,0.01,0.02,0.23,13,25,0,0.09,0.07,0.66,0.11,1.18,0.57,0.6,2.38,2.82,6.37,0.02,3.56,3.81,8.69,1.9,4.27,46,50,47.49,79,0.41,40.12,95,4.2,12.22,0.06,0.37,1.38,0.06,0.66,29
Kim Tae-Hwan,Jeonbuk Motors,K League 1,1418,Full Back,35,0,0,,0,,,0,0.06,0.05,0.32,0.06,1.02,0.7,0.63,0.62,0.81,3.24,0.01,2.41,2.22,7.04,0.59,1.21,36,44,40.36,82,0.28,34.71,95,4.73,10.41,0.06,0.38,1.4,0,0.63,29
Ahn Hyun-Beom,Jeonbuk Motors,K League 1,1933,Full Back,30,0.09,0.06,0.1,0.61,15,38,1,0.09,0.09,0.79,0.19,0.37,0.05,0.65,0.83,2.33,6.19,0.02,3.03,2.19,5.07,2.02,2.85,67,50,31.8,79,0.37,27.42,93,4.47,9.73,0.33,2.09,2.93,0,0.42,33
Hwang Mun Ki,Gangwon,K League 1,3326,Full Back,28,0.05,0.05,0.06,0.73,7,30,1,0.19,0.07,0.57,0.24,1.43,0.62,1.49,1.26,1.08,10.85,0.02,4.95,3.19,8.2,2.55,3.81,62,39,36.64,80,0.38,35.1,91,6.05,8.74,0.14,1.03,2,0,0.54,27
Park Soo-Il,Sangju Sangmu,K League 1,1763,Full Back,28,0,0.05,0.04,1.02,0,30,1,0.05,0.04,0.71,0.05,0.56,0.31,0.77,1.8,1.87,6.64,0.02,3.78,4.7,9.9,1.96,3.76,62,45,37.42,78,0.45,31.24,93,4.98,11.38,0.1,1.33,2.04,0.05,0.46,24
Kim Tae-Hyun,Sangju Sangmu,K League 1,1078,Full Back,28,0.17,0.05,0.05,1,17,25,1,0,0.01,0.25,0.17,0.92,0.67,1.25,1.89,2.54,7.51,0.02,4.59,3.09,9.01,2.55,4.44,52,69,33.55,73,0.19,28.88,91,5.3,6.34,0.08,1.59,2.09,0.08,0.33,27
Kim Kang-San,Sangju Sangmu,K League 1,786,Full Back,26,0,0.04,0.06,0.57,0,20,1,0,0.04,0.34,0,0.8,0.46,0.69,2.4,0.65,9.85,0.05,4.24,3.55,10.76,2.69,5.09,59,55,37.78,72,0.35,28.51,96,4.73,7.21,0.11,0.92,1.49,0.11,0.23,29
Lim Jong-Eun,Ulsan,K League 1,1891,Centre Back,34,0,0.02,0.06,0.38,0,25,0,0,0.02,0.14,0,0.1,0.05,0.1,1.55,5.28,3.57,0.08,4.43,1.81,9.04,1.41,2.96,67,65,59.82,90,0.38,45.78,100,4.36,3.9,0.05,1,1.19,0,0,0
Hwang Seok-Ho,Ulsan,K League 1,1245,Centre Back,35,0,0.04,0.11,0.36,0,0,0,0,0,0.07,0,0.22,0.14,0.07,0.82,7.01,4.34,0.09,3.61,2.17,9.54,1.36,2.19,75,67,68.95,92,0.42,54.28,100,5.09,4.55,0,0.51,0.94,0,0.07,100
Lee Dong-Hee,Pohang Steelers,K League 1,2226,Centre Back,24,0,0.02,0.07,0.32,0,0,0,0,0,0.04,0,0.12,0.08,0.12,1.55,4.36,4.89,0.11,5.05,2.18,9.02,1.97,3.51,68,67,68.08,90,0.48,54.22,100,3.61,2.3,0.04,0.85,0.89,0.04,0,0
Byeon Jun-Soo,Gwangju,K League 1,1605,Centre Back,23,0.11,0.06,0.07,0.95,12,29,0,0.06,0.01,0.11,0.17,0.39,0.17,0.5,1.13,4.69,5.21,0.06,3.76,2.92,10.54,1.49,2.62,70,64,63.18,89,0.51,51.07,99,7.16,6.28,0,1.57,1.74,0.06,0,0
Kim Ki-Hee,Ulsan,K League 1,1822,Centre Back,35,0,0.03,0.08,0.4,0,63,0,0.05,0.04,0.3,0.05,0.2,0.05,0.3,1.17,5.75,3.26,0.03,3.26,1.93,9.53,1.36,2.53,74,67,60.06,86,0.36,47.02,99,4.69,4.99,0,0.74,1.23,0,0.15,30
Ahn Young-Kyu,Gwangju,K League 1,1888,Centre Back,35,0,0.03,0.08,0.43,0,33,0,0,0.01,0.24,0,0.24,0.14,0.1,1.34,5.11,4.58,0.03,3.72,3,10.87,1.76,3.1,68,68,61.26,90,0.33,47.86,99,5.62,5.34,0,0.76,1,0,0.05,33
Rim Chang-Woo,Jeju United FC,K League 1,1898,Centre Back,32,0.05,0.02,0.03,0.71,7,13,0,0,0.04,0.57,0.05,0.66,0.38,0.57,1.32,2.25,6.92,0.04,4.13,4.13,9.29,1.69,3.01,62,52,48.98,80,0.37,41.07,97,4.31,7.07,0.05,0.47,1.19,0.09,0.28,27
Lim Chai-Min,Jeju United FC,K League 1,1343,Centre Back,34,0,0.01,0.03,0.33,0,0,0,0,0.01,0.13,0,0,0,0.4,0.26,5.02,5.16,0.07,4.22,2.21,9.18,1.3,1.55,65,67,44.49,84,0.15,33.63,98,4.23,2.61,0.07,0.87,0.94,0.07,0,
Kim Jin-Hyeok,Daegu,K League 1,3000,Centre Back,31,0,0.03,0.04,0.63,0,24,1,0,0.01,0.12,0,0.18,0.12,0.33,1.4,3.55,4.26,0.06,3.72,2.22,9.21,0.99,2.39,41,68,37.38,82,0.31,28.32,97,4.17,3.12,0,0.84,0.99,0,0.06,25
Kim Tae-Han,Suwon FC,K League 1,2013,Centre Back,28,0.04,0.03,0.1,0.31,14,14,0,0,0,0.09,0.04,0,0,0.31,0.5,4.46,4.29,0.08,3.8,2.1,8.18,0.82,1.33,46,55,42.96,87,0.33,33.93,99,3.87,3.84,0.09,0.89,0.98,0,0,0
Choi Kyu-Baek,Suwon FC,K League 1,1860,Centre Back,30,0.05,0.03,0.07,0.34,14,43,0,0,0.01,0.29,0.05,0.1,0.05,0.1,0.83,3.89,4.16,0.06,3.48,1.84,8.13,1.3,2.12,86,70,42.76,87,0.34,31.73,99,4.67,2.23,0,0.92,1.06,0,0,
Hong Joon-Ho,Jeju United FC,K League 1,627,Centre Back,31,0.14,0.03,0.04,0.72,20,40,0,0,0,0.14,0.14,0.57,0.14,0,1.05,3.39,4.88,0.06,2.44,2.15,9.04,1.28,2.33,43,71,39.16,82,0.41,26.39,97,5.4,3.16,0,1.29,1.58,0,0,0
Yeon Je-Un,Jeju United FC,K League 1,1531,Centre Back,30,0,0.01,0.07,0.18,0,0,0,0,0,0.12,0,0,0,0.29,0.74,2.2,3.41,0.09,3.88,2.41,8.7,0.69,1.43,40,64,44.98,91,0.28,35.1,99,3.97,2.35,0,0.41,0.53,0,0.06,100
Jeong Tae-Wook,Jeonbuk Motors,K League 1,1122,Centre Back,27,0,0.04,0.07,0.56,0,0,0,0,0.01,0.16,0,0.24,0.08,0.16,0.92,4.22,4.49,0.09,4.01,2.17,7.38,0.91,1.83,40,59,46.22,87,0.41,35.79,98,3.99,2.89,0.08,1.69,1.77,0,0.16,100
Kim Yeon-Soo,Incheon United,K League 1,1148,Centre Back,31,0,0.01,0.06,0.16,0,50,0,0.08,0.01,0.16,0.08,0.39,0.31,0.63,1.25,3.82,8.15,0.06,5.17,2.74,11.37,2.82,4.07,85,72,50.8,84,0.27,39.2,98,4.75,6.82,0.08,0.47,0.63,0,0,
Kim Dong-Min,Incheon United,K League 1,1135,Centre Back,30,0.08,0.04,0.19,0.24,33,67,0,0,0.02,0.4,0.08,0.63,0.24,0.4,2.5,2.23,7.61,0.01,5.39,2.54,8.88,2.58,5.08,52,68,55.13,88,0.37,45.61,98,4.32,8.17,0.08,0.32,1.03,0,0.32,31
Marko Tuci,Gangwon,K League 1,2667,Centre Back,26,0.03,0.03,0.07,0.37,9,27,0,0.07,0.01,0.17,0.1,0.27,0.17,0.17,0.63,3.51,4.66,0.08,4.22,1.28,7.22,1.22,1.84,65,70,49,91,0.39,39.12,99,5.05,4.18,0.03,1.01,1.08,0,0.03,25
Lee Jung-Taek,Daejeon Hana Citizen FC,K League 1,2305,Centre Back,26,0,0.01,0.06,0.12,0,33,0,0.04,0.03,0.23,0.04,0.31,0.12,0.47,1.13,2.75,8.12,0.05,3.59,2.15,7.38,1.46,2.58,61,58,39.86,84,0.2,30.53,97,3.9,4.96,0.08,0.47,0.9,0,0.27,58
Aaron Calver,Daejeon Hana Citizen FC,K League 1,1552,Centre Back,28,0,0,0.02,0.12,0,0,0,0,0,0.12,0,0.41,0.06,0.23,0.93,3.75,8.17,0.09,5.39,1.68,6.73,2.07,3,53,59,56.12,89,0.21,45.57,98,4.22,6.49,0.06,0.35,0.64,0,0.06,25
Yazan Alarab,Seoul,K League 1,809,Centre Back,28,0,0.01,0.04,0.33,0,67,0,0,0,0.11,0,0.22,0.11,0.56,1.63,4.73,5.23,0.08,4.34,1.78,10.34,1.96,3.59,80,73,49.92,85,0.39,38.25,98,6.41,2.89,0,1.33,1.45,0,0,0
Gwon Wan-Gyu,Seoul,K League 1,2493,Centre Back,33,0.07,0.07,0.09,0.79,9,23,0,0,0.01,0.14,0.07,0.29,0.18,0.29,1.19,4.01,4.26,0.08,3.25,2.2,8.81,1.36,2.55,64,61,60.43,88,0.56,48.45,99,4.51,4.01,0.14,1.77,1.99,0,0.11,43
Park Jin-Sub,Jeonbuk Motors,K League 1,2133,Centre Back,29,0,0.03,0.11,0.25,0,0,0,0,0.03,0.21,0,0.17,0.08,0.13,1.32,4.05,5.91,0.06,4.18,2.53,9.24,2.31,3.63,71,65,54.43,89,0.46,40.38,99,4.75,5.86,0.21,1.35,1.43,0.04,0.04,25
Ku Ja-Ryoung,Jeonbuk Motors,K League 1,1045,Centre Back,32,0,0.04,0.13,0.34,0,0,0,0,0.01,0.09,0,0.09,0.09,0.26,1.07,4.13,3.1,0.04,4.57,1.64,7.93,0.81,1.87,57,55,52.63,91,0.4,41.09,99,4.14,1.64,0.17,0.86,1.03,0,0.09,100
Park Seung-Wook,Sangju Sangmu,K League 1,2646,Centre Back,27,0,0.01,0.06,0.2,0,33,0,0.07,0.02,0.34,0.07,0.14,0.07,0.17,1.2,3.22,6.09,0.07,3.98,2.21,9.39,1.85,3.06,66,40,51.66,87,0.44,40.47,99,5.12,5.95,0,0.48,0.75,0.07,0.03,25
Kim Min-Duk,Sangju Sangmu,K League 1,1161,Centre Back,28,0,0.02,0.11,0.16,0,0,0,0,0.01,0.08,0,0.23,0,0.47,1.1,4.68,5.19,0.06,4.88,1.71,7.99,1.47,2.56,56,62,39.77,87,0.37,31.48,97,5.17,2.33,0,0.39,0.47,0,0,
Baek Sung-Dong,Pohang Steelers,K League 1,1685,Centre Forward,33,0.11,0.12,0.1,1.12,10,38,2,0.05,0.15,1.71,0.16,0.37,0.16,0.69,0.14,0.37,5.29,0.01,1.92,2.08,4.49,0.46,0.6,25,20,25.91,79,0.43,23.77,92,3.98,8.55,0.27,2.94,3.95,0,0.64,36
Heo Young-Joon,Pohang Steelers,K League 1,1361,Centre Forward,31,0.2,0.25,0.12,1.98,10,27,3,0.2,0.12,1.19,0.4,0.4,0.2,1.65,0.2,0.4,10.65,0.03,3.44,2.18,4.3,0.98,1.18,50,45,26.05,81,0.38,23.21,87,3.36,7.21,0.4,5.29,5.95,0.2,0.2,27
Yun Min-Ho,Pohang Steelers,K League 1,687,Centre Forward,25,0.13,0.07,0.07,0.92,14,43,1,0.26,0.03,0.79,0.39,1.05,0.52,1.31,0.64,0.42,15.19,0.01,4.72,2.62,4.98,1.57,2.21,40,39,27.37,82,0.2,26.46,89,3.19,9.3,0.13,3.14,3.67,0.13,0.26,25
Choi Kyoung-Rok,Gwangju,K League 1,2247,Centre Forward,29,0.08,0.09,0.09,0.96,8,21,1,0.08,0.1,1.52,0.16,0.96,0.24,1.28,0.86,0.94,8.45,0.03,3.32,3.24,6.45,1.57,2.43,41,44,31.44,84,0.47,29.31,89,5.2,9.37,0.28,2.96,3.8,0.16,0.16,29
Kang Yoon-Gu,Ulsan,K League 1,885,Centre Forward,22,0.2,0.22,0.09,2.54,8,16,3,0.1,0.1,1.02,0.3,0.3,0.1,0.81,0.69,0.59,11.39,0,4.37,2.54,4.68,1.54,2.23,45,36,32.33,81,0.53,28.87,91,5.17,13.11,0.2,3.96,5.29,0,0.61,60
Peniel Mlapa,Daejeon Hana Citizen FC,K League 1,626,Centre Forward,33,0.43,0.28,0.09,3.16,14,36,7,0,0.01,0.43,0.43,0.72,0.14,0.14,0,0.31,4.89,0,2.01,2.01,3.31,0.66,0.66,,52,17.24,56,0.37,9.77,78,5,3.45,0.43,7.62,7.76,0,0,0
Lee Seung-Woo,Suwon FC,K League 1,1176,Centre Forward,26,0.61,0.44,0.15,2.98,21,54,4,0.15,0.1,1.38,0.77,2.52,1.15,1.91,0.17,0.25,6.89,0.01,1.68,3.06,4.9,0.85,1.03,56,27,36.95,82,0.63,39.17,87,4.64,15.23,0.31,5.97,7.57,0.08,0.08,10
Park Dong-Jin,Seoul,K League 1,696,Centre Forward,30,0.13,0.13,0.11,1.16,11,22,2,0.39,0.19,0.91,0.52,0.52,0,1.94,0.73,1.72,10.35,0.01,2.2,1.29,2.72,0.84,1.57,100,44,21.48,73,0.31,18.24,84,3.85,6.86,0.65,4.92,5.43,0,0.26,50
Yago Cariello Ribeiro,Gangwon,K League 1,1676,Centre Forward,25,0.48,0.24,0.08,2.9,17,31,6,0.05,0.18,1.45,0.54,1.07,0.48,2.2,0.28,0.34,7.84,0.01,1.72,2.85,4.83,0.29,0.57,33,41,15.63,74,0.45,18.74,72,5.71,5.69,0.38,4.67,5.37,0.16,0.05,25
Sang-Yoon Kang,Suwon FC,K League 1,1688,Attacking Midfielder,20,0.16,0.07,0.11,0.69,23,38,1,0.11,0.08,1.17,0.27,1.01,0.48,1.39,1.02,0.34,12.1,0.01,3.36,3.09,6.61,1.58,2.6,50,13,36.53,88,0.45,35.25,91,4.33,9.76,0.48,2.51,3.15,0,0.32,75
Han Chan-Hee,Pohang Steelers,K League 1,1423,Defensive Midfielder,27,0,0.07,0.07,1.07,0,12,1,0,0.05,0.44,0,1.01,0.76,0.82,1.17,1.11,7.71,0.01,3.92,4.74,10.62,1.51,2.68,38,81,54.75,84,0.53,45.52,96,4.08,9.04,0,0.63,1.01,0.06,0.13,22
Kim Jong-Woo,Pohang Steelers,K League 1,1064,Defensive Midfielder,31,0.17,0.17,0.1,1.61,11,16,1,0.08,0.09,1.44,0.25,2.03,0.93,1.44,1.51,1.06,10.07,0.01,5.16,6.26,11.85,2.89,4.4,53,40,52.71,90,0.63,46.45,93,4.96,15.31,0.17,2.54,3.47,0,0.42,45
Park Tae-Jun,Gwangju,K League 1,1531,Defensive Midfielder,25,0.12,0.06,0.07,0.82,14,29,1,0.06,0.07,1.47,0.18,1.41,0.82,1.53,0.99,0.95,7.82,0.04,3.7,3.94,7.76,1.57,2.57,43,24,45.55,87,0.42,41.56,93,5.53,10.99,0.29,1.88,3.06,0.06,0.18,25
Dong-jin Kim,Pohang Steelers,K League 1,718,Defensive Midfielder,21,0.13,0.04,0.03,1.25,10,40,1,0.13,0.04,0.75,0.25,0.38,0.25,0.5,1.19,1.63,8.27,0.01,4.14,5.14,10.65,1.2,2.39,50,45,50.25,82,0.43,38.09,98,3.73,9.4,0,0,0.38,0,0.25,33
Gyu-Seong Lee,Ulsan,K League 1,1397,Defensive Midfielder,30,0,0.03,0.05,0.58,0,33,0,0.06,0.04,0.58,0.06,1.29,0.97,1.29,0.91,0.8,9.41,0.01,4.45,4.96,9.54,1.15,2.05,32,47,61.6,89,0.62,52.97,96,5.14,20.04,0.32,0.97,2.26,0,0.06,13
Ko Seung-Beom,Ulsan,K League 1,2139,Defensive Midfielder,30,0.08,0.07,0.07,0.93,9,41,1,0.08,0.06,0.8,0.17,0.8,0.42,1.26,2.35,1.53,16.83,0.01,7.7,6.65,11.32,3.61,5.96,44,55,54.92,87,0.55,43.89,94,4.69,14.39,0.5,2.4,3.16,0.04,0.63,45
Italo Moreira Barcelos,Jeju United FC,K League 1,3005,Defensive Midfielder,27,0.09,0.03,0.05,0.6,15,20,0,0.03,0.04,0.72,0.12,0.72,0.42,1.14,0.86,1.46,9.05,0.03,4.46,4.31,9.91,1.6,2.46,53,56,38.91,80,0.33,32.29,91,4.56,7.67,0.15,1.74,2.13,0,0.09,21
Sae-Jin Park,Daegu,K League 1,1938,Defensive Midfielder,20,0.09,0.06,0.09,0.74,13,38,1,0.05,0.05,0.98,0.14,1.67,0.88,1.72,0.84,0.34,12.91,0,4.92,3.76,7.85,1.08,1.92,36,36,32.64,81,0.28,31.9,89,4.64,8.82,0.14,2.18,2.97,0.05,0.37,47
Ki Sung-Yeung,Seoul,K League 1,1633,Defensive Midfielder,35,0.11,0.03,0.03,1.05,11,32,1,0.11,0.11,1.27,0.22,0.61,0.33,0.77,0.74,1.92,8.38,0.03,3.42,4.19,8.05,1.92,2.66,55,55,63.01,86,0.43,52.54,97,5.17,14.94,0.06,0.5,1.1,0.11,0.61,31
Lee You-Hyeon,Gangwon,K League 1,1678,Defensive Midfielder,27,0,0.03,0.05,0.64,0,33,1,0.05,0.07,0.59,0.05,0.86,0.32,1.18,1.49,0.76,12.02,0.04,5.74,3.49,7.08,2.22,3.71,50,32,47.96,89,0.38,39.49,95,4.24,10.19,0.05,0.91,1.61,0.16,0.11,22
Victor Bobsin,Daejeon Hana Citizen FC,K League 1,940,Defensive Midfielder,24,0,0.02,0.04,0.48,0,0,0,0.1,0.06,1.05,0.1,0.96,0.48,1.53,0.93,1.34,11.3,0.01,4.02,4.4,8.52,1.15,2.07,36,57,39.16,83,0.4,34.08,91,4.27,7.95,0,0.57,1.44,0.19,0.1,20
Lim Deok-Keun,Daejeon Hana Citizen FC,K League 1,1231,Defensive Midfielder,24,0.07,0.05,0.05,1.02,7,36,1,0,0.01,0.07,0.07,1.97,1.1,0.58,1.17,1.48,8.19,0.04,4.75,4.09,10.46,1.06,2.23,27,67,45.7,83,0.21,37.8,95,4.32,6.51,0.15,1.46,1.75,0.07,0,0
Ju Se-Jong,Daejeon Hana Citizen FC,K League 1,1648,Defensive Midfielder,34,0.05,0.03,0.03,0.98,6,28,1,0,0.07,1.26,0.05,0.55,0.33,0.71,1.21,0.43,12.62,0.01,4.7,4.97,10.65,2.05,3.26,54,50,60.19,79,0.34,48.28,96,4.02,12.4,0,0.44,1.15,0.11,0.33,30
Lee Young-Jae,Jeonbuk Motors,K League 1,2162,Defensive Midfielder,30,0.17,0.11,0.06,1.79,9,21,2,0.04,0.11,1.42,0.21,0.79,0.5,0.87,1.5,0.86,11.7,0.02,4.08,4.58,8.7,1.48,2.98,25,54,43.88,82,0.44,37.47,96,3.87,11.78,0.12,1.96,3.04,0.12,0.54,43
Kim Jin-Kyu,Jeonbuk Motors,K League 1,795,Defensive Midfielder,27,0.34,0.18,0.09,1.92,18,24,2,0,0.16,1.58,0.34,1.58,1.02,0.57,1.2,0.36,7.59,0.01,3.74,4.87,6.68,1.86,3.06,64,43,43.13,82,0.57,36.79,95,4.04,14.6,0.34,2.49,4.42,0.34,0.45,40
Han Kook-Young,Jeonbuk Motors,K League 1,1429,Defensive Midfielder,34,0,0.01,0.04,0.19,0,33,0,0,0.02,0.38,0,0.44,0.25,0.57,1.58,1.15,9.2,0.03,4.28,4.35,9.83,2.15,3.73,48,53,46.86,89,0.46,34.45,97,3.24,9.64,0.06,0.44,0.76,0,0,0
Lee Myung-Joo,Incheon United,K League 1,1921,Defensive Midfielder,34,0,0.04,0.06,0.61,0,8,1,0,0.09,1.45,0,0.66,0.42,0.89,0.94,0.63,11.81,0.01,4.59,5.06,10.26,2.01,2.95,50,44,48.97,85,0.37,38.19,95,3.18,13.12,0.28,1.36,2.58,0.19,0.33,32
Paul-José M'Poku,Incheon United,K League 1,1528,Defensive Midfielder,32,0.06,0.05,0.05,1.18,5,15,1,0,0.07,1.41,0.06,1.59,0.94,1.65,0.83,0.79,6.83,0.01,2.89,4.01,8.31,1.15,1.99,53,48,57.39,81,0.4,49.85,93,4.74,15.85,0.06,0.59,1.77,0.29,0.53,47
Kim Kang-Guk,Gangwon,K League 1,1819,Defensive Midfielder,27,0,0.05,0.05,0.84,0,12,1,0,0.1,1.58,0,0.64,0.45,0.74,1.37,1.37,10.49,0.02,3.81,4.3,9.1,1.39,2.76,30,56,47.29,83,0.42,37.05,96,3.66,9,0.05,0.84,1.58,0.05,0.35,35
Won Du-jae,Sangju Sangmu,K League 1,1083,Defensive Midfielder,27,0.08,0.04,0.07,0.58,14,14,0,0,0.04,0.75,0.08,0.17,0.08,0.75,0.9,2.13,8.23,0.04,3.32,4.49,10.72,1.73,2.63,70,73,64.58,88,0.37,50.7,98,4.17,12.38,0,0.75,1.41,0,0,
Kim Yi-Seok,Gangwon,K League 1,1252,Defensive Midfielder,26,0.14,0.05,0.08,0.65,22,56,1,0.07,0.08,1.15,0.22,0.29,0.22,0.5,1.12,1.42,13.15,0.01,4.81,3.23,8.19,1.45,2.57,52,64,41.18,88,0.25,33.85,95,4.37,7.26,0.07,0.57,1.51,0.07,0.22,60
Jeong Jae-Hee,Pohang Steelers,K League 1,1608,Winger,30,0.45,0.23,0.1,2.24,20,38,3,0.17,0.13,1.18,0.62,1.9,0.22,1.23,0.44,0.16,4.93,0.01,2.02,3.92,6.77,0.77,1.21,41,48,30.4,72,0.43,29.89,84,6.17,11.03,0.28,3.92,5.37,0,0.73,21
Kim Han-Gil,Gwangju,K League 1,930,Winger,29,0,0.16,0.08,1.94,0,30,3,0.1,0.02,0.39,0.1,2.32,0.97,1.94,0.89,0.62,6.1,0.01,2.9,2.52,6.29,1.8,2.69,27,56,31.95,78,0.49,33.98,85,6.81,14.33,0.19,4.55,5.52,0,0.29,14
Jasir Asani,Gwangju,K League 1,715,Winger,29,0.25,0.2,0.06,3.4,7,48,4,0,0.09,0.88,0.25,3.27,1.51,1.76,0.4,0.32,8.56,0,3.9,3.53,6.04,1.51,1.91,29,33,27.07,76,0.3,32.74,87,7.37,8.81,0,3.53,4.41,0.13,1.01,50
Gabriel Tigrão,Gwangju,K League 1,2183,Winger,23,0.29,0.22,0.11,1.94,15,38,3,0.21,0.19,0.7,0.49,3.01,1.03,2.6,0.76,1.09,12.9,0.02,5.65,3.22,6.51,2.14,2.9,38,49,21.52,68,0.48,27.83,75,6.95,7.54,0.45,4.37,5.4,0.04,0.58,25
Lee Chung-Yong,Ulsan,K League 1,860,Winger,36,0,0.04,0.07,0.52,0,20,0,0.21,0.19,0.84,0.21,1.68,0.73,1.36,1.17,0.75,9.63,0.01,5.13,4.71,9.95,2.04,3.21,30,55,50.78,84,0.41,45.86,93,5.68,19.37,0.42,2.3,4.29,0.21,0.84,42
Kim In-Sung,Pohang Steelers,K League 1,1436,Winger,35,0.13,0.14,0.08,1.69,7,30,2,0.06,0.08,1.13,0.19,1.5,0.75,1.63,1.08,0.3,10.34,0,3.64,4.01,6.96,1.46,2.55,48,24,29.08,81,0.35,29.21,87,6.01,12.03,0.13,2.95,4.07,0,0.5,22
Galego,Jeju United FC,K League 1,626,Winger,27,0.14,0.26,0.07,3.88,4,33,6,0.14,0.05,0.58,0.29,2.88,1.58,2.01,0.77,0.61,14.53,0.01,5.47,5.32,7.48,3.51,4.28,50,9,24.6,72,0.43,31.79,83,7.87,9.06,0,2.73,3.6,0.14,0.29,15
Mo Jae-Hyeon,Sangju Sangmu,K League 1,1164,Winger,28,0.23,0.13,0.08,1.62,14,38,2,0.08,0.14,1.08,0.31,1.86,0.7,1.24,0.6,0.69,12.68,0.01,4.02,4.02,7.34,2.1,2.69,50,45,32.7,72,0.56,32,87,7.18,12.6,0.85,4.48,5.87,0,1.24,30
Cho Young-Wook,Seoul,K League 1,1683,Winger,25,0.16,0.11,0.08,1.34,12,40,2,0.16,0.1,0.8,0.32,1.93,1.23,1.71,0.57,0.81,5.88,0.01,3.15,2.51,5.19,1.16,1.73,55,54,23.21,75,0.3,23.31,85,5.57,6.63,0.48,3.64,4.12,0,0.43,31
Han Seung-Gyu,Seoul,K League 1,1216,Winger,28,0.07,0.06,0.09,0.67,11,56,1,0.3,0.18,1.55,0.37,1.11,0.59,1.55,0.45,0.37,6.88,0.01,3.03,3.03,6.22,1.6,2.05,47,45,38.63,84,0.44,35.97,93,4.29,14.36,0.22,2.44,2.89,0,0.3,20
Kang Seong-Jin,Seoul,K League 1,972,Winger,21,0.19,0.21,0.14,1.57,12,59,2,0.09,0.09,1.11,0.28,2.31,1.11,3.33,0.25,0.17,10,0.01,3.15,2.87,5.46,0.78,1.03,17,13,29.16,76,0.46,30.83,82,5.28,10.83,0.19,3.43,4.63,0.09,0.19,15
Moon Seon-Min,Jeonbuk Motors,K League 1,1158,Winger,32,0.47,0.33,0.12,2.64,18,44,3,0.23,0.14,1.4,0.7,2.41,0.86,1.71,0.7,0.27,9.72,0.01,3.26,3.96,5.83,1.39,2.09,21,23,31.95,80,0.61,33.97,83,6.48,13.06,0.47,5.29,6.53,0.16,0.39,28
Jin-Hyuk Cho,Gangwon,K League 1,1122,Winger,24,0.16,0.14,0.09,1.44,11,28,3,0.08,0.03,0.64,0.24,1.93,0.64,2.33,0.92,0.24,13.24,0,3.85,3.61,6.18,2.66,3.58,57,36,23.11,77,0.32,27.84,80,6.37,8.91,0.16,2.89,3.21,0.08,0.4,33
Kim Hyeon-Ug,Sangju Sangmu,K League 1,949,Winger,29,0.38,0.14,0.11,1.23,31,31,2,0.09,0.16,1.71,0.47,3.61,1.9,0.57,0.85,0.44,8.44,0,2.37,2.94,5.79,1.14,1.98,20,20,33.49,77,0.4,33.78,89,4.12,10.34,0.28,3.13,4.74,0.09,1.04,39
Won-Sang Um,Ulsan,K League 1,1667,Winger,25,0.22,0.26,0.13,2,11,57,4,0.11,0.08,1.19,0.32,1.89,0.76,1.08,0.83,0.43,8.15,0.01,2.48,2.65,4.81,1.32,2.15,42,38,23.87,72,0.45,23.11,86,6.77,10.58,0.65,6.97,7.78,0,0.49,28
Yong-Hui Park,Daegu,K League 1,1306,Winger,22,0.21,0.18,0.11,1.58,13,39,3,0.07,0.1,0.83,0.28,2.27,0.69,2.14,0.84,0.29,8.27,0,2.82,3.38,6.2,0.68,1.53,7,44,27.29,72,0.44,30.18,83,6.48,8.2,0.28,2.62,3.24,0.07,0.62,27
Ko Jae-Hyun,Daegu,K League 1,2145,Winger,25,0.04,0.1,0.07,1.55,3,24,3,0.04,0.08,0.63,0.08,1.51,0.55,1.17,0.49,0.3,10.95,0,4.78,2.52,4.91,1.16,1.65,45,38,20.85,76,0.36,21.14,84,5.26,6.59,0.25,3.44,3.61,0,0.38,33
Kim Seung-Dae,Daejeon Hana Citizen FC,K League 1,1583,Winger,33,0.11,0.09,0.23,0.4,29,29,1,0.17,0.16,1.42,0.28,0.34,0.17,0.74,0.18,0.31,4.66,0,2.1,2.96,5.12,0.86,1.04,75,16,27.51,75,0.3,23.19,92,3.9,9.38,0.51,2.96,3.98,0,0.4,30
Do-Yong Yoon,Daejeon Hana Citizen FC,K League 1,676,Winger,18,0.13,0.17,0.1,1.6,8,58,3,0.4,0.17,1.46,0.53,3.73,0.8,3.2,0.79,0.49,15.84,0,6.66,2.93,6.52,2.17,2.96,50,23,28.36,73,0.34,32.22,74,5.71,9.85,0.67,5.33,5.73,0,0.27,18
Kim Joo-Yeop,Suwon FC,K League 1,670,Winger,24,0.13,0.2,0.15,1.34,10,30,2,0.13,0.05,0.27,0.27,2.82,1.21,2.01,0.46,0.24,9.54,0,3.09,2.01,5.24,1.24,1.71,45,53,30.63,69,0.49,30.22,86,6.24,10.75,0.67,4.57,5.24,0.13,0.81,29
Jung Seung-Won,Suwon FC,K League 1,2822,Winger,27,0.22,0.1,0.06,1.53,15,31,2,0.19,0.14,1.21,0.41,1.21,0.51,1.21,0.85,0.47,7.02,0.01,2.77,4.27,8.39,0.84,1.69,45,30,35.63,78,0.43,33.75,92,5.25,11.04,0.38,3.06,4.18,0.19,0.51,32
Han Kyo-Won,Jeonbuk Motors,K League 1,709,Winger,34,0,0.12,0.1,1.14,0,22,2,0.13,0.04,0.63,0.13,1.65,0.51,1.9,1.15,0.52,7.49,0.01,4.44,4.06,6.85,1.07,2.22,54,44,20.68,70,0.34,19.79,81,4.82,7.87,0,3.43,4.31,0,0.51,50
Andrigo Oliveira de Araújo,Jeonbuk Motors,K League 1,782,Winger,29,0.35,0.3,0.12,2.42,14,38,3,0.35,0.35,2.07,0.69,1.61,0.58,1.38,0.25,0.54,7.25,0,2.65,4.37,6.56,1.97,2.22,17,21,28.77,73,0.62,28.42,88,4.11,13.23,0.46,4.6,7.02,0.23,1.27,52
Park Seung-ho,Incheon United,K League 1,1520,Winger,21,0.12,0.13,0.07,1.95,6,15,3,0.06,0.1,0.89,0.18,0.83,0.3,1.3,0.98,0.51,12.02,0.01,3.97,3.55,5.8,0.99,1.97,38,44,23.92,74,0.3,21.2,84,4.73,6.63,0.36,2.66,3.08,0,0.18,19
Kim Seong-Min,Incheon United,K League 1,1148,Winger,24,0.08,0.07,0.06,1.02,8,31,2,0,0.07,0.71,0.08,2.27,0.71,2.27,0.59,0.59,7.53,0,3.06,2.9,6.59,0.9,1.49,67,14,24.7,70,0.23,26.51,79,6.22,8.16,0,2.12,3.45,0.08,0.94,32
Kim Tae-Hwan,Jeju United FC,K League 1,2439,Full Back,24,0.07,0.04,0.03,1.14,6,29,1,0.04,0.05,0.81,0.11,0.7,0.44,1.14,1.24,1.22,7.42,0.02,4.54,3.98,9.85,1.78,3.02,65,39,38.41,74,0.29,32.47,94,3.86,11.44,0.22,1.18,2.1,0,0.59,23
Kang Yoon-Sung,Daejeon Hana Citizen FC,K League 1,1255,Full Back,27,0,0.01,0.05,0.22,0,33,0,0.07,0.03,0.5,0.07,1.22,0.5,0.72,1.53,1,9.4,0.04,4.95,3.73,7.6,1.29,2.82,75,61,34.42,81,0.23,29.69,94,4.86,9.97,0.22,0.93,2.01,0.07,0.14,14
Hong Si-Hoo,Incheon United,K League 1,1345,Full Back,23,0.07,0.03,0.05,0.47,14,29,1,0.07,0.04,0.47,0.13,1.2,0.33,1.27,0.79,0.96,8.76,0.01,2.74,2.07,5.69,1.31,2.1,78,40,29.77,76,0.17,28.43,87,5.06,8.3,0.2,1.74,1.94,0,0.27,16
Hwang Jae-Won,Daegu,K League 1,2778,Full Back,22,0,0.01,0.03,0.39,0,42,0,0.06,0.09,1.33,0.06,1.52,0.65,1.2,1.32,1.01,9.2,0.02,4.99,3.37,9.07,1.56,2.88,65,48,47.86,86,0.4,43.1,94,4.8,12.28,0.13,0.87,2.2,0.1,0.97,43
Jang Seong-Won,Daegu,K League 1,1883,Full Back,27,0.05,0.01,0.02,0.33,14,43,0,0,0.03,0.67,0.05,1.53,0.53,1,1.39,1.17,6.55,0.04,3.87,3.01,6.55,1.3,2.69,56,41,28.82,76,0.26,25.96,88,6.14,6.69,0.05,0.43,1.43,0.05,0.57,34
Min Kyung-Hyun,Incheon United,K League 1,949,Full Back,23,0,0.01,0.02,0.38,0,25,0,0,0.01,0.28,0,1.9,1.33,1.33,1.01,0.8,8.44,0.02,3.6,3.13,8.92,2.04,3.05,50,35,41.07,83,0.25,36.14,93,3.91,11.38,0.28,1.42,2.37,0,0.76,36
Kim Jun-Yub,Incheon United,K League 1,968,Full Back,36,0,0.04,0.12,0.37,0,0,1,0,0.01,0.19,0,1.3,0.56,0.74,1,1.17,8.37,0.03,2.6,2.14,7.16,1.45,2.45,73,63,37.83,76,0.22,31.32,93,3.65,8.64,0,1.21,2.04,0,0.84,56