Name,Team,Competition,Minutes,Primary Position,Age,NP Goals,xG,xG/Shot,Shots,Goal Conversion%,Shooting%,Shot Touch%,Penalty Conversion%,Assists,xG Assisted,Key Passes,OP Key Passes,Scoring Contribution,xG & xG Assisted,Shots & Key Passes,Dribbles,Successful Dribbles,Dispossessed,PAdj Interceptions,PAdj Clearances,Defensive Actions,Aggressive Actions,Blocks/Shot,Defensive Regains,Ball Recov. F2,Ball Recoveries,PAdj Tackles,PAdj Tack&Int,Dribbles Stopped%,Aerial Win%,Pressures,PAdj Pressures,Counterpressures,Counterpress Regains,OP Passes,Passing%,Long Ball%,Deep Progressions,xGBuildup,xGChain,Carries,Carry%,Carry Length,OP F3 Passes,PintoB,OP Passes Into Box,SP PintoB,Passes Inside Box,Touches In Box,PinTin,Throughballs,Successful Box Cross%,Successful Crosses,Crossing%,Deep Completions,Pass Forward%,Pass OBV,D&C OBV,DA OBV,Shot OBV,Goalkeeper OBV,OBV
Aaron Wildig,Newport County AFC,League Two,1196,Attacking Midfielder,33,0.3,0.15,0.13,1.13,27,47,2,,0,0.02,0.68,0.68,0.3,0.17,1.81,0.38,0.3,0.6,0.49,0.71,21.3,10.69,0.03,3.61,3.84,7.15,1.45,1.94,36,33,18.22,14.89,4.74,0.68,29.66,80,48,2.03,0.34,0.41,22.81,95,3.17,5.8,0.3,0.3,0,0.15,2.56,2.86,0,0,0.08,17,0.45,21,-0.02,0.11,0.04,-0.02,,0.11
Armando Dobra,Chesterfield,League Two,1194,Attacking Midfielder,24,0.23,0.28,0.1,2.71,8,25,4,,0,0.06,0.83,0.83,0.23,0.34,3.54,1.66,0.75,3.09,0.55,0.29,22.23,12.21,0.01,4.29,3.92,6.03,2.34,2.89,37,14,19.14,26.6,4.29,0.75,26.6,80,46,3.99,0.43,0.61,34.81,82,7.07,10.4,0.53,0.53,0,0.45,4.75,5.27,0,0,0.08,13,0.45,21,-0.05,0.18,-0.01,-0.09,,0.03
Ben Woodburn,Salford City,League Two,834,Attacking Midfielder,25,0.22,0.15,0.07,2.16,10,30,3,,0.22,0.08,1.29,0.86,0.43,0.23,3.45,1.29,0.54,1.83,0.65,0.13,25.36,10.9,0.02,3.56,4.75,7.55,1.33,1.98,33,39,22.12,21.4,4.96,0.65,24.39,68,64,4.53,0.22,0.38,23.74,82,5.29,8.53,1.19,0.65,0.54,0,1.73,2.37,0.22,0,0,0,0.22,21,0,0.04,0.01,0,,0.05
Conner Jennings,Tranmere Rovers,League Two,1109,Attacking Midfielder,33,0.16,0.19,0.12,1.54,11,37,2,,0.08,0.05,0.73,0.73,0.24,0.24,2.27,0.41,0.32,0.97,0.56,2.33,13.88,6.33,0.03,3,4.95,8.68,1.33,1.89,55,65,11.36,10.84,2.76,0.24,29.14,65,37,2.84,0.27,0.4,22.89,90,3.51,9.09,0.41,0.41,0,0.24,4.14,4.54,0.08,20,0.08,33,0.73,26,-0.1,0.01,0.01,-0.03,,-0.11
George Lapslie,Gillingham,League Two,708,Attacking Midfielder,27,0.13,0.18,0.14,1.27,10,40,2,,0,0.04,0.25,0.25,0.13,0.22,1.53,0.64,0.51,0.76,0.24,0.53,21.74,9.15,0.03,4.45,4.07,6.23,1.83,2.06,63,32,17.8,13.4,3.69,0.38,21.11,81,57,1.65,0.2,0.35,19.83,89,3.58,7.37,0.51,0.51,0,0.13,3.05,3.56,0.13,25,0.13,33,0.51,19,-0.04,0.03,0.06,-0.03,,0.02
Harry Clifton,Doncaster Rovers,League Two,965,Attacking Midfielder,26,0.19,0.26,0.12,2.15,9,30,3,,0,0.03,0.93,0.93,0.19,0.3,3.08,1.21,0.37,1.31,0.83,0.98,24.81,11.01,0.01,4.76,6.16,9.98,2.67,3.5,33,39,20.71,23.28,5.69,1.21,31.25,72,72,3.26,0.44,0.6,26.58,88,4.74,9.7,0.47,0.47,0,0,4.85,5.32,0.09,0,0.28,33,0.47,22,-0.04,0.03,0.02,0.03,,0.04
Harvey Macadam,Morecambe,League Two,717,Attacking Midfielder,24,0.13,0.05,0.07,0.75,17,33,1,,0,0.05,0.63,0.63,0.13,0.1,1.38,0.75,0.63,2.01,0.56,1.49,23.59,9.54,0.03,3.01,5.02,7.65,0.99,1.55,100,51,21.46,18.48,3.76,0,27.98,74,52,2.38,0.23,0.29,22.96,88,5.01,10.79,1,0.88,0.13,0.25,2.38,3.26,0,38,0.63,36,0.63,21,0.04,0.03,0.01,-0.02,,0.06
Jimmy Knowles,Accrington Stanley,League Two,666,Attacking Midfielder,24,0.27,0.16,0.11,1.49,18,36,4,,0.14,0.05,0.68,0.68,0.41,0.21,2.16,0.95,0.54,1.49,0.18,0.47,17.56,5.94,0.01,1.76,3.24,4.19,0.6,0.78,33,29,15.8,12.13,2.57,0,17.29,74,57,1.62,0.23,0.39,16.88,76,4.57,6.08,0.54,0.54,0,0,2.3,2.84,0.14,0,0,0,0.14,17,-0.04,-0.03,0,0.04,,-0.02
Joel Colwill,Cheltenham Town,League Two,1013,Attacking Midfielder,20,0.18,0.11,0.06,1.87,10,24,3,,0.18,0.1,0.89,0.71,0.36,0.22,2.75,1.51,0.36,1.69,0.43,0.83,22.21,9.86,0.02,4.09,5.06,9.42,1.34,1.77,67,35,19.28,14.63,3.46,0.44,26.74,71,47,4.35,0.42,0.51,26.56,81,6.02,8.35,0.89,0.8,0.09,0.18,3.2,4,0.27,20,0.27,27,0.36,26,-0.01,0.11,0.02,-0.08,,0.04
Kian Spence,Barrow,League Two,1253,Attacking Midfielder,24,0.07,0.12,0.06,2.23,3,26,2,,0,0.06,0.93,0.93,0.07,0.19,3.16,1.15,0.57,1.22,0.55,1.01,34.18,17.09,0.03,6.46,5.03,8.47,2.58,3.13,47,30,29.22,25.06,6.1,0.5,31.66,74,61,3.88,0.23,0.29,29.01,88,4.29,10.27,0.79,0.79,0,0.29,2.58,3.37,0,0,0.29,36,0.22,19,0.02,0.03,0.03,-0.05,,0.04
Lorent Tolaj,Port Vale,League Two,754,Attacking Midfielder,23,0.24,0.29,0.12,2.51,10,33,4,,0.48,0.25,1.19,1.19,0.72,0.54,3.7,0.95,0.36,2.86,0.31,0.06,20.17,7.4,0,3.7,5.49,8.95,2.02,2.33,67,16,16.95,15.42,3.22,0.24,26.62,76,74,2.75,0.53,0.78,30.44,79,5.34,9.07,0.72,0.72,0,0.24,4.18,4.89,0.36,33,0.24,67,0.84,15,0,0.03,-0.01,0.07,,0.09
Matty Daly,Harrogate Town,League Two,760,Attacking Midfielder,24,0.12,0.12,0.08,1.54,8,46,4,,0,0.01,0.36,0.36,0.12,0.13,1.89,0.95,0.47,1.07,0.29,0.34,13.02,4.97,0.01,2.37,3.55,7.46,0.54,0.82,100,28,11.25,6.33,2.6,0.36,20.12,73,50,3.08,0.24,0.26,19.41,85,5.06,6.87,0.12,0.12,0,0.12,2.72,2.84,0,0,0,0,0.24,25,0.02,0.02,0.04,0.04,,0.11
Matúš Holíček,Crewe Alexandra,League Two,696,Attacking Midfielder,20,0,0.01,0.05,0.26,0,0,0,,0.13,0.04,0.52,0.39,0.13,0.05,0.78,1.55,0.65,1.94,0.64,0.67,23.67,10.99,0.01,3.75,3.23,8.02,1.62,2.26,45,26,19.92,15.68,4.53,0.78,20.17,69,39,1.81,0.21,0.21,21.34,83,6.12,6.08,0.65,0.13,0.52,0.13,1.94,2.07,0,40,0.26,33,0.52,22,0,0.07,0.01,-0.01,,0.06
Ben Heneghan,Port Vale,League Two,993,Centre Back,31,0,0.03,0.06,0.54,0,50,0,,0,0,0,0,0,0.03,0.54,0.09,0.09,0.54,0.6,5.72,8.43,2.99,0.11,3.17,1,12.06,0.65,1.25,50,64,6.53,6.4,1.45,0.18,33.63,81,68,1.27,0.34,0.36,21.94,98,3.93,1.54,0,0,0,0.18,2.27,2.27,0.09,,0,,0.09,26,-0.02,0.01,0.12,-0.06,,0.06
Byron Webster,Bromley,League Two,874,Centre Back,38,0.1,0.02,0.07,0.31,33,67,0,,0,0,0,0,0.1,0.02,0.31,0.21,0.21,0.1,0.11,1.95,7.11,3.3,0.08,2.27,0.82,9.89,0.51,0.62,50,63,6.08,3.6,0.82,0.1,24,76,53,1.34,0.11,0.12,18.44,99,3.68,1.55,0.1,0.1,0,0,0.82,0.93,0,0,0,,0,32,0.03,0.03,0.04,0.03,,0.14
Curtis Tilt,Salford City,League Two,1048,Centre Back,33,0,0.03,0.05,0.52,0,0,0,,0,0,0.09,0.09,0,0.03,0.6,0.17,0.17,0.09,1.53,4.29,11.59,6.35,0.09,4.98,2.66,14.51,2.26,3.79,50,69,8.5,9.34,1.8,0.09,32.37,77,52,1.98,0.23,0.23,21.98,98,5.01,2.23,0.26,0.26,0,0,1.37,1.63,0,0,0,,0,27,0.01,0.02,0.09,-0.03,,0.09
Farrend Rawson,Accrington Stanley,League Two,1281,Centre Back,28,0,0.09,0.15,0.63,0,0,0,,0,0.01,0.21,0.21,0,0.11,0.84,0,0,0.07,0.6,6.42,10.05,4,0.07,3.23,1.33,13.56,0.87,1.47,88,74,7.8,5.45,1.12,0.14,21.99,62,26,0.49,0.21,0.27,7.8,98,4.11,0.98,0.21,0.21,0,0.14,1.9,2.11,0,0,0,,0.28,45,-0.01,0.01,-0.01,-0.12,,-0.13
Harry Williams,Walsall,League Two,961,Centre Back,22,0.09,0.06,0.11,0.56,17,17,0,,0,0.02,0.19,0.19,0.09,0.08,0.75,0.28,0.09,0.28,0.82,4.27,6.93,2.71,0.06,2.81,1.5,15.73,0.56,1.37,60,69,5.06,3.23,1.03,0.28,27.24,59,48,0.94,0.35,0.41,15.91,94,6.27,0.94,0.84,0.28,0.56,0,1.22,1.5,0,33,0.28,16,0,41,0.12,0.05,0.03,-0.05,,0.15
James Ball,AFC Wimbledon,League Two,772,Centre Back,29,0.12,0.12,0.11,1.05,11,44,1,,0,0.02,0.23,0.23,0.12,0.14,1.28,0.82,0.35,0.47,1.92,3.4,14.22,7.46,0.09,3.96,4.31,12.82,1.83,3.75,75,68,11.42,10.76,2.91,0.58,33.45,75,58,1.86,0.31,0.37,23.66,94,3.86,2.8,0.23,0.23,0,0.12,2.68,2.91,0,0,0,0,0.23,31,0,0.02,0.12,-0.06,,0.07
Joe Lewis,AFC Wimbledon,League Two,915,Centre Back,25,0,0.06,0.09,0.59,0,0,0,,0,0,0,0,0,0.06,0.59,0.1,0.1,0.1,1.44,5.55,12,6.89,0.07,3.74,2.46,14.46,1.72,3.16,86,70,8.75,8.68,0.98,0.3,35.22,68,55,3.74,0.35,0.37,22.13,98,4.36,3.44,0.59,0.49,0.1,0,1.08,1.57,0.1,0,0,0,0,36,0.04,0.04,0.01,-0.06,,0.03
Luke Offord,Milton Keynes Dons,League Two,1403,Centre Back,25,0,0,,0,,,0,,0,0.01,0.13,0.13,0,0.01,0.13,0.06,0.06,0.13,1.56,4.71,12.89,5.9,0.04,4.04,2.37,14.75,2.37,3.93,75,50,10,14.17,2.63,0.58,61.38,88,54,2.76,0.34,0.35,48.17,99,5.19,3.53,0.06,0.06,0,0.06,0.19,0.26,0,100,0.06,50,0.06,23,0.03,0.06,0.01,,,0.1
Matthew Platt,Notts County,League Two,1481,Centre Back,27,0.12,0.06,0.21,0.3,40,80,0,,0,0.03,0.18,0.18,0.12,0.09,0.49,0.36,0.3,0.24,1.23,8.79,8.08,3.65,0.05,3.59,1.52,10.64,2.23,3.46,88,63,6.02,9.19,1.22,0.06,69.9,91,64,2.61,0.54,0.62,60.18,99,4.81,2.92,0.06,0.06,0,0,0.61,0.67,0.24,0,0,,0,20,0.05,0.08,0.08,0.01,,0.22
Mickey Demetriou,Crewe Alexandra,League Two,1286,Centre Back,35,0.07,0.04,0.1,0.42,17,17,0,,0,0.03,0.35,0.28,0.07,0.07,0.77,0.28,0.14,0.14,1.11,8.02,9.16,4.13,0.16,4.41,2.31,15.88,1.17,2.28,62,67,7.14,6.9,0.91,0.07,43.38,70,48,2.8,0.2,0.23,27.63,98,5.34,3.36,0.56,0.35,0.21,0.21,1.89,2.24,0,25,0.14,13,0.28,31,0.03,0.08,0.11,0.02,,0.24
Neill Byrne,Bradford City,League Two,979,Centre Back,32,0.18,0.05,0.11,0.46,40,60,0,,0,0.01,0.09,0.09,0.18,0.06,0.55,0.09,0.09,0.18,0.77,5.8,9.84,5.15,0.1,3.59,1.38,12.51,1.49,2.26,71,55,7.45,8.25,1.66,0.28,37.43,74,50,3.22,0.29,0.34,25.84,99,6.52,3.22,0.09,0.09,0,0,1.2,1.29,0,100,0.09,50,0,28,0.03,0.03,0.03,-0.02,,0.06
Samuel Lavelle,Carlisle United,League Two,1153,Centre Back,28,0.16,0.05,0.1,0.47,33,33,0,,0,0,0.08,0.08,0.16,0.05,0.55,0.16,0.16,0.08,1.36,5.72,10.53,5.38,0.07,3.82,1.09,10.77,1.59,2.95,46,73,8.51,9.41,1.17,0.23,47.13,90,71,1.87,0.39,0.39,35.35,99,5.41,2.03,0.23,0.23,0,0,1.17,1.4,0.08,0,0,,0,23,0.05,0.05,0.05,0.03,,0.18
Scot Andrew Bennett,Cheltenham Town,League Two,1189,Centre Back,34,0,0,0.02,0.15,0,50,0,,0,0,0.15,0.15,0,0.01,0.3,0.38,0.15,0.91,2.13,4.63,15.75,7.57,0.07,4.92,2.73,11.81,1.7,3.83,60,61,12.57,9.71,2.04,0.23,28.24,72,55,1.74,0.28,0.29,20.52,94,6.03,2.35,0.23,0.15,0.08,0,0.3,0.45,0,0,0,,0,34,0.03,0.04,0.08,0.01,,0.16
Thomas Michael Flanagan,Colchester United,League Two,1205,Centre Back,33,0,0.07,0.1,0.75,0,10,0,,0,0,0.15,0.15,0,0.08,0.9,0.07,0.07,0.07,1.42,4.97,9.41,5.45,0.06,3.88,1.79,11.35,1.33,2.74,71,68,7.24,7.84,1.94,0.15,39.28,75,49,3.06,0.41,0.42,29.35,100,6.37,3.29,0.3,0.3,0,0.15,1.49,1.79,0,25,0.07,100,0.15,35,0.07,0.06,-0.05,-0.06,,0.01
Will Wright,Swindon Town,League Two,1487,Centre Back,27,0.18,0.05,0.06,0.85,21,29,0,,0.06,0.07,0.79,0.73,0.24,0.12,1.63,0.54,0.48,0.12,1.64,4.01,8.41,3.87,0.07,2.66,3.27,13.74,1,2.65,36,51,6.6,6.36,1.45,0.3,54.47,76,49,6.05,0.34,0.41,40.61,99,6.39,7.38,1.76,1.15,0.61,0,1.21,2.36,0.12,17,0.3,16,0,30,0.2,0.06,0.08,0.01,,0.34
Alex Woodyard,Colchester United,League Two,964,Defensive Midfielder,32,0,0.01,0.05,0.28,0,0,0,,0,0.02,0.47,0.47,0,0.03,0.75,0.56,0.47,0.93,0.57,1.63,21.57,11.58,0.04,4.02,5.98,13.45,2.51,3.07,42,48,17.27,16.21,4.67,0.75,31.28,84,64,2.43,0.38,0.38,25.49,92,4.85,6.07,0.28,0.28,0,0.09,0.19,0.47,0.09,0,0,,0.09,25,0.02,0.09,-0.02,-0.02,,0.08
Alistair Smith,AFC Wimbledon,League Two,1166,Defensive Midfielder,26,0,0.06,0.05,1.24,0,31,1,,0.08,0.03,0.77,0.77,0.08,0.09,2.01,1.24,0.54,0.69,1.15,1.21,22,10.73,0.04,5.1,6.25,12.2,1.93,3.08,60,48,18.99,16.22,2.86,0.39,38.06,81,55,2.93,0.48,0.52,32.73,93,3.85,9.34,0.85,0.85,0,0.23,1.78,2.62,0.08,18,0.15,29,0.15,20,0.01,0.06,0.04,-0.04,,0.06
Arthur Read,Colchester United,League Two,662,Defensive Midfielder,25,0.14,0.12,0.06,2.04,7,33,2,,0.14,0.06,1.22,1.09,0.27,0.17,3.26,0.95,0.14,0.41,0.68,0.6,13.46,6.12,0.03,3.53,5.44,10.6,0.67,1.36,38,25,12.23,12.79,3.26,0.82,35.61,84,53,3.53,0.41,0.52,30.86,95,5.49,9.65,0.68,0.41,0.27,0.14,1.22,1.63,0.27,0,0,0,0.14,14,-0.01,0.1,0,0.02,,0.12
Ashley Charles,Bromley,League Two,694,Defensive Midfielder,26,0,0.03,0.06,0.52,0,50,1,,0,0.02,0.52,0.13,0,0.05,1.04,0.78,0.26,1.04,0.6,1.1,26.46,14.27,0.04,6.36,5.58,13.75,1.43,2.03,47,60,22.05,12.72,6.36,1.43,30.09,68,49,2.33,0.46,0.48,23.48,91,3.41,5.84,0.65,0.26,0.39,0,0.39,0.65,0,20,0.13,20,0,26,0.08,0.05,-0.01,-0.02,,0.11
Elliott Bonds,Fleetwood Town,League Two,1127,Defensive Midfielder,25,0,0.06,0.07,0.88,0,0,1,,0.08,0.07,0.4,0.4,0.08,0.13,1.28,0.8,0.24,1.04,1.07,1.47,25.49,14.62,0.05,5.11,5.51,13.74,2.9,3.97,88,60,20.53,17.61,4.63,0.4,29.56,69,38,1.92,0.36,0.44,22.05,91,4.55,3.52,0.32,0.32,0,0.16,1.2,1.52,0.08,0,0.08,20,0.24,26,-0.02,0.06,0.04,-0.07,,0.01
Gavin Kilkenny,Swindon Town,League Two,1151,Defensive Midfielder,25,0.08,0.02,0.02,0.78,10,20,1,,0,0.02,0.63,0.47,0.08,0.04,1.41,0.63,0.39,1.09,1.43,1.07,20.95,10.01,0.04,4.85,7.58,12.51,3.21,4.64,72,41,17.04,16.7,3.2,0.31,42.44,80,56,4.53,0.44,0.45,33.92,95,4.75,8.99,0.7,0.31,0.39,0.08,0.63,0.94,0,0,0.08,20,0.08,17,0.06,0.08,0.05,-0.02,,0.16
George McEachran,Grimsby Town,League Two,1143,Defensive Midfielder,24,0,0.02,0.03,0.47,0,0,0,,0,0.02,0.24,0.24,0,0.03,0.71,1.02,0.55,1.26,2.26,0.87,26.15,15.36,0.01,5.59,6.62,15.2,2.79,5.05,50,41,21.89,19.09,4.96,0.39,35.05,81,39,3.07,0.28,0.3,28.12,92,5.59,6.46,0.39,0.39,0,0.16,0.32,0.71,0.08,0,0,0,0.16,24,0.01,0.08,0.06,-0.01,,0.15
Richard Smallwood,Bradford City,League Two,1462,Defensive Midfielder,34,0,0.01,0.05,0.12,0,50,0,100,0.06,0.06,0.92,0.62,0.06,0.07,1.05,0.49,0.31,0.31,1.56,2.09,18.47,9.11,0.06,4.68,5.73,14.59,2.38,3.94,35,61,15.15,17.04,3.51,0.31,43.72,78,58,6.71,0.42,0.43,30.67,97,3.48,10.41,1.23,0.49,0.74,0.06,0.31,0.8,0.06,15,0.18,14,0.06,29,0.17,0.07,0.01,0.02,,0.27
Ryan Stirk,Walsall,League Two,1334,Defensive Midfielder,24,0,0.03,0.03,1.01,0,13,1,,0,0.05,1.01,1.01,0,0.08,2.02,0.54,0.4,0.67,0.78,1.11,22.13,11.81,0.04,4.72,7.02,14.51,1.77,2.55,67,50,18.83,13.68,3.98,0.34,34.89,79,59,4.12,0.44,0.47,26.18,95,3.5,7.09,0.4,0.4,0,0,0.4,0.81,0.07,0,0,0,0,24,0.04,0.05,0.06,-0.04,,0.12
Alassana Jatta,Notts County,League Two,968,Centre Forward,26,0.65,0.67,0.22,2.98,22,41,9,,0.19,0.04,0.84,0.84,0.84,0.71,3.81,0.47,0.47,1.21,0.12,1.72,20.27,9.77,0.04,3.53,1.95,2.98,0.75,0.86,25,35,18.41,27.36,2.98,0.09,11.35,81,80,0.74,0.4,0.8,12.37,80,5.12,3.63,0.09,0.09,0,0.47,7.16,7.25,0,0,0.09,50,0.74,3,-0.07,0.01,0.06,0.1,,0.09
Billy Sharp,Doncaster Rovers,League Two,944,Centre Forward,39,0.38,0.34,0.18,1.91,20,35,6,,0.1,0.13,0.95,0.95,0.48,0.48,2.86,0.19,0,1.72,0.17,1.35,14.68,6.67,0.04,1.14,2.1,3.34,0.13,0.3,,38,13.53,14.06,2,0,13.25,67,50,1.05,0.45,0.78,13.34,74,4.11,4.1,0.29,0.29,0,0.86,6.58,6.86,0.19,0,0.1,14,1.05,20,0,0.01,0.04,-0.09,,-0.04
Charlie Wyke,Carlisle United,League Two,937,Centre Forward,32,0.1,0.2,0.13,1.54,6,19,3,100,0,0.07,1.06,1.06,0.1,0.27,2.59,0.29,0.19,0.77,0.14,1.73,17.67,7.88,0.04,3.55,2.11,3.55,1.25,1.39,50,44,15.56,17.32,3.94,0.38,19.11,68,80,0.86,0.25,0.41,13.45,80,3.6,5.28,0.58,0.58,0,0.48,4.8,5.38,0,0,0,,0.67,14,-0.07,-0.03,-0.06,-0.09,,-0.25
Courtney Baker-Richardson,Newport County AFC,League Two,933,Centre Forward,29,0.1,0.15,0.11,1.35,7,7,2,100,0.1,0.05,0.48,0.48,0.19,0.19,1.83,0.19,0,1.93,0.18,1.18,21.02,7.23,0.03,3.37,2.31,3.47,0.44,0.62,20,44,18.32,15.02,4.24,0.29,19.28,58,44,1.45,0.27,0.35,14.66,72,4.6,4.44,0.19,0.19,0,0.19,3.57,3.76,0.1,0,0.1,33,0.48,21,-0.06,-0.03,0.04,-0.04,,-0.09
Danny Rose,Grimsby Town,League Two,1029,Centre Forward,31,0.26,0.16,0.1,1.66,16,47,4,0,0.09,0.04,0.7,0.7,0.35,0.2,2.36,0.26,0.17,1.4,0.1,2.27,22.48,13.64,0.01,5.25,2.01,3.15,0.9,1,25,33,20.03,15.03,2.27,0.17,12.59,56,33,1.14,0.14,0.27,11.46,76,5.1,2.97,0.26,0.26,0,0.17,3.76,4.02,0.09,0,0,0,0.26,26,0.03,0,-0.02,0.1,,0.12
David James McGoldrick,Notts County,League Two,827,Centre Forward,37,0.54,0.32,0.1,3.16,17,38,4,50,0,0.08,1.2,1.2,0.54,0.4,4.35,2.5,1.63,1.74,0.72,2.26,13.94,5.23,0.01,1.31,2.29,3.59,1.06,1.78,0,31,11.43,18.47,1.85,0,35.16,82,57,2.61,0.74,0.99,37.12,89,5.06,14.04,1.31,1.31,0,0.33,5.99,7.29,0.11,0,0,0,0.65,12,-0.06,0.06,0,0.04,,0.04
Gerard Garner,Barrow,League Two,906,Centre Forward,26,0.3,0.18,0.07,2.48,12,40,5,,0,0.05,0.79,0.79,0.3,0.23,3.28,1.69,0.6,1.99,0.21,0.17,25.63,10.33,0.03,3.28,2.78,3.97,1,1.2,50,20,22.75,19.01,5.17,0.4,17.59,76,60,2.29,0.18,0.3,21.36,78,5.32,7.05,0.2,0.2,0,0.3,4.37,4.57,0,0,0,0,0.4,17,-0.03,0.04,0.01,-0.13,,-0.11
Jack Muldoon,Harrogate Town,League Two,994,Centre Forward,36,0,0.11,0.08,1.36,0,33,4,,0,0.05,0.63,0.63,0,0.16,1.99,0.63,0.18,0.63,0.06,0.08,23,6.79,0.02,4.08,2.54,4.44,0.3,0.35,29,23,20.74,13.27,3.08,0.63,15.76,59,25,1.9,0.24,0.29,13.5,81,5.42,5.34,0.18,0.18,0,0.27,2.81,2.99,0,0,0.09,25,0.63,23,-0.08,0.04,0.02,-0.05,,-0.07
Jayden Stockley,Port Vale,League Two,988,Centre Forward,31,0.36,0.46,0.16,2.92,13,34,5,,0.18,0.12,0.82,0.82,0.55,0.59,3.74,0.27,0.18,1,0.06,0.72,17.59,7.56,0.02,2.92,2.37,3.83,0.16,0.23,40,58,15.49,15.72,2.46,0.18,21.96,57,62,1.09,0.56,0.82,13.03,82,3.2,5.38,0.18,0.18,0,0.55,6.74,6.93,0,0,0.36,67,0.82,23,-0.1,0.01,0.01,0.03,,-0.05
Joe Ironside,Doncaster Rovers,League Two,796,Centre Forward,31,0.11,0.07,0.08,0.91,13,13,2,100,0,0.03,0.57,0.57,0.11,0.1,1.47,0.23,0.11,1.24,0,0.44,16.18,5.09,0,1.92,2.6,3.51,0.16,0.16,0,45,14.25,14.73,2.72,0.11,18.1,51,57,0.91,0.22,0.32,13.69,75,3.97,4.75,0.45,0.45,0,0.34,4.19,4.64,0.11,0,0,0,0.57,30,-0.1,-0.06,-0.01,-0.01,,-0.19
Kane Hemmings,Crewe Alexandra,League Two,735,Centre Forward,34,0.24,0.25,0.15,1.71,14,36,4,100,0,0.01,0.37,0.37,0.24,0.26,2.08,0.86,0.73,1.96,0,0.48,13.84,4.53,0.01,2.08,2.33,3.06,0.46,0.46,0,31,11.75,11.55,2.33,0.12,15.55,62,50,0.73,0.33,0.46,14.94,71,4.46,4.9,0.24,0.24,0,0.24,4.29,4.53,0,50,0.12,25,0.73,21,-0.09,0.02,0.01,-0.02,,-0.08
Kelsey Mooney,Accrington Stanley,League Two,754,Centre Forward,26,0.24,0.13,0.11,1.19,20,30,3,,0,0.05,0.84,0.84,0.24,0.17,2.03,1.43,0.36,2.74,0.35,1.33,23.03,9.19,0,4.3,2.39,3.58,1.2,1.55,50,30,20.16,19.05,2.74,0.12,15.39,73,60,0.72,0.21,0.31,16.35,61,3.73,7.04,0.24,0.24,0,0.36,3.7,3.94,0.12,0,0,0,0.48,13,-0.05,-0.01,0.02,0.03,,-0.02
Kyle Hudlin,Newport County AFC,League Two,689,Centre Forward,24,0.52,0.19,0.11,1.7,31,54,3,,0.13,0.09,0.91,0.91,0.65,0.27,2.61,0.78,0.52,1.96,0.12,1.27,20.11,6.66,0.02,2.48,2.35,4.7,1.3,1.42,83,54,16.45,13.18,4.44,0,26.12,56,38,1.83,0.23,0.41,16.71,75,3.51,6.27,0.39,0.39,0,0.65,4.57,4.96,0.13,0,0.13,50,0.78,25,0.01,-0.01,0.07,0.21,,0.28
Luke Armstrong,Carlisle United,League Two,863,Centre Forward,28,0.21,0.21,0.17,1.25,17,58,5,,0,0.03,0.42,0.42,0.21,0.24,1.67,0.52,0.42,0.83,0.36,0.83,25.56,8.97,0.02,2.92,2.5,3.76,0.96,1.32,33,41,23.37,27.79,4.28,0.1,12.1,51,40,0.83,0.24,0.32,9.28,73,5.66,2.29,0.21,0.21,0,0.31,3.13,3.34,0,100,0.21,67,0.31,21,-0.04,-0.01,0,-0.08,,-0.12
Luke Norris,Tranmere Rovers,League Two,649,Centre Forward,31,0,0.25,0.08,3.33,0,25,7,,0,0.04,1.11,1.11,0,0.29,4.44,0.69,0.55,1.8,0,0.39,14.69,5.13,0,2.91,3.33,5.27,1,1,83,49,12.34,11.95,2.22,0.14,16.36,59,25,1.39,0.32,0.5,17.33,74,3.78,4.99,0.28,0.28,0,0.14,6.1,6.38,0,0,0,0,0.42,19,-0.09,0.02,-0.01,-0.11,,-0.19
Marcus Dackers,Morecambe,League Two,901,Centre Forward,22,0,0.17,0.1,1.7,0,29,2,,0.1,0.08,0.8,0.8,0.1,0.25,2.5,1.5,0.9,3.1,0.12,0.69,23.87,7.59,0.01,2.5,3.7,4.89,0.92,1.04,67,56,19.78,11.66,3.5,0.2,26.87,54,57,2.3,0.45,0.52,17.08,73,5.18,7.89,0.9,0.9,0,0.9,7.19,8.09,0,11,0.1,50,1,27,-0.03,0.01,0.03,-0.09,,-0.08
Ryan Bowman,Cheltenham Town,League Two,790,Centre Forward,33,0.23,0.27,0.17,1.6,14,43,4,,0.11,0.04,0.11,0.11,0.34,0.31,1.71,0.68,0.11,1.25,0,0.7,17.78,6.04,0,1.37,2.85,3.42,0.12,0.12,33,34,15.5,12.92,3.08,0.11,13.9,53,100,0.8,0.35,0.38,9.69,67,4.31,3.42,0.23,0.23,0,0.11,3.87,4.1,0,0,0,0,0.34,23,-0.08,0.03,0,-0.05,,-0.1
Will Grigg,Chesterfield,League Two,918,Centre Forward,33,0.69,0.61,0.35,1.76,39,56,4,,0.1,0.06,0.88,0.78,0.78,0.67,2.65,0.59,0.2,0.88,0,1.6,17.16,6.77,0.03,3.82,1.96,2.65,0.87,0.87,0,29,15.39,22.91,3.24,0.49,13.04,70,50,0.78,0.61,0.94,12.94,72,3.02,3.92,0,0,0,0.2,4.9,4.9,0,,0.1,50,0.49,11,-0.08,-0.1,0.12,0.11,,0.05
Alex Bass,Notts County,League Two,1481,Goalkeeper,27,0,0,,0,,,0,,0.06,0.05,0.12,0,0.06,0.05,0.12,0.06,0,0,0,0,0.18,0.06,0,7.42,0,3.59,0,0,50,,0.18,0.28,0.06,0,33.92,71,33,0.91,0.25,0.25,28.87,100,4.69,0.55,0.12,0,0.12,0,0,0,0.06,0,0,,0,47,0.12,0.06,,,0.17,0.34
Billy Crellin,Accrington Stanley,League Two,692,Goalkeeper,24,0,0,,0,,,0,,0,0,0,0,0,0,0,0,0,0,0,0,0.13,0,0,4.42,0,4.55,0,0,100,,0.13,0.15,0,0,16.51,41,29,2.21,0.12,0.12,13.78,100,6.17,1.3,0.26,0.13,0.13,0,0,0.13,0,0,0,,0,71,0.15,0.06,,,-0.25,-0.04
Connor Ripley,Port Vale,League Two,1500,Goalkeeper,32,0,0,,0,,,0,,0,0.02,0.18,0.18,0,0.02,0.18,0,0,0,0,0,0.06,0,0,4.68,0,5.1,0,0,,,0.06,0.07,0,0,31.45,71,50,2.94,0.35,0.37,28.63,100,5.6,1.86,0,0,0,0,0,0,0.06,,0,,0,48,0.18,0.07,0,,-0.11,0.14
David Harrington,Fleetwood Town,League Two,1383,Goalkeeper,24,0,0,,0,,,0,,0,0,0,0,0,0,0,0,0,0,0,0,0.07,0.07,0,5.27,0,5.99,0,0,,,0,0,0,0,30.52,70,36,1.3,0.28,0.28,26.81,100,4.63,0.72,0,0,0,0,0,0,0,,0,,0,44,0.12,0.1,-0.04,,0,0.19
Filip Marshall,Crewe Alexandra,League Two,1384,Goalkeeper,22,0,0,,0,,,0,,0,0,0,0,0,0,0,0,0,0,0,0,0.07,0,0,6.76,0,4.23,0,0,,,0.07,0.07,0,0,25.11,62,34,1.37,0.14,0.14,21.21,100,4.98,0.78,0,0,0,0,0,0,0,,0,,0,50,0.1,0.06,,,-0.21,-0.06
Glenn Morris,Gillingham,League Two,763,Goalkeeper,41,0,0,,0,,,0,,0,0,0,0,0,0,0,0.24,0.12,0,0,0,0.12,0,0,5.55,0,4.72,0,0,100,,0.12,0.17,0,0,25.84,55,34,1.18,0.27,0.27,22.3,99,6.15,0.47,0,0,0,0,0,0,0,,0,,0,56,0.13,0.11,,,0.12,0.36
Grant Smith,Bromley,League Two,1291,Goalkeeper,31,0,0,,0,,,0,,0,0,0,0,0,0,0,0.07,0.07,0.07,0,0,0,0,0,7.18,0,4.74,0,0,100,,0,0,0,0,19.1,46,38,3.28,0.11,0.11,16.52,100,6.85,1.95,0.07,0.07,0,0,0,0.07,0,0,0,,0,79,0.19,0.08,0,,0.22,0.49
Harry Lewis,Carlisle United,League Two,1383,Goalkeeper,27,0,0,,0,,,0,,0,0,0,0,0,0,0,0,0,0,0,0,0.2,0.2,0,6.77,0,3.64,0,0,0,,0.13,0.16,0,0,27.32,70,46,1.24,0.17,0.17,23.68,100,5.5,0.78,0,0,0,0,0,0,0,,0,,0,44,0.1,0.06,-0.01,,-0.58,-0.43
Jack Bycroft,Swindon Town,League Two,994,Goalkeeper,23,0,0,,0,,,0,,0,0.01,0.18,0.09,0,0.01,0.18,0,0,0,0,0,0.09,0,0,6.24,0,4.43,0,0,,,0.09,0.1,0,0,29.41,69,46,2.99,0.25,0.26,25.16,100,5.89,2.17,0.09,0,0.09,0,0,0,0,0,0,,0,51,0.18,0.07,-0.02,,-0.13,0.11
Jake Turner,Gillingham,League Two,697,Goalkeeper,26,0,0,,0,,,0,,0,0,0,0,0,0,0,0,0,0,0,0,0.13,0,0,5.94,0,5.03,0,0,100,,0.13,0.15,0,0,27.63,63,42,2.58,0.23,0.23,24.79,100,5,1.68,0.13,0,0.13,0,0,0,0,0,0,,0,55,0.14,0.13,,,0.12,0.39
James Belshaw,Harrogate Town,League Two,1411,Goalkeeper,34,0,0,,0,,,0,,0,0,0.13,0.13,0,0,0.13,0.06,0.06,0,0,0.02,0.13,0,0,8.55,0.13,4.78,0.08,0.08,100,,0.06,0.06,0,0,24.23,54,30,1.59,0.07,0.07,20.85,100,6.43,1.15,0.13,0.06,0.06,0,0,0.06,0,0,0,,0,62,0.13,0.07,0,,0,0.2
Jamie Jones,Salford City,League Two,1494,Goalkeeper,36,0,0,,0,,,0,,0,0,0,0,0,0,0,0.06,0.06,0,0,0.07,0.06,0,0,6.27,0.06,5.3,0,0,100,,0.06,0.05,0,0,25.24,52,36,2.77,0.13,0.13,21.93,100,5.08,1.99,0.06,0,0.06,0,0,0,0,0,0,,0,69,0.19,0.06,-0.03,,0.06,0.27
Jordan Wright,Grimsby Town,League Two,601,Goalkeeper,26,0,0,,0,,,0,,0,0,0,0,0,0,0,0,0,0,0,0,0.15,0,0,5.54,0,3.59,0,0,,,0.15,0.14,0,0,27.25,55,22,1.35,0.16,0.16,23.51,100,5.02,0.75,0,0,0,0,0,0,0,,0,,0,53,0.13,0.05,,,-0.36,-0.18
Luke McGee,Tranmere Rovers,League Two,1380,Goalkeeper,29,0,0,,0,,,0,,0,0,0,0,0,0,0,0,0,0,0,0,0.33,0.07,0,6.72,0,2.54,0,0,0,,0.26,0.28,0,0,21.92,58,42,3.85,0.1,0.1,17.94,100,4.35,2.22,0.13,0,0.13,0,0,0,0,0,0,,0,63,0.19,0.03,0,,-0.01,0.21
Matt Macey,Colchester United,League Two,1404,Goalkeeper,30,0,0,,0,,,0,,0,0,0,0,0,0,0,0,0,0,0,0.07,0.13,0,0,6.73,0,3.72,0,0,0,,0.13,0.05,0,0,17.95,65,34,0.83,0.18,0.18,15.26,100,5.69,0.38,0,0,0,0,0,0,0,,0,,0,51,0.09,0.05,0,,-0.05,0.09
Michael Kelly,Accrington Stanley,League Two,700,Goalkeeper,28,0,0,,0,,,0,,0,0.01,0.13,0.13,0,0.01,0.13,0,0,0,0,0,0.13,0.13,0,5.66,0,3.73,0,0,100,,0.13,0.17,0,0,20.06,59,43,2.57,0.07,0.07,16.59,100,6.84,1.67,0,0,0,0,0,0,0,,0,,0,57,0.14,0.08,,,-0.44,-0.21
Nick Townsend,Newport County AFC,League Two,1401,Goalkeeper,30,0,0,,0,,,0,,0,0,0,0,0,0,0,0,0,0,0,0.05,0.06,0.06,0,8.55,0,4.24,0,0,0,,0.06,0.06,0,0,22.55,52,36,2.7,0.06,0.06,18.25,100,6.12,1.16,0,0,0,0,0,0,0,,0,,0,66,0.18,0.08,0,,0.01,0.27
O.Goodman,AFC Wimbledon,League Two,1187,Goalkeeper,21,0,0,,0,,,0,,0,0,0,0,0,0,0,0,0,0,0,0.05,0,0,0,4.32,0,4.17,0,0,,,0,0,0,0,21.46,51,36,2.96,0.2,0.2,17.52,100,6.59,1.82,0,0,0,0,0,0,0,,0,,0,71,0.21,0.14,-0.04,,0.02,0.33
Owen Evans,Cheltenham Town,League Two,1086,Goalkeeper,28,0,0,,0,,,0,,0,0,0,0,0,0,0,0.17,0.17,0,0,0.03,0.17,0.08,0,7.46,0,5.06,0,0,0,,0.17,0.13,0,0,20.97,46,32,3.07,0.1,0.1,17.57,100,6.11,1.66,0.08,0.08,0,0,0,0.08,0,0,0,,0,66,0.19,0.05,0,,-0.22,0.03
Ryan Boot,Chesterfield,League Two,993,Goalkeeper,30,0,0,,0,,,0,,0,0,0,0,0,0,0,0,0,0,0,0,0,0.09,0,6.43,0,4.62,0,0,0,,0,0,0,0,27,74,40,0.54,0.14,0.14,24.19,100,4.45,0.36,0,0,0,0,0,0,0,,0,,0,36,0.09,0.08,,,-0.08,0.09
Sam Walker,Bradford City,League Two,1462,Goalkeeper,33,0,0,,0,,,0,,0,0,0.12,0.12,0,0,0.12,0,0,0,0,0,0,0,0,5.42,0,5.3,0,0,,,0,0,0,0,17.98,63,41,1.23,0.07,0.07,15.27,100,5.85,0.68,0,0,0,0,0,0,0,,0,,0,54,0.1,0.1,,,-0.11,0.1
Stuart Moore,Morecambe,League Two,1461,Goalkeeper,30,0,0,,0,,,0,,0,0,0,0,0,0,0,0,0,0,0,0,0.12,0,0,7.82,0,6.65,0,0,,,0.06,0.04,0,0,19.59,50,37,1.91,0.09,0.09,15.03,100,7.06,0.86,0,0,0,0,0,0,0,,0,,0,66,0.14,0.13,-0.04,,-0.21,0.02
Teddy Sharman-Lowe,Doncaster Rovers,League Two,1473,Goalkeeper,22,0,0,,0,,,0,,0,0.01,0.06,0.06,0,0.01,0.06,0.12,0.12,0,0,0,0.06,0,0,4.22,0,4.09,0,0,100,,0.06,0.09,0,0,23.47,79,47,2.14,0.14,0.15,20.84,100,4.88,1.04,0.12,0.06,0.06,0,0,0.06,0.06,0,0,,0,39,0.11,0.07,,,-0.05,0.12
Tom McGill,Milton Keynes Dons,League Two,1475,Goalkeeper,25,0,0,,0,,,0,,0,0,0.06,0.06,0,0,0.06,0,0,0,0,0,0.18,0.06,0,6.71,0,5,0,0,50,,0.12,0.2,0,0,33.25,71,27,0.79,0.25,0.25,28.92,100,7.04,0.79,0.06,0.06,0,0,0,0.06,0.06,0,0,,0,42,0.1,0.08,-0.01,,0.04,0.21
Tommy Simkin,Walsall,League Two,1292,Goalkeeper,20,0,0,,0,,,0,,0,0.01,0.07,0.07,0,0.01,0.07,0.07,0,0,0,0,0.14,0.07,0,4.04,0,3.83,0,0,,,0.07,0.06,0,0,14.56,43,36,2.58,0.08,0.09,13.37,99,6.66,1.39,0,0,0,0,0,0,0.07,,0,,0,76,0.14,0.03,-0.01,,-0.11,0.05
Wyll Stanway,Barrow,League Two,888,Goalkeeper,24,0,0,,0,,,0,,0,0,0,0,0,0,0,0,0,0,0,0.02,0.1,0.2,0,3.95,0,4.26,0,0,0,100,0.1,0.07,0,0,21.49,56,37,1.52,0.07,0.07,18.65,100,7.33,0.81,0,0,0,0,0,0,0,,0,,0,62,0.12,0.07,0,,-0.14,0.05
Alex Gilbey,Milton Keynes Dons,League Two,1447,Attacking Midfielder,30,0.37,0.26,0.12,2.11,18,50,3,,0,0.07,0.93,0.93,0.37,0.33,3.05,0.81,0.37,1.68,0.5,1.49,20.34,9.7,0.01,3.86,3.48,6.28,1.93,2.43,50,47,17.54,24.84,4.85,0.68,34.77,78,52,4.48,0.48,0.7,32.47,88,5.53,11.76,0.5,0.5,0,0.12,2.86,3.36,0.25,0,0,0,0.44,21,-0.06,0.1,0.02,0.17,,0.23
Anthony Driscoll-Glennon,Newport County AFC,League Two,1287,Full Back,25,0,0.04,0.13,0.35,0,20,0,,0.28,0.14,1.33,0.7,0.28,0.18,1.68,0.7,0.28,0.21,0.6,1.72,15.67,6.93,0.02,3.57,2.38,7.84,1.31,1.91,54,47,12.52,9.27,2.24,0.28,32.11,60,35,3.57,0.16,0.23,24.9,97,3.46,5.18,1.61,0.77,0.84,0.07,0.42,1.19,0,61,1.05,35,0,41,0.21,0.03,0.02,0.01,,0.27
Ben Jackson,Barrow,League Two,1488,Full Back,24,0,0.03,0.03,1.03,0,24,1,,0.3,0.14,1.39,0.54,0.3,0.17,2.42,1.09,0.67,0.67,1.02,2.52,9.07,4.11,0.04,2.3,3.63,11.37,1.48,2.51,71,59,7.26,7.03,1.69,0.24,42.15,63,38,5.81,0.26,0.29,36.35,95,5.91,7.74,2.06,0.67,1.39,0.06,0.79,1.45,0.06,26,0.85,25,0.12,35,0.31,0.07,0.04,-0.04,,0.38
Brandon Fleming,Doncaster Rovers,League Two,818,Full Back,25,0,0,0.02,0.22,0,50,0,,0,0.12,0.88,0.88,0,0.13,1.1,1.76,0.99,1.54,1.33,2.56,19.04,9.02,0.01,3.3,2.75,10.24,3.24,4.57,71,62,14.64,14.95,2.64,0.33,38.63,74,58,4.51,0.34,0.42,35.11,92,6.23,9.91,0.66,0.33,0.33,0.22,1.32,1.65,0,33,0.22,13,0.44,35,0.08,0.11,-0.01,-0.01,,0.18
Connor Wood,Tranmere Rovers,League Two,876,Full Back,28,0,0.01,0.03,0.31,0,33,0,,0.1,0.14,0.92,0.82,0.1,0.15,1.23,0.51,0.21,0.82,1.82,2.86,13.36,4.93,0.04,4.52,4.01,11.82,2.36,4.17,36,50,10.79,11.47,1.44,0.21,39.56,74,48,4.73,0.3,0.35,32.78,96,3.9,11.61,1.13,0.82,0.31,0.1,0.51,1.34,0.1,45,0.62,27,0.1,37,0.18,0.04,-0.02,0.02,,0.22
David Tutonda,Morecambe,League Two,1218,Full Back,29,0,0,0.03,0.15,0,50,0,,0,0.02,0.37,0.3,0,0.03,0.52,0.67,0.3,0.37,1.41,2.08,17.88,6.95,0.02,3.55,3.92,10.64,1.96,3.37,67,48,13.97,10.2,2.66,0.15,28.89,72,39,4.36,0.2,0.23,22.46,94,4.95,6.43,0.67,0.52,0.15,0.15,1.03,1.55,0,11,0.22,21,0.3,40,0.07,0.05,-0.02,-0.01,,0.09
Denver Hume,Grimsby Town,League Two,1166,Full Back,26,0,0.01,0.03,0.39,0,0,0,,0.31,0.23,1.93,0.93,0.31,0.24,2.32,1.85,1.47,1.08,1.12,2.15,12.35,6.18,0.03,2.86,3.01,9.11,2.19,3.31,72,47,8.96,7.58,2.47,0.15,36.75,68,34,4.79,0.3,0.41,34.36,94,5.54,6.25,2.7,1.31,1.39,0.23,1.31,2.62,0.15,23,0.85,33,0.15,32,0.23,0.09,0.02,-0.03,,0.31
Lewis Gordon,Chesterfield,League Two,1489,Full Back,24,0,0.02,0.11,0.18,0,33,0,,0.18,0.07,0.97,0.91,0.18,0.09,1.15,0.36,0.24,0.73,0.75,3.35,10.1,3.81,0.04,3.2,2.3,9.79,2.38,3.13,82,30,8.04,12.15,1.33,0.18,59.61,89,62,5.44,0.61,0.62,53.99,98,4.52,13.18,0.54,0.54,0,0.18,0.85,1.39,0.06,11,0.18,19,0.24,26,0.12,0.06,0.07,-0.02,,0.24
Matty Foulds,Harrogate Town,League Two,847,Full Back,27,0,0.05,0.08,0.64,0,33,0,,0.11,0.08,0.85,0.74,0.11,0.13,1.49,1.06,0.43,0.64,0.63,2.57,13.18,5.84,0.06,3.93,2.55,8.93,0.62,1.25,33,59,10.94,6.52,1.91,0.43,33.36,64,37,3.29,0.22,0.29,26.88,93,3.35,6.48,1.38,1.17,0.21,0,1.49,2.66,0,77,1.06,67,0,43,0.18,0.03,0.11,0,,0.33
Max Clark,Gillingham,League Two,1351,Full Back,29,0,0.01,0.02,0.33,0,0,0,,0,0.03,0.67,0.67,0,0.04,1,1.07,0.93,0.33,0.84,2.49,12.92,6.8,0.07,3.6,4.33,12.79,1.79,2.62,54,46,9.86,9.09,1.73,0.2,46.7,69,38,4.46,0.25,0.26,38.44,97,3.28,6.06,1.07,0.73,0.33,0,0.2,0.93,0,31,0.4,18,0,38,0.16,0.1,0.06,-0.01,,0.31
Callum Reynolds,Bromley,League Two,893,Centre Back,35,0,0.03,0.09,0.3,0,33,0,,0,0.05,0.4,0.4,0,0.07,0.71,0,0,0.3,0.72,3.3,11.69,6.35,0.08,4.43,2.62,14.11,0.88,1.6,33,57,9.47,6.19,2.52,0.5,27.51,65,49,1.91,0.4,0.44,15.92,97,3.81,2.32,0.3,0.2,0.1,0.2,1.21,1.41,0,0,0.1,33,0.2,40,0.02,-0.01,-0.06,-0.04,,-0.08
Cameron McJannett,Grimsby Town,League Two,1397,Centre Back,26,0,0.05,0.1,0.52,0,13,0,,0,0,0.06,0.06,0,0.05,0.58,0,0,0.13,0.95,4.36,10.63,5.41,0.12,4.83,1.55,13.34,0.82,1.77,50,68,8.64,7.4,0.71,0.13,44.02,76,54,1.48,0.29,0.33,32.54,99,5.42,2.06,0.06,0.06,0,0.06,1.48,1.55,0,0,0.06,50,0.06,33,0.01,0.04,0.11,-0.05,,0.11
Chey Dunkley,Chesterfield,League Two,890,Centre Back,33,0.1,0.08,0.13,0.61,17,33,0,,0,0,0.1,0.1,0.1,0.08,0.71,0,0,0.1,1.82,10.24,9.81,4.85,0.12,4.65,1.01,15.27,1.49,3.32,75,75,7.48,11.93,2.02,0.51,58.03,83,60,1.42,0.26,0.26,43.78,100,4.29,1.31,0,0,0,0,1.21,1.21,0,,0,,0,28,0.02,0.02,0.12,0.01,,0.17
Chris Stokes,Barrow,League Two,674,Centre Back,34,0,0,,0,,,0,,0,0,0,0,0,0,0,0.13,0,0.27,1.26,5.02,7.21,3.6,0.07,4.54,2.14,14.68,0.66,1.91,67,60,6.27,8.46,1.6,0.53,41.5,80,55,2.4,0.25,0.25,28.42,98,6.18,3.07,0,0,0,0,0.4,0.4,0,,0,0,0,31,0.01,0.04,-0.08,,,-0.02
Ciaran Brennan,Newport County AFC,League Two,1060,Centre Back,25,0,0.01,0.15,0.08,0,0,0,,0,0.01,0.17,0.17,0,0.03,0.25,0.08,0,0.08,0.7,4.61,11.47,5.78,0.07,3.91,2.04,11.98,1.8,2.5,73,41,9.17,8.11,1.02,0.08,30.07,78,49,1.1,0.23,0.23,19.79,98,3.88,1.95,0,0,0,0.08,0.34,0.34,0,,0,,0.08,29,0.01,0.03,0.15,-0.01,,0.18
Connor Hall,Port Vale,League Two,1401,Centre Back,32,0,0.05,0.06,0.9,0,14,0,,0,0.01,0.13,0.13,0,0.06,1.03,0.06,0.06,0.19,2.15,5.28,8.16,3.47,0.05,3.66,3.34,14.78,0.99,3.14,80,68,6.55,6.76,1.35,0.26,47.17,73,46,4.43,0.46,0.49,33.22,99,4.39,5.46,0.39,0.39,0,0.13,1.54,1.93,0,17,0.19,30,0.19,40,0.05,0.05,0.05,-0.06,,0.09
Ellis Iandolo,Colchester United,League Two,1387,Centre Back,27,0,0.03,0.05,0.58,0,33,0,,0,0.02,0.52,0.45,0,0.05,1.1,0.97,0.58,1.1,1.24,2.45,10.51,4.15,0.03,3.31,3.5,12.84,1.66,2.9,53,56,7.85,8.1,2.59,0.19,41.97,71,40,5.97,0.4,0.41,33.15,93,6.13,9.99,1.36,1.23,0.13,0,0.58,1.82,0,33,0.52,25,0.06,38,0.17,0.06,-0.05,-0.03,,0.14
Isaac Ogundere,AFC Wimbledon,League Two,846,Centre Back,22,0,0.02,0.07,0.21,0,0,0,,0,0.01,0.21,0.21,0,0.03,0.43,0.32,0.32,0.74,0.62,2.32,14.25,5.85,0.01,2.98,2.23,9.78,0.68,1.31,50,38,12.23,8.9,2.02,0.53,29.99,72,39,3.83,0.26,0.26,24.88,96,4.97,5,0.43,0.43,0,0,0.32,0.74,0,50,0.32,33,0,39,0.08,0.02,-0.01,-0.01,,0.09
Jack Shepherd,Bradford City,League Two,924,Centre Back,24,0.19,0.02,0.06,0.39,50,50,0,,0,0.03,0.49,0.39,0.19,0.05,0.88,0.29,0.29,0.19,1.34,7.74,15,9.35,0.06,5.94,3.12,15.78,2.15,3.49,62,64,11.98,14.56,2.53,0.49,46.56,71,39,5.16,0.26,0.28,33.02,99,4.86,7.4,0.68,0.68,0,0,0.68,1.36,0,71,0.58,67,0,45,0.13,0.05,0,0.01,,0.19
Jacob Bedeau,Notts County,League Two,1419,Centre Back,25,0,0.05,0.26,0.19,0,0,0,,0.13,0.05,0.63,0.63,0.13,0.1,0.82,0.82,0.51,0.51,0.97,5.23,10.15,4.63,0.05,3.81,2.92,9.64,2.18,3.14,83,55,7.99,11.9,1.71,0.25,59.18,86,43,6.15,0.68,0.72,51.89,97,4.2,9.32,0.51,0.51,0,0.44,1.27,1.78,0,38,0.19,30,0.38,31,0.13,0.03,0.03,-0.03,,0.17
Jamie Garry Stott,Morecambe,League Two,1482,Centre Back,27,0.06,0.16,0.22,0.73,8,33,0,,0,0.01,0.12,0.12,0.06,0.17,0.85,0,0,0.06,0.7,4.77,12.14,5.1,0.07,4.31,2.06,12.69,0.9,1.6,64,63,10.08,7.3,2.13,0.3,29.02,62,35,2.79,0.26,0.31,16.39,98,4.7,2.67,0.18,0.12,0.06,0.06,1.76,1.88,0,0,0,0,0.06,46,0.02,0.02,0.04,0.05,,0.13
Jasper Moon,Harrogate Town,League Two,1071,Centre Back,24,0,0.03,0.09,0.34,0,0,0,,0,0.02,0.17,0.17,0,0.05,0.5,0.25,0.25,0.17,1.15,4.21,13.78,7.14,0.04,3.95,1.18,10.84,1,2.15,38,62,11.01,6.67,1.76,0.5,32.85,75,43,1.76,0.23,0.25,23.44,99,5.11,1.93,0.08,0.08,0,0,1.09,1.18,0.17,100,0.08,33,0.08,36,0,0.04,0.19,-0.04,,0.18
Jay McGrath,Doncaster Rovers,League Two,1175,Centre Back,22,0,0.1,0.09,1.15,0,27,0,,0,0.03,0.38,0.38,0,0.13,1.53,0.15,0.08,0.08,0.18,6.99,8.65,4.44,0.11,3.68,1.91,14.25,1.51,1.69,38,72,6.36,6.51,1.15,0.08,45.65,74,56,3.91,0.58,0.6,31.48,99,5.77,4.06,0.23,0.15,0.08,0.15,2.53,2.68,0.15,0,0.08,50,0.31,32,0.09,0.04,0.09,-0.11,,0.11
Jon Mellish,Carlisle United,League Two,1303,Centre Back,27,0.14,0.08,0.11,0.76,18,55,1,,0.07,0.03,0.69,0.62,0.21,0.11,1.45,1.45,0.83,1.04,1.44,4.65,13.12,5.11,0.04,3.52,3.52,12.29,1.99,3.43,50,63,10.01,11.43,2,0.07,50.76,73,45,5.73,0.4,0.41,44.4,94,5.7,7.94,0.69,0.55,0.14,0.14,1.38,1.93,0,50,0.35,19,0.14,31,0.08,0.1,0.03,0.05,,0.26
Jordan Turnbull,Tranmere Rovers,League Two,1165,Centre Back,30,0,0,,0,,,0,,0.08,0.03,0.54,0.54,0.08,0.03,0.54,0.15,0.08,0.08,1.42,6.1,9.89,3.55,0.05,3.01,2.16,10.97,2,3.42,64,68,7.34,7.38,1.62,0.15,32.84,76,41,2.09,0.17,0.18,22.87,99,3.62,3.71,0.15,0.15,0,0.23,1.08,1.24,0,0,0,0,0.23,36,0.02,0.02,0.06,,,0.1
Kayden Hughes,Fleetwood Town,League Two,662,Centre Back,19,0.27,0.04,0.15,0.27,100,100,0,,0,0.01,0.27,0.27,0.27,0.05,0.54,0.27,0.14,0.14,1.1,3.57,11.7,5.99,0.08,2.58,1.9,8.71,0.38,1.48,50,47,10.07,10.04,1.63,0.27,37.68,80,41,1.09,0.46,0.46,30.2,99,4.48,1.36,0,0,0,0,0.54,0.54,0,,0,0,0,28,-0.01,0.01,-0.03,-0.02,,-0.05
Kyle Jameson,Newport County AFC,League Two,1166,Centre Back,26,0,0.01,0.18,0.08,0,0,0,,0,0.01,0.23,0.23,0,0.02,0.31,0.15,0.08,0.31,0.67,4.42,10.73,5.56,0.13,5.09,1.24,10.58,0.72,1.39,63,66,9.03,6.76,1.39,0.31,28.1,77,37,0.93,0.16,0.18,21.38,97,4.73,0.93,0.15,0.15,0,0.08,0.46,0.62,0,0,0,0,0.15,31,0.02,0.02,0.11,-0.03,,0.12
Laurence Maguire,Milton Keynes Dons,League Two,1243,Centre Back,28,0.07,0.09,0.26,0.36,20,40,0,,0.07,0.04,0.65,0.58,0.14,0.13,1.01,0.14,0.07,0.14,1.19,5.63,10.06,4.49,0.1,3.11,2.39,14.62,1.59,2.78,50,70,7.82,10.87,2.24,0.22,61.39,80,41,5.79,0.53,0.56,45.1,99,3.31,8.18,0.51,0.51,0,0.14,1.3,1.81,0,29,0.14,40,0.07,38,0.1,0.05,0.14,0.04,,0.33
Luke Garbutt,Salford City,League Two,1443,Centre Back,32,0,0.03,0.04,0.94,0,27,1,,0.06,0.07,1.12,0.5,0.06,0.11,2.06,0.25,0.19,0.75,1.18,2.95,13.04,6.61,0.04,3.24,4.18,10.92,2.04,3.22,65,62,10.17,11.03,1.93,0.31,38.74,66,37,5.24,0.28,0.31,31.13,96,4.84,7.86,2.56,0.87,1.68,0.12,0.75,1.62,0,37,1.06,27,0.19,31,0.29,0.07,0.05,-0.04,,0.37
Michael Isaac Williams,Crewe Alexandra,League Two,1384,Centre Back,21,0.07,0.05,0.12,0.46,14,29,0,,0.13,0.07,0.39,0.33,0.2,0.12,0.85,0.26,0.26,0.13,1.03,3.23,6.76,3.38,0.01,2.21,1.76,8.59,0.64,1.66,83,56,5.59,4.9,0.72,0.2,36.36,76,49,3.77,0.26,0.34,28.62,98,4.71,4.62,0.65,0.46,0.2,0.07,1.04,1.5,0,20,0.13,14,0.07,37,0.06,0.04,0,0,,0.11
Miguel Freckleton,Swindon Town,League Two,1369,Centre Back,21,0,0.01,0.07,0.13,0,0,0,,0.07,0.02,0.53,0.53,0.07,0.03,0.66,0.53,0.2,0.33,1.36,5.68,12.03,4.67,0.04,4.01,2.5,12.36,1.31,2.67,71,61,10.26,10.51,1.45,0.26,51.55,75,51,4.34,0.36,0.37,41.3,97,5.01,6.64,0.59,0.53,0.07,0.07,1.25,1.78,0.07,33,0.26,29,0.07,31,0.03,0.03,0.03,-0.01,,0.08
Niall Canavan,Barrow,League Two,812,Centre Back,34,0,0.02,0.15,0.11,0,0,0,,0.11,0,0.22,0.22,0.11,0.02,0.33,0,0,0,0.61,5.38,5.88,3.88,0.06,3.44,0.78,11.2,0.7,1.31,63,74,4.66,3.95,0.67,0.22,25.39,70,38,1.33,0.12,0.13,14.41,100,4.32,1.11,0,0,0,0,0.55,0.55,0,,0,,0.11,43,-0.01,0.02,0.04,-0.02,,0.03
Ryan Johnson,AFC Wimbledon,League Two,601,Centre Back,28,0,0.03,0.07,0.45,0,33,0,,0.15,0.02,0.3,0.3,0.15,0.06,0.75,0,0,0.3,1.81,5.12,14.53,8.84,0.06,4.04,3.44,15.43,1.23,3.04,33,58,12.28,14.26,4.04,0.45,43.74,75,44,3.59,0.3,0.36,25.61,98,3.53,5.54,0.6,0.6,0,0.15,1.8,2.4,0,50,0.6,50,0.15,38,0.15,0,-0.09,-0.07,,0
Shadrach Ogie,Gillingham,League Two,1223,Centre Back,23,0,0.02,0.04,0.44,0,50,0,,0,0.01,0.15,0,0,0.03,0.59,0.29,0.07,0.59,0.93,4.77,9.12,4.12,0.08,3.09,1.84,13.61,1.43,2.35,60,70,6.7,6.22,1.03,0,38.78,71,40,1.55,0.3,0.31,29.29,96,4.41,1.47,0.22,0.07,0.15,0,0.81,0.88,0,67,0.15,10,0,30,0.07,0.07,0.01,0.01,,0.16
Taylor Allen,Walsall,League Two,1391,Centre Back,24,0.13,0.02,0.04,0.52,25,63,1,100,0.13,0.17,1.62,0.45,0.26,0.19,2.13,0.65,0.26,0.52,0.65,2.53,9.96,4.46,0.03,3.23,3.1,14.29,0.92,1.57,56,56,8.09,5.65,1.23,0.19,35.51,61,33,4.79,0.32,0.36,26.78,96,5.6,6.27,2.33,0.71,1.62,0.06,0.52,1.23,0.13,17,0.45,25,0.13,39,0.29,0.05,-0.01,0.05,,0.37
Terell Thomas,Carlisle United,League Two,898,Centre Back,29,0,0.1,0.1,1,0,0,0,,0,0.01,0.2,0.2,0,0.11,1.2,0.3,0.2,0.2,2.1,6.98,12.03,6.11,0.09,4.51,3.11,16.84,2.65,4.75,86,76,8.82,10.96,1.9,0.2,52.21,75,44,4.11,0.41,0.46,38.78,98,5.18,4.51,0.3,0.3,0,0.2,2.2,2.51,0,0,0,0,0.2,30,-0.01,0.06,0.06,-0.12,,-0.02
Thomas Bradbury,Cheltenham Town,League Two,1088,Centre Back,27,0.08,0.03,0.06,0.5,17,33,0,,0,0,0,0,0.08,0.03,0.5,0.66,0.41,0.25,0.84,3.17,11.66,5.87,0.07,3.56,3.72,14.89,0.97,1.81,67,70,9.35,6.9,1.65,0.25,31.77,60,36,4.05,0.24,0.26,20.02,95,5.63,4.3,0.17,0.17,0,0,0.99,1.16,0,0,0,0,0,45,0.05,0.03,0,-0.02,,0.07
Zach Awe,Accrington Stanley,League Two,1392,Centre Back,21,0.06,0.05,0.21,0.26,25,25,0,,0,0,0,0,0.06,0.05,0.26,0.45,0.26,0.32,1.45,4.48,16.1,6.53,0.03,4.72,2.13,14.22,1.02,2.47,73,65,13.12,9.66,1.94,0.52,24.56,69,57,1.62,0.28,0.28,15,95,6.01,1.75,0,0,0,0,0.52,0.52,0,,0,,0,38,0.01,0.04,0.03,-0.03,,0.06
Calum Kavanagh,Bradford City,League Two,814,Centre Forward,21,0,0.21,0.08,2.54,0,22,5,,0.11,0.09,0.88,0.88,0.11,0.3,3.43,1.55,0.44,1.33,0.44,0.62,22.66,11.83,0.02,2.98,3.21,4.31,0.71,1.15,0,22,20.89,21.23,4.97,0.44,18.57,79,44,1.88,0.33,0.52,22.77,78,4.49,5.97,0.55,0.55,0,0.55,5.2,5.75,0.11,0,0.22,67,0.55,15,-0.04,-0.01,0.02,-0.08,,-0.11
Cole Stockton,Salford City,League Two,690,Centre Forward,31,0.26,0.16,0.1,1.69,15,38,5,,0.13,0.08,0.65,0.65,0.39,0.24,2.35,1.17,0.39,0.52,0.17,0.78,10.56,4.3,0.04,1.69,2.48,2.87,0.25,0.43,0,47,9.65,9.92,1.04,0,13.17,66,83,0.91,0.29,0.39,13.56,72,2.71,4.3,0,0,0,0.39,4.04,4.04,0.13,,0.26,40,0.52,10,-0.05,-0.02,0,0.01,,-0.06
Harry Smith,Swindon Town,League Two,756,Centre Forward,30,0.48,0.29,0.12,2.5,19,29,6,,0,0,0,0,0.48,0.29,2.5,0.12,0.12,0.48,0.27,1.55,15.59,6.31,0,1.9,2.62,3.57,0.32,0.59,0,68,13.81,11.66,1.43,0,20.12,50,57,1.9,0.43,0.48,8.57,78,3.81,5.71,0.48,0.48,0,0.12,4.4,4.88,0,0,0.12,100,0.48,27,-0.08,0,0,0.11,,0.04
Kylian Kouassi,Salford City,League Two,974,Centre Forward,21,0.09,0.14,0.08,1.76,5,32,4,,0.18,0.17,1.76,1.76,0.28,0.3,3.51,2.13,1.39,3.05,0,1.35,18.76,6.56,0,2.13,3.79,5.17,0.82,0.82,50,35,16.08,17.98,4.34,0.37,19.03,66,50,3.14,0.35,0.49,22.82,69,5.95,8.22,0.46,0.46,0,0.18,5.54,6.01,0.28,20,0.09,14,0.83,21,-0.04,0.03,-0.04,-0.04,,-0.1
Nathan Lowe,Walsall,League Two,1017,Centre Forward,19,0.62,0.5,0.22,2.3,27,54,5,,0.27,0.12,0.89,0.89,0.89,0.62,3.19,1.5,0.89,1.68,0.21,0.57,22.04,7.88,0,2.83,3.19,4.69,0.59,0.8,75,31,19.74,12.58,3.89,0.18,15.93,68,50,1.15,0.55,0.89,17.17,75,5.32,6.02,0.18,0.18,0,0.62,5.22,5.4,0,0,0.09,25,0.97,16,-0.02,0.06,-0.05,0.29,,0.29
Omar Bugiel,AFC Wimbledon,League Two,1050,Centre Forward,31,0.17,0.19,0.1,1.89,9,36,4,,0,0.08,1.03,1.03,0.17,0.28,2.92,2.06,1.11,1.29,0.55,1.46,25.21,10.8,0.04,4.03,3.86,5.4,1.66,2.21,50,43,20.32,18.54,4.2,0.6,20.83,56,33,2.4,0.59,0.69,15.6,76,5.6,6.52,0.69,0.6,0.09,0.34,4.37,4.97,0.26,0,0,0,0.43,33,-0.01,0,0.01,0,,0.01
Ronan Coughlan,Fleetwood Town,League Two,875,Centre Forward,29,0.41,0.53,0.16,3.29,13,47,8,100,0.1,0.15,1.44,1.44,0.51,0.68,4.73,1.34,0.31,1.85,0.16,0.75,21.71,10.7,0.02,3.09,2.37,2.88,0.69,0.85,44,37,20.07,17.69,3.7,0.21,13.89,72,43,1.13,0.44,0.84,16.67,70,5.83,4.73,0.51,0.51,0,1.13,7.92,8.44,0,40,0.41,67,1.23,13,-0.03,0.07,0.01,0.23,,0.27
Samson Tovide,Colchester United,League Two,986,Centre Forward,21,0.27,0.23,0.1,2.28,12,36,7,,0.46,0.21,1.28,1.28,0.73,0.44,3.56,0.73,0.37,2.83,0.36,0.45,17.43,6.11,0.01,2.37,4.38,5.48,0.89,1.25,100,30,14.42,15.22,3.38,0.27,13.51,59,50,2.1,0.24,0.54,18.62,70,6.61,4.56,0.46,0.37,0.09,0.64,5.38,5.75,0.18,20,0.27,27,0.64,18,0.04,0.09,-0.02,-0.03,,0.08
Mark Helm,Fleetwood Town,League Two,816,Attacking Midfielder,23,0.33,0.22,0.1,2.21,15,35,5,,0,0.05,0.55,0.55,0.33,0.27,2.76,2.1,1.21,2.43,0.39,0.29,22.94,13.01,0.01,3.31,4.74,7.83,0.55,0.94,10,35,20.84,15.66,3.53,0.22,20.4,70,59,3.2,0.46,0.63,23.49,80,5.65,7.06,0.99,0.99,0,0.55,4.19,5.18,0.33,0,0.22,33,0.66,24,0.02,0.15,0.01,-0.06,,0.12
Kieran Green,Grimsby Town,League Two,742,Attacking Midfielder,27,0.24,0.17,0.11,1.58,15,46,2,,0.36,0.16,1.58,1.58,0.61,0.33,3.15,1.58,1.09,1.45,0.73,1.04,19.28,9.46,0.04,3.76,3.64,8.37,0.6,1.33,25,54,15.76,13.28,3.64,0.12,25.58,66,44,2.67,0.28,0.47,24.13,82,6.99,7.52,1.21,1.21,0,0.61,4.12,5.33,0,20,0.48,33,0.73,23,0.06,0.07,0.08,0.07,,0.28
Matty Virtue,Fleetwood Town,League Two,934,Attacking Midfielder,28,0.29,0.21,0.14,1.54,19,25,2,,0,0.05,0.48,0.48,0.29,0.26,2.02,0.19,0,0.67,0.76,0.71,20.9,9.34,0.03,3.37,5.01,10.5,1.93,2.68,67,35,17.53,15.11,4.82,0.29,28.8,70,43,2.12,0.4,0.53,22.16,95,4.37,6.07,0.39,0.39,0,0.1,3.95,4.33,0.19,0,0.1,10,0.39,18,-0.01,0.16,0.08,-0.02,,0.2
Bobby Pointon,Bradford City,League Two,692,Attacking Midfielder,21,0.26,0.1,0.06,1.56,17,42,2,,0.13,0.1,1.43,1.43,0.39,0.2,2.99,1.43,0.78,2.08,0.36,1.47,19.25,8.06,0,3.9,5.46,8.32,0.75,1.11,0,38,17.56,22.07,3.77,0.13,37.72,77,32,4.03,0.35,0.43,37.85,89,5.81,15.48,1.56,1.56,0,0.39,3.25,4.81,0,25,0.78,29,0.65,18,0.02,0.12,0,0.02,,0.17
Ollie Clarke,Swindon Town,League Two,639,Attacking Midfielder,32,0,0.12,0.06,1.97,0,36,3,,0.14,0.05,0.56,0.56,0.14,0.17,2.54,0.7,0.42,1.55,0.91,1.42,23.25,11.98,0.04,3.38,4.93,8.88,1.49,2.39,50,57,19.87,16.2,3.38,0,25.08,67,33,2.4,0.26,0.36,21.14,90,6.62,4.79,0,0,0,0.56,3.24,3.24,0,,0.28,40,0.56,19,-0.04,0.09,0.06,-0.06,,0.04
Myles Hippolyte,AFC Wimbledon,League Two,959,Attacking Midfielder,30,0.19,0.17,0.08,2.06,9,27,2,,0,0.05,0.94,0.84,0.19,0.22,3,3.19,1.03,1.31,0.66,0.71,20.83,8.82,0.03,3.94,6.85,11.45,1.75,2.41,38,40,17.26,13.59,4.13,0.38,31.33,65,43,4.03,0.36,0.5,28.33,85,5.2,10.79,1.41,1.03,0.38,0.19,2.91,3.94,0.09,33,0.56,19,0.38,21,0.12,0.06,0.04,-0.01,,0.21
Charlie Lakin,Walsall,League Two,1019,Attacking Midfielder,26,0.09,0.08,0.05,1.77,5,20,3,,0,0.11,0.71,0.71,0.09,0.19,2.47,0.97,0.27,1.15,0.41,0.35,22.71,10.87,0.03,4.42,4.86,8.04,2.43,2.84,53,23,18.55,12.78,2.83,0.18,24.74,61,42,3.18,0.36,0.44,23.85,84,4.02,7.51,0.62,0.53,0.09,0.44,2.65,3.18,0.09,57,0.44,25,0.88,25,0.01,0.09,0.04,0,,0.14
Armani Little,Gillingham,League Two,1109,Defensive Midfielder,28,0.16,0.03,0.05,0.65,25,25,1,,0,0.06,0.65,0.65,0.16,0.09,1.3,0.57,0.16,0.65,1.02,1.59,23.61,12.25,0.05,5.11,6.65,12.25,1.9,2.92,36,58,20.28,17.51,4.79,0.73,42.51,75,56,4.46,0.26,0.27,35.69,95,4.27,7.87,0.73,0.57,0.16,0.08,0.57,1.14,0.08,22,0.16,14,0.16,29,0.02,0.06,0.02,-0.02,,0.08
Bryn Morris,Newport County AFC,League Two,1173,Defensive Midfielder,29,0,0.03,0.03,1,0,8,0,0,0.08,0.02,0.46,0.38,0.08,0.06,1.46,0.92,0.38,0.84,1.12,1.5,14.81,8.29,0.03,3.84,6.91,16.12,1.06,2.17,32,67,12.51,9.67,2.53,0.23,45.82,75,57,4.68,0.21,0.23,32.23,94,5.12,6.37,0.61,0.23,0.38,0.08,0.46,0.69,0.08,25,0.15,33,0,28,0.05,0.06,0.08,-0.03,,0.15
Callum Graham Jones,Morecambe,League Two,1394,Defensive Midfielder,24,0,0.05,0.04,1.29,0,40,2,100,0.06,0.04,0.65,0.52,0.06,0.09,1.94,0.26,0.13,0.45,0.62,1,24.4,12.72,0.02,5.16,5.42,10.65,1.45,2.07,39,47,21.43,15.1,4.39,0.58,24.14,67,35,2.84,0.19,0.24,16.78,95,5.12,5.87,0.84,0.39,0.45,0.26,1.74,2.13,0.19,8,0.06,14,0.58,27,0.04,0.08,0.07,0,,0.18
Dan Crowley,Notts County,League Two,1161,Defensive Midfielder,27,0.23,0.13,0.06,2.09,11,30,1,,0.23,0.2,1.78,1.55,0.47,0.33,3.88,1.86,1.09,1.63,0.97,0.34,12.56,6.28,0.02,3.02,3.72,6.82,2.23,3.2,42,0,10.23,15.85,2.71,0.39,69.93,89,69,9.77,0.78,0.9,72.8,96,7.03,19.38,2.33,1.94,0.39,0.16,2.71,4.65,0.47,10,0.39,23,0.31,17,0.14,0.2,0.04,0.04,,0.42
Darren Joseph Norman Oldaker,Chesterfield,League Two,1296,Defensive Midfielder,26,0.14,0.04,0.05,0.83,17,25,0,,0.07,0.06,0.63,0.56,0.21,0.1,1.46,0.9,0.56,1.46,0.77,0.89,12.5,6.18,0,2.36,6.11,12.43,1.86,2.63,30,52,10.56,15.5,2.29,0.42,52.99,89,66,4.79,0.65,0.72,48.89,95,4.15,12.43,0.56,0.56,0,0.07,0.35,0.9,0,13,0.07,50,0.07,14,0,0.09,0.02,-0.02,,0.08
Dean Campbell,Barrow,League Two,1473,Defensive Midfielder,24,0,0.02,0.04,0.43,0,43,1,,0,0.01,0.43,0.43,0,0.03,0.86,0.12,0.06,0.37,1.71,1.91,18.76,9.84,0.05,4.95,5.74,13.63,1.57,3.28,44,52,16.01,14.49,3.12,0.43,44.6,84,70,3.97,0.24,0.26,32.87,97,4.06,7.45,0.43,0.31,0.12,0.06,0.37,0.67,0,0,0.12,50,0.18,23,0.03,0.06,0.01,0,,0.1
Donald Love,Accrington Stanley,League Two,1169,Defensive Midfielder,30,0.08,0.03,0.04,0.85,9,45,1,,0.08,0.12,0.92,0.92,0.15,0.15,1.77,0.15,0.08,0.31,1.25,3.15,14.17,6.93,0.04,3,5.85,13.55,1.75,3,58,51,10.93,8.84,2,0.38,33.73,67,27,4.23,0.35,0.41,22.41,97,4.99,7.93,0.92,0.85,0.08,0.08,0.85,1.69,0.31,58,0.54,37,0.15,37,0.17,0.07,0.05,0,,0.29
Harrison Neal,Carlisle United,League Two,1044,Defensive Midfielder,24,0.09,0.06,0.05,1.21,7,21,1,,0,0.03,0.52,0.52,0.09,0.08,1.72,0.69,0.34,0.43,0.63,3.41,22.06,10,0.03,4.65,7.67,16.11,3.17,3.8,68,66,17.49,20.82,4.22,0.78,47.74,73,51,4.74,0.4,0.43,35.16,97,4.04,8.1,0.52,0.52,0,0.09,0.6,1.12,0,33,0.17,29,0.17,23,0,0.09,0.09,-0.03,,0.15
Joel Tabiner,Crewe Alexandra,League Two,1048,Defensive Midfielder,21,0.09,0.06,0.04,1.37,6,38,2,,0.09,0.1,1.12,0.69,0.17,0.15,2.49,0.69,0.26,1.37,0.27,0.69,20.18,10.05,0,3.78,3.78,7.3,1.03,1.3,50,23,17.86,16.14,2.49,0.17,24.56,69,47,2.66,0.32,0.36,23.45,89,5.05,6.78,0.94,0.43,0.52,0,0.86,1.29,0.09,27,0.43,21,0.17,20,0.04,0.07,0.02,0.01,,0.14
Liam Kelly,Milton Keynes Dons,League Two,1030,Defensive Midfielder,29,0.09,0.03,0.04,0.79,11,11,0,,0.09,0.12,1.05,1.05,0.17,0.14,1.83,0.61,0.17,1.05,1.59,0.87,14.07,8.13,0,4.28,3.93,10.14,1.28,2.87,25,0,12.93,18.03,4.02,0.79,70.86,86,53,9,0.59,0.63,59.77,97,3.76,17.56,2.01,1.75,0.26,0.26,1.14,2.88,0.44,13,0.26,23,0.26,18,0.06,0.07,0.02,-0.03,,0.11
Luke Young,Cheltenham Town,League Two,1287,Defensive Midfielder,32,0.14,0.04,0.03,1.26,11,39,1,,0.14,0.06,0.98,0.56,0.28,0.09,2.24,0.14,0.14,0.28,0.66,1.77,15.24,8.6,0.04,3.57,7.55,14.26,1.3,1.96,33,55,13.21,10.25,2.52,0.28,31.53,71,45,3.64,0.32,0.35,20.97,98,4.18,6.15,1.19,0.56,0.63,0,0.14,0.7,0.14,35,0.49,44,0,29,0.06,0.07,0.07,-0.03,,0.18
Matt Palmer,Notts County,League Two,1035,Defensive Midfielder,30,0,0.02,0.04,0.43,0,60,0,,0.09,0.1,1.39,0.78,0.09,0.12,1.83,0.35,0.26,1.13,0.84,1.12,14.78,7.82,0.01,2.78,3.56,7.82,1.11,1.95,60,40,13.3,19.43,2.61,0.09,74.94,91,67,6.43,0.58,0.6,67.9,98,4.63,15.39,1.13,0.43,0.7,0.09,0.7,1.13,0.09,38,0.43,36,0,10,0.02,0.08,0.01,-0.01,,0.11
Nelson Khumbeni,Accrington Stanley,League Two,708,Defensive Midfielder,22,0,0.05,0.04,1.14,0,22,2,,0,0.03,0.89,0.89,0,0.08,2.03,0.76,0.64,1.4,0.28,1.27,18.68,9.91,0.01,2.67,5.59,9.15,1.2,1.48,38,53,14.86,12.58,2.41,0.13,25.03,70,50,2.8,0.24,0.29,17.15,89,3.9,6.48,1.02,1.02,0,0.13,0.76,1.78,0.13,0,0,,0.13,30,0.03,0.05,0,-0.05,,0.03
Regan Hendry,Tranmere Rovers,League Two,900,Defensive Midfielder,27,0.1,0.04,0.04,1,10,30,1,,0,0.06,0.8,0.3,0.1,0.09,1.8,1.4,0.7,0.9,0.69,0.71,22.21,11.9,0.02,3.6,5.2,9,1.95,2.64,55,52,18.71,19.32,4.1,0.4,38.61,75,42,6.3,0.23,0.27,36.01,93,5.44,13.8,2.1,0.8,1.3,0,0.9,1.7,0,19,0.5,20,0,17,0.12,0.1,0.05,0.01,,0.28
Ryan Croasdale,Port Vale,League Two,1117,Defensive Midfielder,30,0.16,0.14,0.17,0.81,20,30,1,,0.08,0.11,0.89,0.89,0.24,0.24,1.69,0.4,0.16,0.48,1.08,2.04,20.15,9.27,0.02,4.35,5.8,12.17,2.04,3.12,50,59,16.52,14.98,3.63,0.64,36.43,80,58,3.71,0.47,0.58,25.71,96,3.44,7.74,0.73,0.64,0.08,0.16,1.37,2.02,0.24,11,0.16,25,0.16,23,0.08,0.08,0.01,0.05,,0.23
Stephen Dooley,Harrogate Town,League Two,1092,Defensive Midfielder,33,0.08,0.06,0.08,0.74,11,44,1,,0,0.02,0.66,0.66,0.08,0.07,1.4,1.73,1.07,0.74,0.5,0.79,16.31,8.32,0.04,2.47,5.6,12.85,0.71,1.21,50,44,14.42,8.81,3.21,0.49,31.8,79,60,4.04,0.3,0.33,26.2,93,7.16,7.33,0.74,0.74,0,0,0.99,1.73,0,0,0,0,0,23,0.01,0.1,0.02,-0.02,,0.11
Tyrese Fornah,Salford City,League Two,1291,Defensive Midfielder,25,0,0.03,0.03,0.91,0,15,1,,0.07,0.05,0.63,0.63,0.07,0.08,1.53,2.16,1.67,2.09,0.99,1.25,16.46,6.55,0.04,3.56,6.35,11.09,1.89,2.88,45,26,13.32,14.44,3.56,0.42,33.82,81,58,4.46,0.31,0.35,35.07,89,8.54,8.51,0.63,0.63,0,0.21,0.77,1.39,0.07,44,0.35,42,0.14,20,0.02,0.07,0,-0.02,,0.08
James Daly,Harrogate Town,League Two,1225,Winger,25,0.15,0.1,0.09,1.03,14,43,2,,0.15,0.06,0.51,0.51,0.29,0.16,1.54,3.01,1.18,1.98,0.85,1.54,20.5,7.64,0.02,2.94,3.23,7.79,0.89,1.74,30,49,17.49,11.42,4.19,0.37,18.81,62,24,2.35,0.24,0.31,19.48,73,5.98,4.78,0.51,0.51,0,0.15,1.54,2.06,0,43,0.37,25,0.22,32,0.06,0.06,0.08,0,,0.19
Bobby Kamwa,Newport County AFC,League Two,1226,Winger,25,0,0.13,0.08,1.69,0,22,3,,0.07,0.11,0.66,0.66,0.07,0.24,2.35,3.67,1.1,2.06,0.51,0.11,17.4,6.75,0.01,2.57,2.5,4.77,0.64,1.14,40,14,15.93,12.73,2.72,0.22,16,71,47,2.79,0.26,0.39,24.3,69,8.89,5.43,0.95,0.95,0,0.44,2.86,3.82,0.07,46,0.66,36,0.59,14,0.08,0.19,0.01,-0.07,,0.21
Elliot Newby,Barrow,League Two,1139,Winger,29,0.16,0.14,0.09,1.5,11,47,2,,0.32,0.06,1.11,1.11,0.47,0.2,2.61,1.42,0.63,1.82,0.59,0.04,12.72,4.82,0.01,2.05,4.11,7.82,0.59,1.18,40,24,11.61,11.21,2.84,0.32,30.89,76,48,3.87,0.31,0.41,31.12,88,6.11,12.17,1.42,1.34,0.08,0.32,2.69,4.03,0,44,0.63,47,0.39,19,0.04,0.1,0.01,-0.02,,0.14
Ethan Chislett,Port Vale,League Two,686,Winger,26,0.26,0.22,0.1,2.23,12,35,3,100,0.13,0.07,1.44,0.92,0.39,0.28,3.68,1.44,0.66,1.58,0.48,0.41,18.12,6.83,0.02,2.76,3.28,6.04,1.49,1.97,50,14,16.15,17.21,4.33,0.39,27.7,76,52,3.94,0.38,0.55,32.3,87,6.05,10.11,1.05,0.39,0.66,0.26,3.68,4.07,0,13,0.26,11,0.26,13,0.04,0.12,0.02,0.1,,0.27
Ethon Archer,Cheltenham Town,League Two,1207,Winger,22,0.3,0.06,0.07,0.89,33,50,2,,0.22,0.22,1.57,1.49,0.52,0.28,2.46,2.39,1.19,2.31,0.6,0.56,26.09,12.15,0.01,5.37,4.62,7.83,2.33,2.93,68,29,21.7,16.45,4.47,0.22,22.44,65,40,1.94,0.33,0.48,24.31,81,5.78,7.83,1.12,0.97,0.15,0.3,1.64,2.61,0,60,0.75,37,0.52,23,0.12,0.09,0.05,-0.03,,0.24
Harvey Saunders,Tranmere Rovers,League Two,656,Winger,27,0.14,0.2,0.09,2.19,6,38,7,,0.14,0.07,0.69,0.69,0.27,0.27,2.88,2.33,0.41,1.51,0.22,0.64,18.38,4.8,0,1.65,3.43,4.39,0.58,0.8,0,36,17.15,16.56,2.74,0.14,9.33,64,25,0.96,0.25,0.35,12.35,57,7.84,4.25,0.27,0.27,0,0.27,4.66,4.94,0,0,0,0,0.55,17,-0.05,0.07,0,-0.07,,-0.05
James Berry-McNally,Chesterfield,League Two,821,Winger,24,0.66,0.13,0.05,2.52,26,57,3,,0.22,0.23,1.86,1.43,0.88,0.36,4.39,2.74,1.43,1.75,0.71,1.31,8.55,4.94,0.01,1.65,2.08,3.73,0.81,1.52,40,57,7.46,10.75,1.86,0,32.14,70,45,4.39,0.55,0.69,36.19,88,5.35,12.17,1.21,0.88,0.33,0.66,4.17,5.05,0.33,18,0.77,25,0.77,13,0.19,0.14,-0.03,0.13,,0.44
Jayden Clarke,Gillingham,League Two,1071,Winger,24,0.42,0.28,0.22,1.26,33,53,3,,0.08,0.14,0.76,0.76,0.5,0.43,2.02,0.92,0.42,1.18,0.28,1.15,21.09,9.91,0.02,3.95,3.44,5.8,1.97,2.25,60,28,17.89,17.46,3.95,0.08,21.17,84,71,2.1,0.4,0.56,23.19,86,6.07,7.98,0.59,0.59,0,0.42,3.19,3.78,0,29,0.25,50,0.59,15,0.11,0.1,0.02,0.16,,0.39
John-Kymani Gordon,Colchester United,League Two,795,Winger,22,0,0.12,0.08,1.58,0,21,3,,0,0.1,0.57,0.57,0,0.22,2.15,2.72,1.24,1.36,0.64,1.19,18.67,8.71,0,3.51,3.17,6.79,2.06,2.69,64,59,14.59,12.92,3.05,0.23,23.87,68,45,2.04,0.44,0.45,27.38,82,7.4,9.16,0.68,0.68,0,0.57,3.39,4.07,0,33,0.45,25,0.57,16,0.03,0.12,-0.06,0,,0.1
Jordan Gibson,Doncaster Rovers,League Two,978,Winger,27,0.28,0.18,0.07,2.58,11,36,4,,0.18,0.19,1.1,0.92,0.46,0.37,3.68,3.4,1.47,2.21,1.43,0.82,17.94,8.93,0,3.59,4.32,6.81,1.39,2.81,50,36,16.1,17.2,2.3,0.09,24.75,71,51,2.58,0.54,0.69,30.46,79,6.24,9.48,1.47,1.29,0.18,0.37,3.4,4.69,0.28,25,0.64,24,0.46,15,0.14,0.04,0.01,0.04,,0.23
Katia Kouyate,Barrow,League Two,753,Winger,21,0,0.02,0.06,0.36,0,100,1,,0.36,0.16,0.96,0.96,0.36,0.18,1.31,4.18,1.43,3.58,1.03,0.8,19.11,7.29,0,3.94,4.66,7.76,2.41,3.44,71,47,14.34,12.32,2.51,0,19.83,61,33,2.03,0.29,0.38,28.07,63,7.65,6.33,0.84,0.84,0,0.36,1.43,2.27,0.12,57,0.84,29,0.72,18,0.12,0.08,0,-0.01,,0.18
Omari Patrick,Tranmere Rovers,League Two,1163,Winger,29,0.31,0.14,0.07,2.17,14,36,3,,0,0.11,1.16,1.08,0.31,0.25,3.33,4.02,1.39,2.32,0.92,0.54,21.05,9.52,0,3.71,4.41,7.2,1.44,2.36,62,43,18.96,18.63,3.25,0.23,25.15,70,53,2.79,0.29,0.45,31.34,77,7.92,9.29,1.01,0.93,0.08,0.31,2.48,3.4,0.15,38,0.77,34,0.46,16,0.01,0.1,0.02,0.05,,0.19
Ronan Curtis,Port Vale,League Two,745,Winger,29,0.12,0.12,0.08,1.57,8,46,2,,0.24,0.12,1.09,0.36,0.36,0.25,2.66,2.05,0.72,1.57,0.47,1.27,24.76,10.87,0.03,4.47,4.35,7.97,1.41,1.88,67,51,20.29,18.51,4.59,0.24,32.37,58,39,2.54,0.36,0.54,29.35,84,4.55,8.34,1.93,0.97,0.97,0.24,3.26,4.23,0.24,6,0.48,21,0.6,25,0.06,0.01,0.04,0.02,,0.12
Tyler Walton,Accrington Stanley,League Two,766,Winger,26,0.24,0.15,0.11,1.41,17,58,2,,0.35,0.18,1.18,1.18,0.59,0.33,2.59,1.88,0.82,2.23,0.23,0.62,16.46,6.93,0,1.88,3.06,5.52,0.27,0.5,20,55,13.75,9.76,2.12,0.12,24.45,64,41,2.47,0.34,0.57,22.57,74,7.14,7.88,0.47,0.47,0,0.24,3.64,4.11,0,75,0.59,33,0.47,23,0.06,0.05,0,0.12,,0.22
Adam Lewis,Morecambe,League Two,1005,Full Back,25,0,0.07,0.05,1.43,0,25,2,,0.27,0.27,1.52,0.72,0.27,0.33,2.95,1.07,0.36,0.63,0.88,0.83,20.95,11.82,0.01,4.48,4.39,7.79,1.28,2.16,43,20,18.08,11.19,3.31,0.27,25.15,50,32,4.74,0.23,0.34,20.5,91,3.83,6.36,3.94,1.34,2.6,0,1.52,2.86,0,34,1.61,26,0,30,0.38,0.04,-0.03,-0.04,,0.35
Cameron Harper,Carlisle United,League Two,978,Full Back,23,0,0.05,0.06,0.74,0,38,0,,0.28,0.2,1.47,0.92,0.28,0.24,2.21,0.74,0.46,0.46,1.1,1.81,13.25,5.06,0.02,3.86,3.22,8.19,2.09,3.19,67,59,11.59,14.99,2.39,0.46,45.91,76,44,3.68,0.33,0.48,37.72,96,3.52,11.41,2.3,1.38,0.92,0.18,1.66,3.04,0.09,16,0.64,27,0.37,24,0.21,0.06,0.02,-0.02,,0.26
Clarke Oduor,Bradford City,League Two,722,Full Back,25,0,0.18,0.13,1.37,0,18,2,,0,0.04,0.5,0.5,0,0.21,1.87,2.37,1.25,2.37,0.38,0.96,21.68,9.72,0.03,4.36,4.98,9.84,1.7,2.08,36,44,19.19,19.48,3.24,0.5,32.14,82,44,3.11,0.38,0.51,33.01,87,6.7,10.96,1.12,1.12,0,0,1.99,3.11,0,33,0.5,33,0.12,13,0.04,0.14,0.01,-0.15,,0.05
George Cox,Swindon Town,League Two,739,Full Back,27,0.12,0.17,0.09,1.83,7,20,2,,0.24,0.15,1.34,1.1,0.37,0.31,3.17,0.73,0.37,1.22,1.26,2.16,17.66,8.65,0.01,3.65,3.17,6.7,2.91,4.17,62,52,13.4,15.02,2.68,0.24,25.82,58,33,1.95,0.24,0.44,23.87,91,3.82,5.48,1.95,1.22,0.73,0.12,2.44,3.65,0,63,1.71,38,0.24,20,0.26,0.06,0.08,-0.04,,0.37
Idris Odutayo,Bromley,League Two,1291,Full Back,22,0,0.04,0.13,0.28,0,0,1,,0.07,0.1,0.91,0.91,0.07,0.14,1.18,0.84,0.28,0.56,0.77,1.79,9.9,4.32,0.04,2.23,2.37,7.81,0.61,1.38,57,63,8.02,4.51,1.05,0.07,22.58,68,45,2.51,0.16,0.31,17.42,90,5,5.23,0.91,0.77,0.14,0.07,1.05,1.81,0,69,0.77,50,0.07,34,0.12,0.04,0.06,-0.02,,0.19
Jake Batty,Accrington Stanley,League Two,739,Full Back,20,0,0.03,0.04,0.61,0,40,1,,0.12,0.04,0.61,0.61,0.12,0.06,1.22,0.85,0.61,0.85,1.25,2.99,16.33,7.43,0.08,3.41,4.02,13.04,1.59,2.84,50,47,12.92,8.12,2.44,0.12,31.68,55,33,3.78,0.26,0.28,22.18,92,4.77,5.36,0.61,0.49,0.12,0.12,0.97,1.46,0.37,80,0.73,25,0.12,40,0.18,0.04,0.09,-0.03,,0.28
James Tilley,AFC Wimbledon,League Two,676,Full Back,26,0.13,0.11,0.04,2.53,5,37,3,,0.27,0.2,2.13,0.93,0.4,0.31,4.66,1.07,0.4,1.07,1.18,0.85,19.45,9.19,0,4.8,5.59,11.06,1.24,2.42,73,61,16.25,10.98,2.4,0.27,34.23,60,26,3.2,0.34,0.45,29.44,93,6.6,7.59,2.66,1.2,1.47,0.4,4.8,5.99,0,40,1.6,33,0.53,18,0.27,0.12,0.01,-0.04,,0.35
Joe Tomlinson,Milton Keynes Dons,League Two,1466,Full Back,24,0.18,0.16,0.08,1.96,9,47,2,100,0.06,0.08,0.92,0.8,0.25,0.24,2.89,0.8,0.43,0.92,1.88,2.92,10.87,4.73,0.01,2.95,3.25,7.61,1.7,3.58,38,51,9.15,13.15,2.27,0.25,40.58,78,24,2.03,0.49,0.65,34.01,94,3.57,11.42,0.92,0.61,0.31,0.37,3.07,3.68,0,33,0.49,21,0.55,12,0.1,0.05,-0.01,0.04,,0.19
Kelly N’Mai,Salford City,League Two,1049,Full Back,21,0.26,0.09,0.07,1.29,20,27,2,,0.26,0.11,0.94,0.94,0.51,0.2,2.23,3.43,1.37,3.17,0.99,0.5,26.68,9.69,0.01,4.12,4.98,7.89,2.76,3.75,47,19,21.96,24.34,4.89,0.43,20.67,68,33,1.8,0.24,0.34,29.77,71,7.15,7.38,0.94,0.86,0.09,0.34,3.69,4.55,0.09,18,0.26,14,0.86,17,0.04,0.12,0.01,0.03,,0.2
Kyle John,Port Vale,League Two,781,Full Back,24,0,0,0.01,0.23,0,0,0,,0.12,0.05,0.35,0.35,0.12,0.05,0.58,1.04,0.35,0.69,1.16,2.32,13.37,5.42,0.07,2.54,2.88,6.57,1.08,2.24,100,50,11.07,11.79,2.08,0,30.55,79,38,4.73,0.55,0.61,29.75,94,5.05,9.11,1.15,1.04,0.12,0.46,1.38,2.42,0,30,0.58,38,0.58,26,0.09,0.07,0,-0.01,,0.16
Liam Gordon,Walsall,League Two,1244,Full Back,26,0,0.04,0.1,0.36,0,0,1,,0.07,0.1,0.58,0.58,0.07,0.14,0.94,2.46,1.45,1.88,0.64,1.55,8.25,3.62,0.02,1.88,4.2,9.33,0.85,1.49,78,38,6.73,4.75,1.66,0.14,31.61,75,41,4.92,0.51,0.56,30.09,88,6.52,8.32,0.87,0.87,0,0.07,1.08,1.95,0.07,17,0.29,14,0.14,21,0.1,0.09,0.03,-0.04,,0.19
MacKenzie Hunt,Fleetwood Town,League Two,1083,Full Back,23,0,0.06,0.04,1.33,0,19,1,,0.25,0.23,1.99,1.33,0.25,0.29,3.32,0.91,0.5,0.75,1.31,2.56,19.77,9.72,0.03,5.15,2.99,9.14,1.99,3.3,48,31,16.95,13.82,3.9,0.33,35.56,65,32,3.41,0.41,0.48,31.57,94,4.89,6.73,1.66,0.83,0.83,0.17,1.25,2.08,0.17,50,1.08,36,0.17,27,0.18,0.06,0,-0.07,,0.16
Max Conway,Crewe Alexandra,League Two,1071,Full Back,21,0.08,0.07,0.09,0.84,10,30,1,,0,0.1,1.18,0.84,0.08,0.17,2.02,2.69,1.51,1.09,1.25,2.65,17.9,8.07,0.02,5.38,2.86,8.07,1.7,2.95,41,55,15.29,13.83,3.02,0.42,26.55,67,49,3.61,0.34,0.35,26.88,87,6.29,7.73,1.43,1.09,0.34,0.25,1.85,2.94,0,29,0.67,30,0.42,30,0.13,0.07,0.03,0.04,,0.26
Tyreik Samuel Wright,Bradford City,League Two,1032,Full Back,23,0,0.03,0.05,0.52,0,17,1,,0.26,0.15,1.66,1.4,0.26,0.18,2.18,1.4,0.61,1.92,1.21,0.76,16.74,8.55,0.01,3.05,3.92,8.46,1.59,2.8,56,39,14.04,15.31,3.4,0.17,38.37,73,36,4.19,0.37,0.45,35.66,89,5.96,11.6,2.27,1.83,0.44,0.26,1.57,3.4,0.09,38,1.05,25,0.26,19,0.13,0.09,0.05,-0.02,,0.25
Cameron Evans,Newport County AFC,League Two,997,Full Back,24,0.09,0.03,0.06,0.54,17,17,1,,0,0.01,0.18,0.18,0.09,0.04,0.72,0.36,0.27,0.9,1.23,2.93,17.24,7.58,0.01,3.79,2.26,7.4,1.7,2.93,64,62,13.63,10.31,2.44,0.09,31.13,74,36,2.89,0.13,0.14,24.73,96,4.76,3.97,0.27,0.09,0.18,0,0.45,0.54,0.09,0,0.09,17,0,35,0.04,0.05,-0.01,-0.01,,0.07
Cameron Norman,Tranmere Rovers,League Two,1094,Full Back,29,0,0.03,0.04,0.74,0,22,1,,0.08,0.06,1.07,0.99,0.08,0.09,1.81,1.73,0.49,0.99,0.27,2.5,12.34,5.51,0.03,2.96,3.79,7.98,1.02,1.28,30,59,9.71,9.59,2.06,0.08,32.75,63,46,4.44,0.24,0.3,27.98,90,5.38,9.46,2.3,1.65,0.66,0.16,1.56,3.21,0.16,43,1.23,38,0.08,37,0.27,0.12,-0.1,-0.04,,0.25
Connor O’Brien,Accrington Stanley,League Two,1143,Full Back,20,0,0.02,0.05,0.39,0,20,0,,0.08,0.06,0.94,0.87,0.08,0.08,1.34,1.1,0.55,0.71,0.64,2.33,20.23,10.71,0.03,4.57,3.38,8.5,1.63,2.28,64,55,16.06,10.63,2.2,0.47,26.29,61,33,4.64,0.21,0.27,20.39,89,5.83,6.69,0.94,0.87,0.08,0,0.47,1.34,0,83,0.94,33,0,36,0.1,0.05,0.03,-0.01,,0.17
Jamie Sterry,Doncaster Rovers,League Two,1226,Full Back,29,0,0.03,0.04,0.73,0,20,1,,0.29,0.09,1.1,0.95,0.29,0.12,1.84,1.17,0.73,0.59,1.1,2.19,16.3,8.3,0.03,4.18,4.55,10.06,1.85,2.95,70,57,13.36,14.12,2.64,0.59,40.08,72,42,6.39,0.36,0.41,34.28,96,4.5,9.62,2.06,1.54,0.51,0.37,1.61,3.16,0,25,0.73,32,0.29,41,0.26,0.07,0.01,-0.02,,0.33
Lewis Cass,Grimsby Town,League Two,807,Full Back,25,0.11,0.06,0.14,0.45,25,25,0,,0.11,0.02,0.22,0.22,0.22,0.08,0.67,0.56,0.45,0.45,1.79,2.5,13.27,5.02,0.07,3.57,2.23,8.92,1.22,3.01,75,68,11.27,8.61,1.12,0.22,33.13,67,25,2.34,0.28,0.29,25.55,97,3.79,5.02,0.45,0.45,0,0.22,1.56,2.01,0,0,0,0,0.22,42,0.05,0.04,0.06,0.04,,0.18
Liam Mandeville,Chesterfield,League Two,687,Full Back,28,0,0.02,0.04,0.39,0,67,0,,0.26,0.11,1.05,0.39,0.26,0.12,1.44,0.92,0.79,0.79,1.56,1.94,14.01,5.5,0.01,3.27,3.01,6.16,2.82,4.38,43,45,11.26,15.17,3.41,0.52,40.73,77,39,2.23,0.46,0.49,38.64,95,3.74,11.66,2.23,1.18,1.05,0,1.57,2.75,0,29,0.79,46,0.39,20,0.1,0.03,-0.02,-0.03,,0.08
Luke Hendrie,Morecambe,League Two,1253,Full Back,30,0,0.01,0.04,0.22,0,0,0,,0,0.04,0.57,0.43,0,0.05,0.79,0.07,0,0.36,1.19,1.81,14.01,7.33,0.03,3.59,5.1,14.01,1.14,2.32,70,53,11.56,8.08,1.44,0.14,32.75,64,33,4.67,0.16,0.18,21.98,97,3.89,6.82,1.08,0.65,0.43,0.14,0.5,1.15,0,33,0.43,43,0.14,46,0.22,0.04,0.06,-0.01,,0.31
Neo Eccleston,Barrow,League Two,730,Full Back,21,0.12,0.05,0.13,0.37,33,33,0,,0.25,0.07,0.62,0.37,0.37,0.12,0.99,1.23,0.25,0.86,1.56,3.2,17.02,7.4,0.03,4.69,2.59,10.73,1.79,3.35,83,58,13.93,13.29,2.84,0.25,32.56,66,31,2.71,0.17,0.26,25.65,88,5.09,6.54,0.86,0.62,0.25,0,0.99,1.6,0,57,0.62,56,0.12,42,0.1,0.06,0,0.06,,0.22
Remeao Hutton,Gillingham,League Two,1370,Full Back,26,0,0.01,0.03,0.26,0,25,0,,0.13,0.14,1.45,1.12,0.13,0.14,1.71,1.58,0.66,0.72,0.82,1.31,9.13,4.01,0,2.04,3.09,8.47,1.06,1.88,60,40,7.29,6.37,1.31,0.13,37.05,67,38,5.58,0.38,0.42,34.82,94,5.3,9,2.82,1.84,0.99,0.2,0.59,2.43,0.13,42,1.38,32,0.2,29,0.25,0.09,0.02,-0.01,,0.35
Rob Hunt,Colchester United,League Two,885,Full Back,29,0,0,,0,,,0,,0,0.03,0.41,0.31,0,0.03,0.41,0.1,0,0.31,1.06,2.49,12.91,6.1,0.05,4.58,3.46,11.08,2.07,3.13,63,45,10.07,9.65,2.03,0.31,31.22,77,50,2.85,0.2,0.23,22.37,97,4.39,4.98,0.31,0.1,0.2,0,0,0.1,0,0,0,0,0,34,0,0.04,0.05,,,0.08
Rory Feely,Barrow,League Two,923,Full Back,28,0.1,0.04,0.1,0.39,25,50,0,,0,0.03,0.59,0.49,0.1,0.07,0.98,0.29,0.2,0.68,1.85,2.68,9.17,5.36,0.01,2.15,4.19,11.51,0.8,2.65,50,69,7.7,6.91,2.44,0.1,40.37,66,38,5.75,0.23,0.23,26.62,95,3.02,10.04,0.78,0.2,0.59,0.29,2.63,2.83,0,0,0.2,18,0.59,40,0.2,0.04,-0.03,0.02,0.05,0.29
Toby Sims,Harrogate Town,League Two,1195,Full Back,26,0.08,0.03,0.06,0.45,17,33,1,,0.08,0.05,0.68,0.6,0.15,0.07,1.13,0.15,0.08,0.53,1.23,2.42,14.38,6.85,0.03,3.61,3.16,10.77,1.37,2.59,59,52,12.05,7.34,1.51,0.08,29.22,57,29,3.01,0.16,0.22,19.65,95,5.13,5.2,1.2,0.45,0.75,0.15,1.43,1.88,0,31,0.38,17,0.3,36,0.2,0.05,0.06,0,,0.3
Tyrell Warren,Grimsby Town,League Two,744,Full Back,26,0,0.02,0.05,0.48,0,50,1,,0,0.06,0.36,0.24,0,0.08,0.85,1.09,0.24,0.36,1.04,2.46,18.39,8.95,0.06,4.24,1.45,5.81,1.34,2.38,50,55,14.16,10.33,1.45,0,20.57,65,40,3.39,0.2,0.27,17.67,89,2.78,4.24,0.97,0.61,0.36,0,0.97,1.57,0.12,13,0.12,14,0,40,0.13,0.01,0.02,0,,0.15
Anthony O'Connor,Harrogate Town,League Two,1473,Centre Back,32,0,0.03,0.09,0.37,0,0,0,,0,0.01,0.06,0.06,0,0.04,0.43,0.49,0.37,0.06,1.68,5.36,11.36,5.93,0.1,4.52,1.34,12.59,0.82,2.5,38,69,9.59,6,1.65,0.12,34.15,73,50,2.38,0.23,0.23,21.14,98,6.87,2.14,0.18,0.18,0,0,0.92,1.1,0,33,0.06,50,0,34,0.04,0.03,0.1,-0.01,,0.16
Ben Barclay,Carlisle United,League Two,656,Centre Back,28,0.14,0.08,0.06,1.23,11,33,1,,0,0.01,0.27,0.27,0.14,0.08,1.51,0.27,0.27,0.27,1.06,4.6,11.93,5.76,0.07,3.57,3.43,12.89,1.34,2.39,43,67,10.01,10.52,2.06,0.41,45.53,75,45,2.88,0.25,0.36,31.13,98,3.89,4.8,1.1,0.41,0.69,0,1.65,2.06,0,38,0.55,40,0,33,0.14,0.04,0,0.01,,0.19
Brendan Sarpong Wiredu,Fleetwood Town,League Two,1112,Centre Back,25,0.08,0.03,0.06,0.57,14,29,0,,0,0.06,0.73,0.73,0.08,0.1,1.29,1.29,1.05,0.73,1.54,2.6,8.74,4.37,0.07,3.88,2.18,9.31,1.31,2.85,100,50,6.55,5.74,1.62,0,40.21,83,59,3.8,0.47,0.51,37.46,97,4.66,5.26,1.13,0.73,0.4,0.08,1.38,2.1,0.24,21,0.32,57,0.16,25,0.16,0.07,-0.02,-0.04,,0.16
Cheick Diabate,Bradford City,League Two,952,Centre Back,23,0,0.06,0.08,0.76,0,25,1,,0.09,0.02,0.19,0.19,0.09,0.08,0.95,0.66,0.47,0.28,0.53,5.62,12.39,5.96,0.01,4.26,3.5,14.37,2.24,2.77,83,64,9.64,10.73,2.08,0.19,42.55,72,47,4.92,0.35,0.36,31.77,98,4.7,6.52,0.09,0.09,0,0.09,1.13,1.23,0,0,0.09,9,0.19,40,0.08,0.02,-0.09,-0.03,,-0.03
David Okagbue,Walsall,League Two,1167,Centre Back,21,0,0.05,0.1,0.54,0,0,0,,0,0.01,0.15,0.15,0,0.06,0.69,0.08,0,0.31,0.76,4.08,9.02,3.85,0.13,2.24,3.16,13.41,0.82,1.58,67,66,6.94,4.56,1.16,0.15,26.6,67,40,3.01,0.34,0.35,14.8,96,3.29,2.7,0.39,0.39,0,0.08,1.08,1.46,0,40,0.15,100,0,45,0.13,0.03,0.09,-0.06,,0.19
Haji Mnoga,Salford City,League Two,732,Centre Back,23,0,0.03,0.05,0.61,0,40,1,,0,0.01,0.25,0.25,0,0.04,0.86,1.72,0.61,2.21,0.97,2.92,17.08,7.13,0.03,5.65,4.67,13.02,1.93,2.9,73,60,13.39,14.61,2.83,0.37,28.26,61,35,4.42,0.28,0.31,25.19,84,7.64,6.64,1.72,0.74,0.98,0.12,1.72,2.46,0,36,0.74,55,0.12,39,0.12,0.05,-0.01,-0.07,,0.1
Harvey Rodgers,Grimsby Town,League Two,1210,Centre Back,28,0.15,0.05,0.07,0.67,22,44,0,,0,0.01,0.22,0.22,0.15,0.06,0.89,0.15,0.07,0.15,0.93,4.45,8.55,4.31,0.04,2.83,1.71,12.27,0.99,1.92,100,69,7.14,6.99,1.34,0.15,37.48,80,52,1.19,0.24,0.25,26.55,98,4,2.16,0.15,0.15,0,0.3,1.93,2.08,0.07,0,0,0,0.3,29,0.03,0.02,-0.02,0,,0.03
Jack Tucker,Milton Keynes Dons,League Two,760,Centre Back,25,0,0.03,0.06,0.59,0,20,0,,0,0.01,0.12,0.12,0,0.04,0.71,0,0,0.12,1.56,8.8,8.52,4.85,0.09,4.14,3.43,16.58,1.85,3.41,75,72,6.75,10.19,2.13,0.71,65.47,79,51,4.62,0.41,0.41,48.66,100,3.94,5.68,0.59,0.59,0,0.12,0.95,1.54,0.24,0,0,0,0.12,31,0.15,0.06,0.1,0,,0.31
James Connolly,Crewe Alexandra,League Two,604,Centre Back,23,0,0.02,0.05,0.45,0,33,0,,0,0.02,0.15,0.15,0,0.05,0.6,0.15,0.15,0,0.56,4.06,8.64,3.28,0.04,2.98,1.49,9.83,0.71,1.27,67,62,6.85,4.89,1.19,0.15,32.46,66,46,2.68,0.14,0.25,23.82,98,5.7,3.28,0.6,0.6,0,0,1.19,1.79,0.15,0,0,,0,44,0.03,0.03,0.04,-0.03,,0.08
Jamie Knight-Lebel,Crewe Alexandra,League Two,1151,Centre Back,20,0,0.02,0.09,0.23,0,67,0,,0,0,0.08,0.08,0,0.03,0.31,0.31,0.16,0.55,0.73,5.47,12.2,6.02,0.04,2.74,1.88,12.67,1.15,1.88,44,47,9.62,9.15,2.35,0.16,34.57,73,48,1.17,0.14,0.15,25.42,97,5.38,1.56,0,0,0,0,1.1,1.1,0,,0,0,0,32,-0.03,0.03,0.05,0.03,,0.08
Jesse Debrah,Port Vale,League Two,1194,Centre Back,24,0.08,0.01,0.04,0.15,50,50,0,,0,0.02,0.08,0.08,0.08,0.02,0.23,0,0,0.08,0.92,4.38,8.52,3.54,0.11,3.62,1.13,10.33,1.15,2.07,100,58,7.09,7.71,0.53,0,35.73,74,50,2.56,0.33,0.33,27.21,99,3.84,2.49,0.6,0.3,0.3,0,0.15,0.45,0.15,13,0.08,13,0,37,0.1,0.01,0.01,0,,0.12
Joseph Olowu,Doncaster Rovers,League Two,779,Centre Back,25,0.12,0.08,0.1,0.81,14,43,0,,0,0.01,0.23,0.23,0.12,0.09,1.04,0.23,0.12,0.23,1.55,6.62,12.25,5.66,0.08,4.62,2.77,10.63,1.86,3.41,33,74,9.13,9.78,1.62,0.35,42.52,85,66,3.24,0.56,0.59,33.86,98,6.28,3.93,0.46,0.46,0,0,1.96,2.43,0,50,0.23,40,0,23,0.03,0.06,-0.06,-0.04,,-0.01
Kamari Antonio Grant,Bromley,League Two,1239,Centre Back,22,0.07,0.03,0.04,0.87,8,33,1,,0.07,0.04,0.44,0.36,0.15,0.07,1.31,0.65,0.44,0.58,1.11,2.28,10.89,4.94,0.07,2.61,2.61,9.22,1.11,2.22,70,58,8.13,5.09,1.38,0.07,26.15,65,36,4.5,0.24,0.26,23.68,92,5.58,6.1,0.87,0.58,0.29,0.22,1.82,2.4,0,33,0.36,25,0.29,41,0.13,0.06,0.09,-0.03,,0.25
Lewis Macari,Notts County,League Two,1409,Centre Back,23,0,0.03,0.08,0.32,0,40,0,,0.06,0.09,0.51,0.51,0.06,0.11,0.83,0.32,0.13,0.32,2.1,5.64,9.65,4.54,0.06,3.83,2.68,8.69,1.53,3.63,42,59,8.24,12.58,1.73,0.38,64.08,90,45,4.73,0.61,0.62,54.5,98,4.23,10.16,0.32,0.32,0,0.13,1.02,1.34,0,80,0.45,54,0.19,21,0.1,0.06,0.05,-0.02,,0.19
Matthew Baker,Newport County AFC,League Two,992,Centre Back,22,0.27,0.05,0.1,0.45,60,60,0,,0,0,0.09,0.09,0.27,0.05,0.54,0.27,0.18,0.18,1.03,2.76,16.24,9.07,0.05,4.72,1.63,9.61,1.18,2.21,59,69,13.42,9.5,1.54,0.36,28.12,81,57,1,0.13,0.15,19.77,98,4.31,1.54,0.27,0.09,0.18,0,1.09,1.18,0,0,0,0,0,32,0.03,0.02,-0.03,0.03,,0.05
Max Ehmer,Gillingham,League Two,1350,Centre Back,33,0,0.06,0.13,0.47,0,14,0,,0,0,0.07,0.07,0,0.06,0.53,0.13,0.13,0.27,1.22,2.98,6.47,2.8,0.03,2.67,1.87,14.13,0.65,1.87,71,66,5,5.05,1.33,0.27,38.07,77,51,1.8,0.32,0.35,28.13,98,4.24,2.33,0.2,0.2,0,0.13,1.73,1.93,0,0,0,,0.2,30,0.03,0.03,-0.01,-0.07,,-0.02
Omar Sowunmi,Bromley,League Two,725,Centre Back,29,0.12,0.16,0.13,1.24,10,40,0,,0,0.01,0.12,0.12,0.12,0.16,1.36,0,0,0.25,1.59,3.62,11.41,4.34,0.04,4.59,3.72,13.03,0.91,2.5,43,70,9.3,6.25,1.61,0.37,27.05,62,48,3.85,0.46,0.64,16.87,93,3.86,4.09,0.37,0.37,0,0,3.97,4.34,0,0,0,0,0,49,0.03,0.01,0.03,0.06,,0.13
Rhys Williams,Morecambe,League Two,1112,Centre Back,24,0.08,0.08,0.16,0.49,17,17,0,,0,0.01,0.24,0.16,0.08,0.09,0.73,0.08,0,0.08,0.42,3.86,10.2,4.29,0.04,3.56,1.3,11.25,0.73,1.15,25,69,8.42,5.79,1.62,0.08,20.97,56,39,1.78,0.16,0.22,8.34,98,3.78,1.62,1.38,0.16,1.21,0,1.38,1.54,0,0,0,0,0,41,0.13,0,0.01,-0.01,,0.13
Riley Harbottle,AFC Wimbledon,League Two,666,Centre Back,24,0,0.08,0.15,0.54,0,0,0,,0,0.03,0.27,0.27,0,0.11,0.81,0.41,0.14,0.68,0.97,3.2,14.2,8.52,0.06,3.24,3.92,14.33,1.1,2.07,88,58,10.82,7.02,1.35,0,26.09,57,29,2.43,0.32,0.35,14.87,94,4.68,3.65,0.81,0.41,0.41,0.14,1.35,1.76,0,17,0.27,40,0.14,50,0.16,0.03,0.09,-0.05,,0.23
Sam Stubbs,Cheltenham Town,League Two,1192,Centre Back,26,0,0.03,0.08,0.38,0,20,0,,0,0.01,0.15,0.08,0,0.04,0.53,0.08,0.08,0.15,1.16,5.68,12.31,5.44,0.06,4.61,3.55,18.27,1.62,2.77,56,74,9.21,7.33,1.36,0.3,36.62,63,41,1.74,0.26,0.27,22.35,97,4.8,1.66,0.45,0.15,0.3,0,0.6,0.75,0,0,0,0,0,39,0.05,0.04,-0.07,-0.04,,-0.02
Stephen Negru,Salford City,League Two,1190,Centre Back,22,0,0.02,0.05,0.45,0,33,0,,0,0,0.15,0.15,0,0.02,0.61,0.15,0.15,0.08,1.04,7.66,10.74,4.39,0.17,4.92,1.44,15.51,1.97,3.01,67,76,8.85,9.76,1.36,0.15,37.97,77,49,1.51,0.3,0.3,25.34,98,4.41,1.36,0.15,0.15,0,0.08,1.66,1.82,0,0,0,0,0.08,33,0.03,0.02,0.07,-0.02,,0.11
Theo Vassell,Barrow,League Two,1488,Centre Back,28,0.18,0.09,0.15,0.6,30,50,0,,0,0,0,0,0.18,0.09,0.6,0.06,0.06,0.18,1.35,5.06,6.23,3.08,0.05,2.42,0.67,11.49,0.84,2.19,100,75,4.66,4.73,1.03,0.18,30.36,75,37,0.85,0.13,0.19,21.53,99,6.57,0.91,0,0,0,0,1.45,1.45,0,,0,0,0,35,0.01,0.03,0.09,0.03,,0.17
Tom Anderson,Doncaster Rovers,League Two,779,Centre Back,31,0.12,0.09,0.13,0.69,17,17,0,,0,0,0,0,0.12,0.09,0.69,0,0,0.12,0.93,6.55,10.97,4.97,0.08,3.81,3,14.67,1.1,2.03,83,80,9.24,10.02,1.5,0.35,47.93,76,51,3.23,0.39,0.39,34.3,99,5.34,3.35,0,0,0,0,1.85,1.85,0.12,,0,,0,29,-0.01,0.04,-0.01,-0.07,,-0.05
Tom Davies,Tranmere Rovers,League Two,1281,Centre Back,33,0,0.04,0.06,0.7,0,0,0,,0,0.05,0.35,0.35,0,0.1,1.05,0.14,0.07,0.21,0.52,7.28,6.25,2.81,0.06,2.88,3.3,15.52,0.29,0.81,80,74,4.99,4.58,0.77,0.21,30.07,71,52,2.11,0.24,0.28,16.44,99,3.69,3.16,0.21,0.21,0,0.28,1.97,2.18,0,0,0,0,0.42,38,0.04,0.07,0.06,-0.05,,0.12
Tom Naylor,Chesterfield,League Two,1388,Centre Back,33,0.06,0.05,0.07,0.71,9,18,0,,0.13,0.06,0.19,0.13,0.19,0.11,0.91,0.32,0.06,0.65,0.82,4.68,8.43,4.41,0.07,4.15,2.85,10.76,1.17,1.99,38,59,6.87,10.42,1.49,0.32,53.09,83,48,5.96,0.48,0.49,44.67,98,5.19,9.4,0.19,0.19,0,0.19,2.01,2.2,0,0,0.13,29,0.19,29,0.07,0.05,-0.03,-0.01,,0.09
Tom Sang,Port Vale,League Two,981,Centre Back,25,0,0.02,0.04,0.55,0,0,1,,0.09,0.17,1.74,0.92,0.09,0.19,2.29,0.83,0.37,0.73,2.53,2.56,13.95,6.79,0.07,4.13,4.96,14.23,2.27,4.8,50,48,11.38,11.57,2.11,0.18,47.63,70,30,5.41,0.5,0.55,40.47,95,5.47,8.9,2.39,1.19,1.19,0.09,0.73,1.93,0,35,0.92,24,0.18,30,0.18,0.08,0.06,-0.02,,0.3
Tummise Sobowale,Swindon Town,League Two,1193,Centre Back,26,0,0.01,0.04,0.15,0,0,0,,0.15,0.06,0.6,0.6,0.15,0.07,0.75,1.74,0.91,0.75,1.71,3.04,13.06,4.45,0.09,3.62,3.77,12.38,1.69,3.4,75,50,11.02,10.71,1.81,0.23,43.47,72,38,3.25,0.35,0.38,40.3,93,5.78,5.28,0.68,0.68,0,0.08,0.45,1.13,0,67,0.53,47,0.08,29,0.06,0.11,0.18,0,,0.34
Yann Songo'o,Morecambe,League Two,849,Centre Back,33,0.11,0.07,0.08,0.85,13,13,1,,0,0,0,0,0.11,0.07,0.85,0.21,0.11,0.21,0.64,4.39,14.42,7.95,0.02,4.66,4.98,13.57,1.12,1.76,67,74,11.66,8.72,2.44,0.53,29.25,67,34,2.12,0.24,0.29,16.85,97,4,3.18,0.11,0,0.11,0,1.27,1.27,0,0,0,,0,31,0,0.04,-0.17,-0.03,,-0.15
Aaron Drinan,Swindon Town,League Two,704,Centre Forward,27,0,0.08,0.07,1.02,0,25,3,,0,0.08,0.51,0.51,0,0.15,1.53,1.15,0.77,1.53,0.63,0.99,24.17,11.9,0.02,4.09,2.94,5.5,0.94,1.56,50,29,22.77,21.9,4.22,0.38,17.52,64,25,1.02,0.2,0.33,18.29,78,5.58,5.5,0.38,0.38,0,0.51,3.45,3.84,0,33,0.26,29,0.77,19,0,0.03,0.03,-0.08,,-0.02
Andy Cook,Bradford City,League Two,1405,Centre Forward,34,0.51,0.4,0.11,3.52,15,44,5,,0,0.13,0.58,0.58,0.51,0.53,4.1,0.7,0.32,1.09,0.18,2.71,13.07,5,0.02,1.92,2.63,3.14,0.46,0.63,40,47,11.15,12.42,2.37,0.19,15.5,59,60,0.96,0.4,0.69,12.04,69,3.56,4.87,0.19,0.19,0,0.38,8.07,8.26,0.06,33,0.13,67,0.77,18,-0.01,-0.01,-0.04,0.05,,-0.02
Dara Costelloe,Accrington Stanley,League Two,854,Centre Forward,22,0.32,0.19,0.09,2.11,15,40,7,100,0.11,0.08,0.53,0.53,0.42,0.27,2.63,0.74,0.11,2.53,0.02,0.22,31.18,12.33,0,3.16,2.63,4.32,0.52,0.54,29,26,28.55,16.98,3.58,0.11,11.9,66,71,1.79,0.33,0.38,14.22,61,7.25,4.32,0.21,0.21,0,0.21,3.9,4.11,0.11,50,0.21,50,0.53,17,-0.05,0.01,0,0.09,,0.04
Francis Okoronkwo,Salford City,League Two,615,Centre Forward,20,0.29,0.19,0.13,1.46,20,40,3,,0,0.04,1.02,1.02,0.29,0.24,2.49,1.76,1.17,1.76,0.24,1.08,19.31,8.49,0.01,2.78,3.66,5.85,0.86,1.1,0,40,17.56,19.66,4.1,0.15,19.16,65,25,1.46,0.25,0.38,16.82,77,6.45,8.05,0.29,0.29,0,0.59,5.27,5.56,0.15,0,0,0,1.02,13,-0.13,0.04,0,0.15,,0.06
Jamille Matt,Walsall,League Two,1058,Centre Forward,35,0.43,0.4,0.17,2.38,18,32,4,0,0.09,0.06,0.77,0.77,0.51,0.46,3.15,0.51,0.17,1.7,0.22,1.1,22.04,9.27,0.01,2.81,3.83,5.19,0.51,0.72,50,42,18.8,13.33,2.21,0.09,19.48,62,64,1.45,0.67,0.85,16.34,70,2.85,5.87,0.34,0.34,0,0.34,6.55,6.89,0,25,0.17,33,0.43,22,-0.02,-0.05,0.03,0.04,,0
Kabongo Tshimanga,Swindon Town,League Two,727,Centre Forward,27,0.12,0.13,0.15,0.87,14,57,3,,0,0.03,0.87,0.87,0.12,0.16,1.73,0.25,0.25,0.99,0.09,0,28.21,12.25,0.01,4.21,2.23,3.34,0.98,1.07,0,14,25.36,26.46,4.33,0.49,9.9,79,100,0.74,0.27,0.39,11.38,72,3.15,4.83,0.37,0.37,0,0.25,5.07,5.44,0,0,0,0,0.74,5,-0.06,-0.06,0,-0.04,,-0.16
Lyle Taylor,Colchester United,League Two,816,Centre Forward,35,0.55,0.32,0.15,2.2,25,50,3,,0,0.17,0.99,0.88,0.55,0.49,3.2,0.77,0.33,1.54,0.14,1.69,14.33,5.84,0.01,2.31,3.09,4.41,0.56,0.7,100,46,12.79,13.26,2.98,0.11,23.15,70,41,1.76,0.45,0.75,20.17,83,4.32,8.27,0.66,0.55,0.11,0.55,6.61,7.17,0.11,0,0,0,0.77,14,-0.02,0,0.02,0.19,,0.18
Mathew Stevens,AFC Wimbledon,League Two,781,Centre Forward,27,0.46,0.38,0.16,2.42,19,48,5,100,0.12,0.08,0.58,0.58,0.58,0.47,3,0.23,0.23,1.84,0.22,0.66,23.62,9.91,0.07,2.88,2.42,3.69,0.39,0.61,67,39,21.2,18.49,3.34,0.12,13.36,65,44,1.04,0.6,0.81,11.87,75,5.68,4.61,0.35,0.35,0,0.23,6.68,7.03,0.23,33,0.12,100,0.81,26,-0.06,-0.03,-0.03,0.19,,0.07
Michael Cheek,Bromley,League Two,1078,Centre Forward,33,0.42,0.42,0.16,2.59,16,32,5,100,0.08,0.08,0.75,0.75,0.5,0.5,3.34,0.08,0,0.42,0.22,1.05,13.28,6.1,0.02,1.59,2.84,3.92,0.11,0.32,0,44,11.61,6.43,1.42,0,17.03,54,60,2,0.42,0.61,8.93,79,3.65,4.59,0.33,0.33,0,0.33,5.34,5.68,0.08,0,0,0,0.58,31,0.01,0.03,0.06,0.02,,0.12
Paul Glatzel,Swindon Town,League Two,719,Centre Forward,24,0.13,0.29,0.12,2.38,5,26,5,,0,0.03,0.5,0.5,0.13,0.32,2.88,0.38,0.13,0.75,0.51,0.69,28.4,10.51,0.03,4,3,4,1.4,1.91,57,33,25.39,26.79,3.38,0.38,14.76,60,50,0.75,0.33,0.5,14.89,78,3.47,4,0.38,0.38,0,0.13,6.13,6.5,0,33,0.13,25,0.75,15,-0.11,-0.05,0.1,-0.05,,-0.11
Ryan Graydon,Fleetwood Town,League Two,1117,Centre Forward,26,0.16,0.21,0.1,2.02,8,12,4,,0.32,0.13,0.97,0.97,0.48,0.34,2.98,2.02,1.29,1.85,0.21,1.21,19.18,7.58,0.01,2.66,2.42,3.87,0.36,0.58,29,48,17.73,16.34,3.79,0.24,17.41,64,33,1.93,0.42,0.67,17.41,76,7.12,5.16,0.32,0.32,0,0.56,6.21,6.53,0.24,0,0.24,33,0.73,16,-0.02,0.03,0,-0.09,,-0.08
Samuel Oluwatimilchin Adetokunbo Folarin,Harrogate Town,League Two,647,Centre Forward,24,0.28,0.25,0.18,1.39,20,70,4,,0,0.01,0.42,0.42,0.28,0.26,1.81,2.37,1.25,2.09,0.19,0,20.6,6.4,0,1.95,3.2,4.04,0.65,0.83,50,25,17.4,11.3,3.9,0.28,12.53,70,50,1.25,0.36,0.48,16.14,67,8.82,5.01,0.28,0.28,0,0.42,3.9,4.18,0,0,0,0,0.42,16,-0.02,0.03,0.02,0.1,,0.13
Shilow Tracey,Crewe Alexandra,League Two,1134,Centre Forward,27,0.32,0.2,0.14,1.43,22,33,4,,0,0.04,0.32,0.32,0.32,0.25,1.75,0.95,0.24,1.59,0.09,0.45,21.67,10.08,0.01,3.49,2.46,4.29,1.47,1.56,45,23,18.81,17.8,2.94,0.24,13.81,78,33,1.43,0.29,0.46,16.98,79,7.81,6.9,0.4,0.4,0,0.32,4.29,4.68,0.08,20,0.4,31,0.71,15,0,0.04,-0.02,0.05,,0.08
Tom Hopper,Colchester United,League Two,745,Centre Forward,31,0,0.07,0.08,0.97,0,25,1,,0,0.06,0.97,0.97,0,0.13,1.93,0.72,0,1.09,0.4,2.2,18.37,8.58,0,2.05,2.3,6.52,0.98,1.39,0,55,16.43,13.95,3.02,0.12,20.54,61,71,1.57,0.21,0.25,11.96,72,3.81,4.71,0.85,0.85,0,0.36,3.99,4.83,0.12,14,0.12,50,0.72,29,-0.01,-0.03,0.01,-0.06,,-0.09
Jamie Walker,Bradford City,League Two,944,Attacking Midfielder,31,0.1,0.1,0.05,1.81,5,26,2,,0.29,0.2,1.81,1.14,0.38,0.3,3.62,2.19,0.76,1.14,1.43,0.97,18.88,8.68,0.03,3.72,5.91,9.34,1.49,2.92,10,46,15.54,18.08,4.39,0.67,33.56,75,59,5.05,0.29,0.39,33.08,87,5.79,10.96,1.72,0.67,1.05,0.38,2.57,3.24,0.19,17,0.57,25,0.86,18,0.1,0.08,0.04,-0.04,,0.18
Jack Payne,Colchester United,League Two,1332,Attacking Midfielder,30,0.14,0.15,0.08,1.89,7,36,2,,0.27,0.19,1.82,1.15,0.41,0.34,3.72,2.57,1.42,2.3,0.39,0.56,20.2,9.66,0.01,3.11,3.38,6.62,1.48,1.86,38,26,17.63,16.46,4.19,0.27,31.48,75,47,5.34,0.47,0.64,35.33,88,6.56,11.01,2.63,1.55,1.08,0.2,2.3,3.85,0.07,26,0.88,33,0.34,17,0.17,0.12,0.01,-0.1,,0.2
Jamie Jellis,Walsall,League Two,1178,Attacking Midfielder,24,0.23,0.09,0.05,1.83,13,29,3,,0,0.09,0.69,0.53,0.23,0.19,2.52,1.37,0.61,1.76,0.93,0.62,23.83,12.22,0.03,4.05,6.8,11.84,1.34,2.26,41,37,20.01,14.59,2.98,0.15,30.09,71,34,4.12,0.48,0.55,27.12,86,5.44,10.62,0.76,0.31,0.46,0.08,2.06,2.37,0.23,10,0.15,13,0.23,27,0.07,0.08,0.11,-0.03,,0.23
Corey Whitely,Bromley,League Two,1118,Defensive Midfielder,33,0.08,0.08,0.06,1.29,6,19,2,,0.16,0.06,0.8,0.8,0.24,0.14,2.09,0.8,0.24,1.13,0.46,0.53,22.38,10.71,0.01,3.62,5.88,8.13,1.49,1.95,52,38,19.16,11.27,3.94,0.56,22.22,73,55,3.22,0.36,0.45,21.65,87,5.33,7.89,0.89,0.89,0,0,1.85,2.74,0.16,45,0.4,33,0.16,18,0.03,0.03,0.03,0.01,,0.11
Luca Barrington,Grimsby Town,League Two,855,Defensive Midfielder,20,0.32,0.07,0.07,1.05,30,60,2,,0.11,0.07,0.53,0.53,0.42,0.14,1.58,1.37,0.53,1.9,0.64,0.23,19.9,11.69,0.01,2.95,2.74,6.53,1.18,1.81,57,13,18,13.99,2.84,0.42,26.85,67,57,2.32,0.32,0.4,25.16,85,5.67,6.84,0.63,0.63,0,0.21,1.68,2.32,0.11,50,0.32,25,0.42,21,0.03,0.03,0.04,0.01,,0.11
Danny Mayor,Fleetwood Town,League Two,1259,Defensive Midfielder,34,0.14,0.07,0.08,0.93,15,46,2,,0.07,0.14,1.64,1.14,0.21,0.21,2.57,2.07,1.43,1.43,0.4,0.46,10.86,5,0.01,2.07,3.57,6.86,0.62,1.02,43,48,9.22,7.49,1.86,0.07,27.51,76,56,4.86,0.54,0.64,28.94,89,8.71,9.22,1.93,1.21,0.71,0.36,1.64,2.86,0,19,0.36,36,0.14,20,0.14,0.16,0.02,0,,0.32
Daniel Butterworth,Swindon Town,League Two,929,Attacking Midfielder,25,0.1,0.08,0.03,2.23,4,13,4,,0,0.05,0.48,0.29,0.1,0.13,2.71,0.97,0.39,0.87,0.57,0.59,16.86,7.36,0.03,2.42,4.65,6.59,0.23,0.8,0,25,15.89,16.94,3.59,0.29,21.51,77,48,3.2,0.28,0.37,22.29,89,8.59,8.14,2.13,1.45,0.68,0,1.45,2.91,0.1,18,0.39,29,0.1,20,0.12,0.05,0,-0.09,,0.1
Joel Allen Cotterill,Swindon Town,League Two,1016,Defensive Midfielder,20,0.09,0.04,0.05,0.8,11,44,1,,0.09,0.04,0.62,0.62,0.18,0.09,1.42,0.53,0.27,0.97,1.01,0.72,15.95,7.88,0.04,2.75,5.85,9.57,0.82,1.83,40,59,14.62,13.24,2.57,0.18,28.7,82,59,3.01,0.31,0.33,22.41,92,5.23,7.8,0.53,0.53,0,0.18,1.42,1.95,0.09,33,0.18,40,0.35,15,0.01,0.06,0.04,-0.03,,0.08
Evan Khouri,Grimsby Town,League Two,1355,Defensive Midfielder,22,0,0.09,0.15,0.6,0,22,1,,0.07,0.05,0.6,0.6,0.07,0.14,1.2,0.66,0.27,1.06,1.12,1.07,23.91,10.3,0.02,4.85,4.25,9.76,2.3,3.42,73,40,19.86,15.52,3.59,0.27,26.97,71,42,2.52,0.31,0.33,22.78,89,4.28,5.58,0.4,0.4,0,0.07,1,1.39,0,0,0.07,11,0.13,26,0.02,0.04,0.01,-0.06,,0
Ben Thompson,Bromley,League Two,822,Defensive Midfielder,29,0.22,0.06,0.04,1.64,13,33,2,,0,0.07,1.09,0.55,0.22,0.13,2.74,1.64,0.99,1.2,1,1.19,15.21,7.33,0.02,3.72,8.65,12.59,0.61,1.61,30,69,12.59,7.46,2.96,0.66,25.61,71,51,3.06,0.32,0.39,23.2,90,4.85,7.55,1.42,0.88,0.55,0,0.66,1.53,0,15,0.33,60,0,28,0.12,0.08,0.1,-0.02,,0.28
Ben Garrity,Port Vale,League Two,1368,Defensive Midfielder,28,0.13,0.11,0.13,0.86,15,23,0,,0.07,0.04,0.59,0.59,0.2,0.15,1.45,0.26,0.13,0.99,2.1,2.4,12.24,4.61,0.01,2.3,5.99,11.98,1.43,3.53,50,68,9.81,9.8,2.44,0.13,33.7,75,56,2.57,0.51,0.56,23.03,91,4.02,7.04,0.33,0.33,0,0.13,2.3,2.63,0.07,0,0,0,0.26,26,0.01,0.03,0.02,-0.04,,0.03
Cameron Antwi,Newport County AFC,League Two,770,Defensive Midfielder,23,0,0.02,0.06,0.35,0,33,1,,0.12,0.03,0.82,0.82,0.12,0.06,1.17,1.05,0.7,1.4,0.23,0.46,16.13,7.01,0.02,3.16,3.51,6.43,0.99,1.22,63,36,13.91,10.81,2.45,0.23,23.85,82,60,2.81,0.25,0.36,19.99,90,4.05,4.68,0.23,0.23,0,0.12,0.94,1.17,0,50,0.12,50,0.23,19,0.01,0.06,0.11,-0.02,,0.17
Connor Lemonheigh-Evans,Milton Keynes Dons,League Two,1191,Defensive Midfielder,28,0.15,0.09,0.06,1.59,10,33,1,,0,0.06,0.76,0.76,0.15,0.15,2.34,1.74,0.68,1.36,1.62,2.71,23.73,11.87,0.02,5.06,5.06,11.11,3.89,5.51,52,54,19.42,27.55,4.69,0.68,43.31,79,42,4.99,0.59,0.67,38.85,90,5.17,10.66,0.83,0.83,0,0.15,2.27,3.1,0.15,9,0.08,17,0.23,20,0,0.07,0.04,0.04,,0.15
Conor Thomas,Crewe Alexandra,League Two,601,Defensive Midfielder,31,0,0,0.02,0.15,0,0,0,,0.15,0.02,0.3,0.3,0.15,0.02,0.45,0.15,0,0.3,2.36,2.91,18.58,8.54,0.06,5.69,5.24,11.84,3.18,5.55,33,60,13.79,14.22,3.9,0.9,31.92,71,43,1.95,0.25,0.25,20.08,97,2.14,7.19,0.75,0.75,0,0,0.3,1.05,0,40,0.3,50,0,24,0.06,0.03,0.07,0,,0.16
Dean Cornelius,Harrogate Town,League Two,1103,Defensive Midfielder,24,0,0.01,0.02,0.49,0,17,0,,0,0.06,0.33,0.33,0,0.07,0.82,0.24,0.08,0.98,0.72,1.11,17.96,8.33,0.02,3.43,4.73,9.14,0.58,1.3,55,38,15.92,10.85,3.75,0.57,24.49,74,46,2.29,0.25,0.3,16.82,90,4.48,5.55,0.16,0.16,0,0.08,0.49,0.65,0.16,50,0.16,29,0.16,23,0.03,0.03,-0.01,-0.02,,0.04
Ethan Coleman,Gillingham,League Two,722,Defensive Midfielder,25,0,0.06,0.07,0.87,0,43,1,,0,0.03,0.12,0.12,0,0.09,1,0.5,0.25,0.62,1.5,1.91,22.68,9.59,0.07,4.73,8.97,15.08,2.28,3.79,58,60,18.81,22.76,4.36,0,41.49,77,56,3.24,0.18,0.26,28.66,97,3.44,6.73,0.25,0.25,0,0.12,1.37,1.62,0,0,0.12,25,0.12,23,0.03,0.06,0.01,0.06,,0.16
George Abbott,Notts County,League Two,939,Defensive Midfielder,19,0,0.11,0.09,1.25,0,31,1,,0.1,0.04,0.77,0.77,0.1,0.16,2.01,1.53,0.67,1.15,3,2.13,22.23,10.54,0.01,5.17,4.31,8.82,2.72,5.72,40,43,19.17,27.71,3.83,0.38,37.85,88,82,3.26,0.54,0.64,37.85,91,3.86,9.1,0.96,0.96,0,0.29,2.68,3.64,0.1,10,0.19,40,0.38,15,0.01,0.07,0,0.01,,0.1
Harrison Biggins,Carlisle United,League Two,1001,Defensive Midfielder,29,0,0.09,0.07,1.35,0,7,2,,0.09,0.05,0.72,0.54,0.09,0.14,2.07,1.35,0.63,2.16,0.55,1.86,15.65,7.01,0.03,2.52,2.97,8.36,0.97,1.52,63,40,13.85,19.2,2.52,0.09,37.41,79,66,3.6,0.44,0.5,36.51,88,5.13,6.29,0.54,0.36,0.18,0,2.07,2.43,0,17,0.09,8,0.09,14,0,0.04,0.03,-0.06,,0.01
Jenson Metcalfe,Chesterfield,League Two,603,Defensive Midfielder,20,0,0.02,0.03,0.6,0,25,1,,0,0.03,0.45,0.45,0,0.05,1.04,0.9,0.75,1.94,0.66,1.25,21.94,10.75,0.01,5.22,6.12,11.79,3.81,4.46,54,29,17.46,23.07,4.48,0.9,41.19,83,57,4.03,0.48,0.49,40,93,4.77,9.1,0.45,0.3,0.15,0,0,0.3,0,33,0.15,50,0,13,0.05,0.04,-0.08,-0.03,,-0.01
Josh Austerfield,Salford City,League Two,1012,Defensive Midfielder,23,0,0.01,0.04,0.36,0,0,0,,0,0.03,0.62,0.62,0,0.04,0.98,0.18,0.18,0.62,2.22,2.3,16.64,7.65,0.02,4,8.01,14.68,1.82,4.05,40,71,13.52,13.78,2.76,0.09,39.32,78,54,3.65,0.26,0.27,27.04,95,4.62,5.87,0.53,0.53,0,0,0.62,1.16,0,0,0,0,0.27,30,0.07,0.04,0.05,-0.02,,0.14
Josh Vela,Carlisle United,League Two,915,Defensive Midfielder,31,0,0.08,0.08,0.98,0,30,2,,0,0.04,0.59,0.59,0,0.12,1.57,1.18,0.59,2.07,0.92,0.78,26.46,13.18,0.01,4.43,4.43,8.26,2.59,3.51,33,54,22.13,24.75,5.9,0.59,23.7,78,78,1.97,0.25,0.31,20.16,83,5.39,6.79,0.1,0.1,0,0.1,3.25,3.34,0,0,0.1,20,0.3,20,-0.03,0.04,0.03,-0.05,,-0.02
Lee O'Connor,Tranmere Rovers,League Two,1188,Defensive Midfielder,24,0,0.02,0.04,0.45,0,17,1,,0,0.02,0.45,0.45,0,0.04,0.91,0.38,0.3,0.45,1,1.47,17.2,8.94,0.02,3.33,5.76,12.05,2.51,3.52,52,46,13.41,12.68,2.65,0.15,33.42,71,53,2.8,0.19,0.22,24.17,97,4.5,8.26,0.45,0.45,0,0.08,0.61,1.06,0,33,0.23,30,0.3,29,0.05,0.04,0.07,-0.02,,0.14
Liam Kinsella,Cheltenham Town,League Two,746,Defensive Midfielder,29,0,0,0.03,0.12,0,0,0,,0.12,0.01,0.24,0.24,0.12,0.02,0.36,0.12,0.12,0.24,1.72,1.86,17.97,9.04,0.05,3.01,7.84,12.3,0.86,2.58,54,63,15.07,10.11,3.5,0.12,24.96,65,27,3.01,0.23,0.23,14.59,94,4.06,7.72,0.24,0.24,0,0,0.6,0.84,0,50,0.24,29,0,41,0.02,0.02,0.08,-0.01,,0.12
Max Sanders,Crewe Alexandra,League Two,1003,Defensive Midfielder,26,0,0.04,0.05,0.81,0,11,0,,0,0.04,0.72,0.45,0,0.07,1.53,0.72,0.45,1.44,0.93,1.75,20.9,11.39,0.01,4.31,5.47,12.65,2.59,3.52,62,39,16.87,16.31,4.31,0.9,42.97,76,47,3.59,0.24,0.26,36.33,94,4.74,8.52,0.99,0.36,0.63,0.09,1.08,1.44,0,18,0.27,25,0.18,20,0.03,0.1,0.05,-0.03,,0.13
Ollie Banks,Chesterfield,League Two,972,Defensive Midfielder,32,0,0.05,0.04,1.3,0,14,1,,0.19,0.16,1.02,0.83,0.19,0.21,2.32,1.02,0.74,0.74,1.01,2.22,13.15,5.56,0.03,3.52,3.52,9.45,2.9,3.92,47,56,10.37,15.59,2.59,0.37,59.82,80,67,7.96,0.56,0.65,53.43,97,4.1,16.39,1.57,1.3,0.28,0,1.85,3.15,0.19,24,0.46,29,0.28,20,0.13,0.05,0.04,-0.06,,0.17
Ossama Ashley,Salford City,League Two,1017,Defensive Midfielder,25,0,0.05,0.06,0.88,0,30,1,,0,0.01,0.27,0.27,0,0.07,1.15,1.95,1.06,1.5,2.42,1.74,19.73,8.5,0.04,5.04,8.05,16.81,2.87,5.29,40,64,15.31,16.3,4.25,0.35,32.65,72,62,2.83,0.29,0.32,25.22,86,4.36,7.08,0.35,0.35,0,0.27,1.86,2.21,0,25,0.09,33,0.35,25,0,0.05,0.03,0,,0.09
Owen John Edward Bailey,Doncaster Rovers,League Two,1458,Defensive Midfielder,26,0.06,0.13,0.11,1.23,5,10,1,,0.06,0.06,1.11,1.11,0.12,0.19,2.35,0.93,0.31,0.8,1.13,1.85,16.24,9.63,0.09,3.27,5.06,12.1,1.58,2.71,43,55,14.02,14.15,2.53,0.31,40.26,82,72,3.7,0.51,0.64,31.49,94,4.43,7.47,0.74,0.74,0,0.31,2.84,3.58,0,25,0.25,50,0.37,23,0.05,0.03,0.05,-0.07,,0.06
Robbie Gotts,Barrow,League Two,741,Defensive Midfielder,25,0,0.03,0.04,0.73,0,33,1,,0,0.06,1.34,0.85,0,0.09,2.06,0.12,0.12,1.34,1.09,1.02,18.58,9.35,0.05,4.61,5.71,11.54,1.33,2.42,67,35,16.64,12.78,4.37,0.36,29.15,71,17,2.79,0.14,0.15,24.65,93,4.95,8.02,0.85,0.49,0.36,0,0.85,1.34,0,14,0.24,22,0.36,25,0,0.06,0.02,-0.02,,0.05
Robbie McKenzie,Gillingham,League Two,694,Defensive Midfielder,26,0.26,0.1,0.11,0.91,29,29,1,,0.13,0.08,0.78,0.78,0.39,0.18,1.69,0.13,0.13,0.91,1.25,1.95,13.74,6.48,0.04,3.63,4.15,8.69,1.43,2.67,50,70,11.15,8.38,1.56,0,24.37,71,44,1.81,0.21,0.37,17.89,93,5.26,2.72,0.26,0.13,0.13,0.13,1.94,2.07,0.13,50,0.13,25,0.13,33,0.03,0.05,0.08,0.1,,0.26
Sam Foley,Barrow,League Two,679,Defensive Midfielder,38,0.13,0.06,0.07,0.93,14,43,2,,0,0.02,0.53,0.53,0.13,0.08,1.46,1.99,0.93,1.32,1.72,1.2,14.17,5.7,0.03,3.58,7.55,15.1,2.31,4.03,57,50,11.92,13.41,3.18,0.13,31.66,73,38,4.24,0.2,0.26,29.41,88,5.62,7.68,0.13,0.13,0,0.26,2.12,2.25,0.13,0,0,0,0.26,29,-0.01,0.11,-0.02,0.04,,0.12
Séamus Conneely,Accrington Stanley,League Two,779,Defensive Midfielder,36,0,0.03,0.03,0.81,0,14,1,,0,0.02,0.46,0.46,0,0.05,1.27,0.23,0,0.58,2.28,2.66,14.67,6.93,0.01,4.04,8.43,16.87,0.87,3.15,56,70,12.71,11.18,3.93,0.46,34.43,73,42,3.24,0.23,0.25,19.99,94,3.64,6.47,0.46,0.46,0,0,0.58,1.04,0.12,25,0.12,100,0.12,35,0.06,0.06,0.04,-0.04,,0.12
Ellis Taylor,Harrogate Town,League Two,1374,Winger,22,0.2,0.09,0.05,1.83,11,39,3,,0,0.07,1.31,0.85,0.2,0.17,3.14,2.1,0.85,1.38,0.36,0.82,18.8,8.32,0.03,3.47,3.6,7.34,1.02,1.38,57,38,15.79,10.05,2.95,0.2,20.97,57,33,2.1,0.27,0.34,20.44,84,7.08,5.83,1.57,0.72,0.85,0.26,1.9,2.62,0,33,0.66,25,0.33,21,0.05,0.08,0.05,-0.06,,0.11
Jason Daði Svanþórsson,Grimsby Town,League Two,741,Winger,25,0.12,0.11,0.13,0.85,14,14,2,,0.24,0.07,0.97,0.97,0.36,0.18,1.82,1.7,0.61,1.7,0.58,0.93,16.28,7.9,0.01,3.77,3.04,5.59,0.73,1.31,0,15,14.58,12.5,2.79,0.12,18.34,81,44,1.58,0.23,0.32,21.26,77,5.7,6.44,0.36,0.36,0,0.36,3.28,3.64,0,33,0.36,33,0.73,17,-0.02,0.07,0.05,-0.03,,0.07
Ben Tollitt,Morecambe,League Two,1132,Winger,30,0.32,0.12,0.06,1.99,16,32,3,,0.16,0.11,0.95,0.8,0.48,0.23,2.94,1.35,0.64,1.83,0.3,0.27,16.14,8.03,0,2.39,4.06,6.04,0.55,0.85,28,40,14.79,10.31,3.74,0.24,24.49,61,39,2.86,0.31,0.39,24.41,86,7.09,7.24,1.51,1.03,0.48,0.08,2.7,3.74,0,37,0.56,23,0.24,16,0.05,0.08,0.01,0.03,,0.18
Dilan Markanday,Chesterfield,League Two,1070,Winger,23,0.42,0.25,0.12,2.19,19,42,3,,0.08,0.13,1.6,1.01,0.5,0.38,3.79,2.78,1.09,1.85,1.09,0.35,19.27,10.43,0.01,4.63,3.7,5.97,3,4.09,46,15,16.49,22.48,3.79,0.84,28.77,73,34,2.94,0.63,0.76,33.99,84,5.77,11.86,2.61,1.35,1.26,0.59,4.96,6.31,0.25,16,0.76,35,0.84,13,0.07,0.11,0.06,0.02,,0.26
Dominic Sadi,Carlisle United,League Two,876,Winger,21,0.1,0.15,0.07,2.06,5,45,3,,0,0.12,1.34,1.13,0.1,0.26,3.39,2.57,1.44,2.06,0.4,1.68,23.43,9.56,0,5.24,4.21,7.4,2.16,2.56,10,21,20.96,25.33,4.01,0.41,27.23,79,60,2.57,0.39,0.49,31.75,83,5.31,9.87,1.75,1.54,0.21,0.41,2.88,4.42,0,29,0.62,46,0.62,12,0.04,0.1,0.04,-0.06,,0.12
Jack Nolan,Gillingham,League Two,953,Winger,24,0.09,0.14,0.06,2.17,4,17,3,,0.19,0.13,1.23,0.47,0.28,0.26,3.4,1.89,0.76,1.89,0.54,0.87,13.6,6.7,0,2.36,4.34,7.55,0.82,1.37,67,11,11.99,10.53,2.55,0.28,22.94,62,30,2.93,0.46,0.51,25.02,83,6.71,7.27,1.89,0.85,1.04,0,1.51,2.36,0,35,0.66,19,0.09,18,0.06,0.09,0.01,-0.05,,0.11
Kieron Evans,Newport County AFC,League Two,759,Winger,23,0,0.05,0.05,1.19,0,30,2,,0.24,0.1,1.19,1.07,0.24,0.15,2.37,0.95,0.36,0.95,0.53,1.12,20.27,9.6,0.01,3.79,3.08,7.82,0.67,1.2,30,22,18.49,15.52,4.39,0.12,22.52,72,54,2.25,0.13,0.22,22.76,83,6.26,5.1,1.19,0.95,0.24,0,0.95,1.9,0.12,60,0.95,57,0,21,0.11,0.06,0,-0.02,,0.15
Luke Molyneux,Doncaster Rovers,League Two,1277,Winger,27,0.42,0.22,0.08,2.82,15,40,4,,0.28,0.22,1.69,1.27,0.7,0.44,4.51,2.47,0.85,2.33,0.35,0.86,14.73,7.4,0.03,2.89,4.3,6.48,1.23,1.58,33,39,13.11,14.3,2.75,0.28,26.22,61,45,3.31,0.48,0.73,30.02,81,7.14,8.53,2.61,1.2,1.41,0.42,3.74,4.93,0.21,22,0.99,24,0.56,13,0.23,0.13,0.03,0.09,,0.48
Shaun Whalley,Accrington Stanley,League Two,1143,Winger,37,0.24,0.17,0.07,2.28,10,28,3,,0.31,0.16,1.65,0.79,0.55,0.32,3.94,2.76,1.1,2.36,0.8,0.65,19.68,8.74,0.03,2.2,5.59,8.42,1.28,2.08,58,42,15.91,12.17,3.23,0.31,28.11,59,35,4.72,0.38,0.46,28.98,80,6.4,9.61,2.13,0.71,1.42,0.24,2.76,3.46,0,15,0.55,19,0.39,23,0.18,0.15,-0.04,-0.02,,0.27
Aaron Nemane,Milton Keynes Dons,League Two,1252,Full Back,27,0,0.07,0.12,0.65,0,33,1,,0.43,0.28,1.44,1.44,0.43,0.35,2.08,2.59,0.86,2.01,0.89,1.21,15.31,6.04,0.01,2.95,2.88,6.9,1.76,2.65,44,25,13.3,18.81,3.23,0.07,34.72,79,32,3.74,0.41,0.66,36.3,86,4.47,13.23,1.15,1.15,0,0.86,3.23,4.39,0.07,44,0.93,43,0.65,16,0.25,0.11,0.02,-0.03,,0.35
Archie Davies,Carlisle United,League Two,1007,Full Back,26,0.09,0.04,0.1,0.36,25,50,1,,0.09,0.16,1.25,0.8,0.18,0.2,1.61,1.52,0.8,1.16,0.91,1,15.01,8.49,0.02,3.84,3.22,8.04,1.55,2.46,33,57,12.69,13.81,2.14,0.45,33.33,76,32,3.48,0.36,0.41,32.26,91,4.63,7.68,1.43,0.89,0.54,0.36,1.43,2.32,0,38,0.8,36,0.54,22,0.19,0.08,0.04,0.02,,0.32
Brad Halliday,Bradford City,League Two,1146,Full Back,29,0,0.01,0.04,0.16,0,0,0,,0,0.06,0.86,0.79,0,0.07,1.02,0.16,0,1.02,1.34,2.49,16.88,8.09,0.01,4.16,3.46,10.13,2.31,3.65,47,49,13.9,14.36,2.98,0.24,44.13,74,53,5.34,0.42,0.44,36.28,96,4.68,12.49,0.79,0.71,0.08,0.16,0.71,1.41,0,50,0.39,25,0.16,29,0.13,0.07,0.04,-0.01,,0.23
Brandon Cover,Port Vale,League Two,1021,Full Back,21,0.18,0.07,0.15,0.44,40,40,0,,0,0.06,0.71,0.71,0.18,0.13,1.15,2.03,1.06,0.62,1.28,1.25,21.25,9.79,0.03,4.94,3.26,9.08,3.52,4.8,67,43,16.13,15.79,1.68,0.09,29.71,71,30,2.64,0.49,0.54,28.3,88,4.53,6.97,1.32,1.23,0.09,0.35,1.32,2.56,0.26,40,0.71,57,0.53,29,0.12,0.06,0.03,0.06,,0.26
Carl Robert Johnston,Fleetwood Town,League Two,1343,Full Back,23,0.07,0.04,0.08,0.47,14,57,1,,0.07,0.07,0.87,0.8,0.13,0.1,1.34,0.67,0.27,0.8,0.72,1.87,14.07,7.84,0.02,4.22,3.95,8.85,1.3,2.02,60,48,11.93,9.52,2.08,0.4,32.64,72,43,3.28,0.44,0.51,26.61,94,4.02,9.72,1.47,0.94,0.54,0.34,1.94,2.88,0,23,0.47,33,0.4,32,0.18,0.07,-0.02,0,,0.23
Connor Ellis Barrett,Walsall,League Two,1262,Full Back,23,0,0.05,0.07,0.71,0,40,1,,0.36,0.16,1,1,0.36,0.21,1.71,1.93,0.86,1.57,0.67,1.36,21.11,10.7,0.02,4.07,4.35,8.84,2.26,2.93,45,57,17.19,12.58,3.07,0.29,23.32,59,34,4.21,0.47,0.57,21.82,81,7.74,6.78,1.36,1.21,0.14,0.36,1.78,3,0.07,53,1,36,0.64,38,0.24,0.09,0.03,-0.02,,0.35
Daniel Imray,Bromley,League Two,1049,Full Back,21,0,0.13,0.1,1.29,0,47,2,,0.17,0.32,1.72,1.72,0.17,0.45,3,3.69,2.06,1.63,1.22,1.03,18.97,7.81,0.01,4.98,5.58,9.96,1.72,2.93,43,54,15.62,9.3,2.4,0.17,24.03,59,49,2.58,0.51,0.59,25.75,82,6.9,8.07,1.8,1.72,0.09,0.69,3,4.72,0.09,43,1.46,35,1.03,23,0.31,0.16,0.03,-0.04,,0.46
Jeff King,Swindon Town,League Two,675,Full Back,29,0,0.03,0.04,0.8,0,33,1,,0,0.18,1.87,1.2,0,0.21,2.67,0.8,0.4,0.8,0.77,0.84,17.74,9.6,0.03,4,3.6,8.14,1.9,2.68,65,50,14.4,14.42,3.33,0.4,34.01,70,41,4.4,0.42,0.5,30.54,94,5.07,10.8,2.53,1.2,1.33,0.53,2.13,3.33,0,32,0.93,35,0.53,22,0.08,0.17,0.02,-0.02,,0.25
Josh Neufville,AFC Wimbledon,League Two,1147,Full Back,24,0.16,0.08,0.07,1.1,14,29,2,,0.08,0.09,1.02,1.02,0.24,0.17,2.12,1.33,0.55,1.57,1.5,1.56,15.3,5.41,0.01,2.28,4.63,7.53,1.98,3.48,75,43,12.32,10.34,2.2,0,23.38,72,46,2.35,0.44,0.48,23.46,85,7.37,8.47,1.1,1.02,0.08,0.39,2.28,3.3,0,43,0.94,43,0.55,19,0.08,0.13,0.01,-0.03,,0.18
Lewis Payne,Cheltenham Town,League Two,737,Full Back,21,0,0.03,0.07,0.49,0,25,1,,0.12,0.07,0.85,0.73,0.12,0.1,1.34,2.2,1.34,1.22,1.06,1.55,15.14,8.06,0.05,3.42,5.98,9.89,1.25,2.31,53,44,12.57,10.72,2.93,0.12,30.39,65,42,5.13,0.35,0.46,27.95,92,6.41,8.42,0.61,0.61,0,0.24,1.71,2.32,0,40,0.49,17,0.49,31,0.11,0.1,-0.03,-0.02,,0.16
Mandela Egbo,Colchester United,League Two,869,Full Back,27,0,0.07,0.09,0.83,0,50,1,,0,0.1,1.24,1.14,0,0.18,2.07,0.93,0.62,1.45,1.24,1.93,10.77,5.7,0.03,3.11,2.8,11.4,1.07,2.31,33,52,9.32,9.27,1.86,0.21,33.57,74,50,3.73,0.49,0.57,27.14,91,5.95,7.87,1.14,0.83,0.31,0.41,2.38,3.21,0,27,0.52,38,0.31,31,0.12,0.08,0.07,0,,0.28
Nicholas Tsaroulla,Notts County,League Two,850,Full Back,26,0,0.12,0.07,1.69,0,13,2,,0.11,0.09,1.16,1.06,0.11,0.21,2.86,2.33,1.27,2.43,0.91,1.8,10.27,3.7,0,2.75,2.96,5.93,1.53,2.44,100,22,8.26,12.81,2.22,0.32,40.22,81,33,5.5,0.57,0.59,44.77,90,6.43,13.76,1.27,1.16,0.11,0.42,3.07,4.23,0,42,0.64,18,0.64,16,-0.01,0.24,0.03,-0.09,,0.18
Ryan Cooney,Crewe Alexandra,League Two,1121,Full Back,25,0.08,0.07,0.1,0.72,11,33,1,100,0.32,0.21,0.88,0.8,0.4,0.28,1.61,0.16,0.16,0.72,1.03,2.99,13.97,7.06,0.06,3.05,3.61,9.31,1.8,2.83,61,47,11.4,8.75,1.36,0.16,26.33,58,33,3.77,0.29,0.45,20.87,94,3.77,6.1,1.61,1.2,0.4,0.08,1.2,2.41,0,40,0.96,46,0.08,41,0.28,0.06,0.04,0.07,,0.45
Sam Austin,Notts County,League Two,759,Full Back,28,0,0.05,0.11,0.47,0,75,1,,0,0.09,0.83,0.83,0,0.14,1.31,0.95,0.24,0.59,1.29,1.7,15.66,8.42,0,2.73,3.32,5.93,1.76,3.05,71,45,14,19.46,2.73,0.36,29.9,78,21,2.49,0.53,0.64,27.88,91,4.27,9.97,0.12,0.12,0,0.36,1.78,1.9,0,100,0.24,13,0.36,13,0.02,0.05,0.04,0.02,,0.13