Name,Team,Competition,Minutes,Primary Position,Age,NP Goals,xG,xG/Shot,Shots,Goal Conversion%,Shooting%,Shot Touch%,Assists,xG Assisted,Key Passes,Scoring Contribution,Dribbles,Successful Dribbles,Dispossessed,PAdj Interceptions,PAdj Clearances,Defensive Actions,Aggressive Actions,Blocks/Shot,Defensive Regains,Ball Recov. F2,Ball Recoveries,PAdj Tackles,PAdj Tack&Int,Dribbles Stopped%,Aerial Win%,OP Passes,Passing%,xGBuildup,Carries,Carry%,Carry Length,OP F3 Passes,OP Passes Into Box,Touches In Box,PinTin,Throughballs,Successful Crosses,Crossing%,Pass OBV,D&C OBV,DA OBV,Shot OBV,OBV
Cameron Humphreys,Wycombe Wanderers,League One,806,Attacking Midfielder,21,0.33,0.12,0.05,2.46,14,36,3,0.22,0.1,0.89,0.56,1.56,0.89,0.78,0.87,0.95,31.59,14.96,0.04,3.35,5.36,8.15,2.19,3.06,30,38,30.03,72,0.59,28.24,91,4.33,10.83,0.89,4.69,5.58,0,0.22,17,0.06,0.09,0.02,0.01,0.18
Leo Castledine,Shrewsbury Town,League One,817,Attacking Midfielder,19,0.22,0.3,0.09,3.19,7,24,4,0,0.01,0.22,0.22,1.76,0.88,2.75,0.16,0.97,28.3,13.98,0.02,4.85,2.86,5.95,1.13,1.3,0,44,24,67,0.27,21.25,78,6.15,7.38,0.33,4.96,5.29,0,0.11,13,-0.05,0.05,0.08,0,0.08
Mallik Wilks,Rotherham United,League One,1095,Attacking Midfielder,26,0.25,0.17,0.05,3.37,7,29,7,0,0.12,1.23,0.25,3.95,1.73,3.37,0.23,0.35,19.57,7.98,0,2.55,4.69,5.92,0.54,0.77,33,33,13.73,62,0.21,23.02,66,6.67,5.76,0.9,5.34,6.25,0.08,0.99,50,0.04,0.17,-0.02,-0.08,0.12
Daniel Kemp,Stevenage,League One,881,Attacking Midfielder,26,0.2,0.2,0.09,2.25,9,36,6,0,0.03,0.61,0.2,0.41,0.1,1.64,0.43,0.21,27.8,13.18,0,3.78,3.99,6.13,1.08,1.51,38,27,16.96,61,0.2,19.42,76,7.05,5.62,0.51,4.7,5.21,0,0.2,13,-0.04,0.11,-0.01,-0.03,0.03
Ethan Galbraith,Leyton Orient,League One,1176,Attacking Midfielder,24,0.23,0.07,0.07,0.99,23,38,1,0.08,0.09,0.99,0.31,1.3,0.54,1.53,0.78,0.49,22.19,12.09,0.01,4.36,6.58,9.26,1.18,1.96,45,38,35.05,80,0.23,32.29,90,7.58,11.86,1.07,2.14,3.21,0.15,0.31,40,0.08,0.05,0.02,0.01,0.16
Thelo Aasgaard,Wigan Athletic,League One,1182,Attacking Midfielder,23,0.23,0.28,0.11,2.51,9,36,3,0,0.07,0.84,0.23,1.45,0.53,1.75,0.41,1.15,19.58,10.21,0.04,3.58,4.11,6.32,1.62,2.03,25,32,25.82,81,0.39,26.2,85,5.58,8.15,0.91,4.34,5.26,0,0.15,22,0.03,0.06,0.04,-0.01,0.12
Willum Þór Willumsson,Birmingham City,League One,1064,Attacking Midfielder,26,0.34,0.3,0.13,2.37,14,46,3,0.34,0.18,0.85,0.68,1.02,0.76,1.78,0.71,1.8,19.46,8.63,0.05,5.75,4.4,6.77,2.52,3.23,33,40,40.11,82,0.55,39.52,92,4.21,13.03,0.68,5.25,5.92,0.25,0.25,27,0,0.09,0.06,0.01,0.15
Ruel Sotiriou,Bristol Rovers,League One,806,Attacking Midfielder,24,0.11,0.2,0.15,1.34,8,8,4,0.11,0.07,1,0.22,1.67,0.67,2.12,0.18,0.73,20.65,11.16,0.03,3.57,2.9,4.47,0.26,0.44,0,22,11.61,70,0.29,15.07,68,4.62,4.8,0.56,3.8,4.35,0.11,0,0,0.04,0.05,0.04,-0.01,0.12
John McAtee,Bolton Wanderers,League One,797,Attacking Midfielder,25,0.34,0.22,0.1,2.26,15,45,3,0,0.07,1.36,0.34,1.81,0.9,1.69,0.6,0.7,19.77,7.91,0,3.73,3.39,5.42,2.39,2.99,38,33,25.87,69,0.43,25.98,84,5.06,9.15,0.9,5.08,5.99,0.23,0.45,27,0.01,0.02,0,0.06,0.09
Joel John Randall,Peterborough United,League One,955,Attacking Midfielder,25,0.38,0.26,0.15,1.79,21,47,3,0.19,0.14,1.04,0.57,0.66,0.47,1.7,0.32,0.22,20.72,11.49,0.01,1.88,3.2,5.93,0.61,0.93,50,36,25.72,79,0.48,24.96,87,6.15,8.2,1.13,3.77,4.9,0.09,0,0,0.01,0.06,0,0.07,0.14
Hakeem Odofin,Rotherham United,League One,1231,Attacking Midfielder,27,0.07,0.19,0.13,1.46,5,20,2,0,0.01,0.29,0.07,0.8,0.51,1.24,0.92,1.71,20.69,9.5,0.01,4.53,5.92,9.94,1.92,2.84,60,56,23.46,68,0.33,16.96,84,4.77,6.14,0.44,4.02,4.46,0,0.15,25,-0.03,0.02,-0.03,-0.12,-0.16
Will Collar,Stockport County,League One,878,Attacking Midfielder,28,0.2,0.14,0.1,1.43,14,57,2,0.1,0.17,1.95,0.31,0.61,0.31,0.72,0.63,0.65,26.44,11.48,0.01,4.2,4.71,6.66,1.6,2.22,71,29,26.03,71,0.5,21.01,88,4.36,7.89,0.61,3.89,4.51,0.1,0.31,33,0.01,0.02,0.01,0.04,0.08
Jack Aitchison,Exeter City,League One,943,Attacking Midfielder,25,0,0.12,0.07,1.62,0,12,2,0.1,0.16,1.24,0.1,1.81,0.48,2.29,1.2,0,20.05,9.17,0,3.25,3.82,6.97,1.3,2.49,57,27,29.79,80,0.32,34.47,84,5.76,11.84,0.86,4.77,5.63,0.19,0.95,48,0.02,0.07,0.01,-0.1,0
Deji Oshilaja,Mansfield Town,League One,1271,Centre Back,32,0.07,0.06,0.16,0.35,20,60,0,0,0.05,0.21,0.07,0.21,0.14,0.35,1.03,3.41,8.42,4.18,0.11,3.96,1.98,13.66,0.88,1.91,78,75,49.77,82,0.37,38.23,99,5.05,3.4,0.28,1.13,1.42,0.07,0.07,33,0.01,0.06,0.12,0.01,0.2
Eoghan O'Connell,Wrexham,League One,1149,Centre Back,29,0,0,,0,,,0,0,0.01,0.31,0,0.08,0.08,0.39,1.41,4.21,11.04,5.01,0.08,4.54,1.88,14.02,0.99,2.4,64,80,37.12,75,0.44,25.69,98,4.67,3.05,0.47,0.23,0.7,0,0.16,67,0.04,0.05,0.1,,0.19
Ricardo Santos,Bolton Wanderers,League One,1374,Centre Back,29,0.07,0.07,0.13,0.52,13,38,0,0,0.01,0.2,0.07,0.13,0.07,0.07,1.06,7.32,10.74,4.85,0.11,3.41,1.05,9.63,1.7,2.76,33,74,43.89,82,0.39,34.26,99,4.62,2.49,0,1.57,1.57,0,0,,0.04,0.04,0.04,0.01,0.12
Ryan Sweeney,Burton Albion,League One,1283,Centre Back,28,0,0.06,0.09,0.7,0,0,0,0,0.01,0.14,0,0.07,0.07,0.07,0.67,7.85,10.88,4.91,0.09,4.7,0.98,12.91,1.51,2.17,13,71,47.93,83,0.25,35.37,99,5.24,1.4,0,2.11,2.11,0,0.07,50,0.02,0.03,0.05,-0.07,0.03
Michał Helik,Huddersfield Town,League One,617,Centre Back,29,0,0.05,0.11,0.44,0,33,0,0,0.03,0.29,0,0.29,0.15,0.29,1.27,5.9,8.31,3.35,0.06,4.37,2.04,15.3,0.87,2.14,75,68,56.11,86,0.55,41.39,99,4.46,2.62,0,1.31,1.31,0.15,0,,-0.12,0.03,0.1,-0.05,-0.04
Tristan Crama,Exeter City,League One,1180,Centre Back,23,0.15,0.07,0.08,0.84,18,18,0,0,0,0.08,0.15,0.38,0.15,0.15,1.61,6.23,8.77,4.96,0.07,3.89,1.22,12.05,0.81,2.41,57,69,53.77,86,0.35,43.09,99,4.33,1.37,0.08,1.68,1.75,0,0,0,0.04,0.06,0.05,0.01,0.16
Dan Scarr,Wrexham,League One,609,Centre Back,30,0,0.02,0.03,0.44,0,33,0,0,0,0,0,0.15,0.15,0,1.34,4.54,9.16,3.55,0.06,5.32,1.33,14.33,1.28,2.62,67,64,34.28,70,0.24,20.98,99,3.97,1.48,0,1.33,1.33,0,0,,0.01,0,0.01,-0.02,0.01
Paudie O'Connor,Lincoln City,League One,1293,Centre Back,27,0.14,0.09,0.1,0.9,15,23,1,0.14,0.11,0.63,0.28,0,0,0.14,1.14,4.67,8.77,4.32,0.09,3.97,2.37,14.34,0.56,1.7,78,77,35.02,69,0.29,18.93,99,4.42,2.51,0.07,3.9,3.97,0,0.07,33,0.08,0.02,0.03,-0.03,0.1
Lloyd Jones,Charlton Athletic,League One,992,Centre Back,29,0.09,0.1,0.12,0.82,11,33,0,0,0,0.09,0.09,0,0,0.27,0.96,7.04,9.8,4.17,0.1,4.08,2.27,12.7,1.13,2.09,75,71,39.73,77,0.34,26.21,99,5.26,2.9,0.45,2.54,2.99,0,0,0,0,0.01,0.02,0.07,0.11
Michael Morrison,Cambridge United,League One,785,Centre Back,37,0,0.03,0.06,0.57,0,40,0,0,0.03,0.11,0,0.23,0.23,0.23,0.14,4,6.65,3.33,0.09,3.44,2.75,12.73,0.45,0.6,75,66,36.46,81,0.16,25.8,98,4.02,1.26,0.11,1.83,1.95,0,0,0,0,0.02,0.03,-0.01,0.04
Joy Mukena,Crawley Town,League One,1149,Centre Back,25,0,0,0.04,0.08,0,0,0,0,0.01,0.08,0,0.08,0,0.23,1.64,6.66,11.75,5.25,0.08,5.25,1.57,14.88,1.11,2.76,80,55,61.31,88,0.37,47.22,99,4.02,2.43,0.16,0.47,0.63,0.16,0,,0.03,0.05,-0.04,-0.01,0.03
Aaron Morley,Wycombe Wanderers,League One,1011,Defensive Midfielder,25,0.09,0.05,0.04,1.25,7,14,1,0.27,0.1,1.42,0.36,0.18,0,0.18,1.92,2.23,10.77,5.79,0.05,2.4,4.45,9.71,0.59,2.51,20,57,39,80,0.48,28.23,98,4.01,9.71,0.98,0.53,1.51,0.09,0.36,44,0.12,0.07,0.03,-0.04,0.17
Louis Reed,Mansfield Town,League One,1158,Defensive Midfielder,27,0,0.03,0.04,0.78,0,20,1,0,0.03,0.47,0,0.47,0.31,0.47,0.79,1.25,20.52,12.12,0.03,4.51,6.84,14.46,1.51,2.3,31,50,51.06,81,0.38,35.44,98,3.82,9.64,0.78,0.62,1.4,0.16,0.16,100,0.1,0.05,0.04,-0.02,0.17
George Dobson,Wrexham,League One,1382,Defensive Midfielder,27,0,0,0.04,0.13,0,0,0,0.13,0.03,0.46,0.13,0.59,0.52,0.78,0.74,1.05,26.44,16.47,0.04,6.32,5.14,12.24,1.86,2.6,42,48,35.62,79,0.46,28.39,94,3.96,5.8,0.78,0.2,0.98,0,0.13,40,0.03,0.08,0.06,-0.01,0.16
Jack Sowerby,Northampton Town,League One,645,Defensive Midfielder,30,0,0,,0,,,0,0,0,0,0,0,0,0.28,0.8,1.52,11.44,6.28,0.04,2.65,3.77,11.16,0.91,1.72,57,40,35.84,84,0.15,26.22,98,3.17,3.07,0,0,0,0,0,,0,0.03,0.02,,0.04
Jonathan Hogg,Huddersfield Town,League One,637,Defensive Midfielder,36,0,0.04,0.28,0.14,0,0,0,0,0.01,0.28,0,0.42,0.14,0.42,2.14,1.48,25.99,14.55,0.03,6.22,6.92,12.43,3.1,5.24,80,69,37.86,83,0.4,25.85,96,2.92,6.78,0.14,0.42,0.57,0,0,0,0.01,0.04,0,-0.04,0.02
Lewis Wing,Reading,League One,1374,Defensive Midfielder,29,0.13,0.07,0.04,1.64,8,24,1,0.2,0.15,1.77,0.33,0.59,0.59,0.65,0.66,2.42,14.47,9.1,0.04,3.6,5.96,13.16,1.45,2.12,44,60,50.49,76,0.45,39.82,97,4.55,8.84,0.85,0.39,1.24,0.65,0.13,11,0.19,0.08,0.07,-0.04,0.3
Conor McGrandles,Lincoln City,League One,894,Defensive Midfielder,29,0,0,,0,,,0,0,0.04,0.4,0,0.6,0.3,0.6,0.68,0.64,26.98,15,0.01,5.74,6.74,13.19,1.57,2.25,59,45,29.29,79,0.22,20.03,93,4.14,5.34,0.2,0.2,0.4,0,0.1,33,0.01,0.06,0.01,,0.07
Ethan Erhahon,Lincoln City,League One,1106,Defensive Midfielder,24,0,0,0.03,0.08,0,0,0,0,0.01,0.24,0,0.41,0.24,0.57,0.95,0.41,15.86,8.13,0.04,2.85,6.26,11.63,0.72,1.68,53,47,30.91,82,0.17,22.78,95,4.17,6.34,0.16,0.08,0.24,0,0,,0.02,0.05,0.04,0,0.11
Matthew Craig,Barnsley,League One,826,Defensive Midfielder,22,0,0,0.02,0.22,0,0,0,0,0.07,0.44,0,0.54,0.22,0.76,1.12,1.69,28.88,16.02,0.01,5.78,5.01,10.9,3.46,4.58,64,47,29.32,81,0.38,24.19,93,4.78,4.9,0.54,0,0.54,0.11,0.11,100,0.02,0.07,0.03,-0.01,0.11
Conor Coventry,Charlton Athletic,League One,1242,Defensive Midfielder,25,0,0.03,0.03,0.94,0,15,1,0,0.05,0.87,0,0.94,0.58,0.51,1.8,2.53,22.83,12.68,0.05,5.72,6.96,13.84,1.98,3.78,63,47,43.26,77,0.3,34.28,96,4.72,9.28,1.09,0.22,1.3,0.07,0.51,30,0.09,0.07,0.03,-0.03,0.16
George Lloyd,Shrewsbury Town,League One,1172,Centre Forward,25,0.23,0.2,0.21,0.92,25,33,3,0.08,0.04,0.23,0.31,0.38,0.08,1.15,0.24,0.72,28.71,12.44,0.01,4.45,1.84,2.69,0.97,1.21,40,34,11.28,64,0.32,10.36,68,5.22,4.53,0.38,2.76,3.15,0.15,0.15,33,-0.02,-0.04,-0.01,-0.05,-0.12
Dion Charles,Bolton Wanderers,League One,874,Centre Forward,29,0.41,0.35,0.12,2.88,14,46,8,0.1,0.06,0.62,0.52,2.47,0.93,1.65,0,0,25.65,10.71,0.03,3.5,2.99,4.33,1.86,1.86,25,18,9.17,71,0.42,16.18,68,5.65,3.5,0.41,5.56,5.98,0,0.31,43,0,0.11,0.05,0,0.16
Tyler Roberts,Northampton Town,League One,610,Centre Forward,26,0,0.26,0.11,2.36,0,50,5,0.15,0.05,0.59,0.15,3.39,1.92,1.77,0.32,0.26,19.32,9.73,0,1.92,2.51,5.6,0.83,1.16,100,35,23.15,68,0.33,28.75,84,7.32,5.9,0.44,4.57,5.01,0.29,0.15,13,-0.05,0.08,0.07,-0.04,0.05
Sam Smith,Reading,League One,1076,Centre Forward,27,0.33,0.28,0.14,2.01,17,46,4,0,0.03,0.5,0.33,0.33,0.17,0.75,0.11,1.56,14.14,7.28,0.02,1.92,2.43,3.51,0.38,0.48,0,36,13.39,65,0.22,12.13,79,4.37,4.27,0.33,5.35,5.69,0.08,0.17,33,-0.01,-0.04,0.01,0.1,0.06
Josh Magennis,Exeter City,League One,998,Centre Forward,34,0.09,0.25,0.21,1.17,8,23,3,0.09,0.11,0.72,0.18,0.54,0.45,0.9,0.1,1.17,12.8,4.42,0.02,1.44,1.8,2.98,0.38,0.48,,52,16.05,63,0.35,14.88,81,5.33,3.88,0.18,4.24,4.42,0,0.18,17,0.01,0.01,0.04,-0.05,0.01
Daniel Agyei,Leyton Orient,League One,1078,Centre Forward,27,0.17,0.14,0.09,1.67,10,25,5,0.25,0.1,0.84,0.42,1.59,0.67,4.18,0.22,0.77,18.71,9.52,0,2.92,4.26,5.43,0.46,0.68,0,32,13.61,64,0.22,19.04,65,7.42,4.84,0.42,4.34,4.76,0.08,0.67,47,0.03,0.04,-0.02,-0.08,-0.03
Promise Omochere,Bristol Rovers,League One,990,Centre Forward,24,0.18,0.22,0.12,1.82,10,30,4,0.09,0.07,0.64,0.27,1.09,0.36,2.09,0.1,1.26,22.1,9.37,0.03,4.27,3,4.55,0.87,0.97,88,39,17.28,59,0.38,18.37,66,4.75,4.46,0.18,4.73,4.91,0,0.18,22,-0.07,-0.03,0.08,-0.1,-0.14
Dale Taylor,Wigan Athletic,League One,712,Centre Forward,21,0.25,0.25,0.18,1.39,18,45,4,0.13,0.02,0.76,0.38,1.01,0.63,2.91,0.4,0.38,27.57,12.77,0.01,3.92,2.15,4.17,1.22,1.62,67,28,13.02,78,0.37,17.45,71,5.32,4.93,0.25,5.06,5.31,0.13,0,0,-0.06,-0.04,0.01,-0.05,-0.14
Rushian Hepburn-Murphy,Crawley Town,League One,775,Centre Forward,26,0.35,0.13,0.1,1.28,27,45,4,0,0.01,0.12,0.35,2.55,0.46,2.21,0.31,0,16.95,7.08,0.01,3.37,1.86,3.48,0.69,1,0,19,13.24,74,0.31,20.32,65,7.74,5.34,0.46,3.02,3.48,0.12,0.12,25,-0.02,-0.01,0,0.09,0.07
Daniel Udoh,Wycombe Wanderers,League One,866,Centre Forward,28,0.42,0.32,0.16,1.97,21,58,5,0.1,0.08,1.04,0.52,1.56,0.94,1.56,0.42,0.53,21.09,7.9,0.01,5.09,4.05,6.96,0.8,1.22,40,21,18.6,72,0.49,20.68,82,5.11,7.07,0.83,5.3,6.13,0,0.31,75,-0.02,0.13,0.05,0.01,0.17
Alfie May,Birmingham City,League One,798,Centre Forward,31,0.45,0.41,0.17,2.37,19,48,4,0.23,0.12,1.13,0.68,1.24,0.68,1.58,1.15,0.79,19.97,8.8,0.03,4.85,3.5,4.74,1.59,2.74,0,5,24.94,80,0.66,26.29,87,4.39,9.25,0.68,5.64,6.32,0,0.45,44,0.02,-0.01,0.13,0.14,0.29
Richard Kone,Wycombe Wanderers,League One,865,Centre Forward,21,0.62,0.46,0.15,3.12,20,43,5,0,0.09,0.83,0.62,1.25,0.52,2.29,0.41,0.91,26.65,10.41,0.02,4.89,4.06,5.31,0.81,1.21,100,39,21.34,69,0.65,22.69,73,5.29,8.54,0.52,9.06,9.58,0,0.52,42,-0.12,0.02,0.04,0.04,-0.01
Will Swan,Crawley Town,League One,865,Centre Forward,24,0.21,0.15,0.13,1.14,18,73,5,0,0.02,0.62,0.21,0.83,0.52,0.73,0,0.54,19.87,8.01,0.01,2.29,1.35,1.98,0.81,0.81,50,9,8.11,81,0.15,9.99,81,6.01,3.33,0.31,3.12,3.43,0,0.1,33,-0.02,0.05,0,0.09,0.13
Charlie Kelman,Leyton Orient,League One,1287,Centre Forward,23,0.28,0.25,0.11,2.24,13,50,7,0.07,0.02,0.42,0.35,2.03,0.7,1.68,0.11,0.28,18.53,8.11,0.02,2.38,3.22,4.69,0.22,0.34,0,20,11.61,67,0.19,15.32,72,6.76,4.62,0.35,4.48,4.83,0,0.14,20,-0.02,0.06,0.01,0.02,0.08
Jay Stansfield,Birmingham City,League One,616,Centre Forward,22,0.58,0.52,0.14,3.65,16,24,8,0.15,0.1,0.58,0.73,2.34,0.58,4.24,0.25,0,30.98,12.71,0,5.55,3.95,5.41,2.75,3,0,22,15.34,70,0.6,24.55,62,5.87,6.87,0.73,9.79,10.52,0,0,0,-0.08,-0.05,0,-0.04,-0.17
Danilo Orsi-Dadamo,Burton Albion,League One,1152,Centre Forward,29,0.47,0.25,0.26,0.94,50,67,3,0.16,0.05,0.78,0.63,0.23,0.08,0.94,0.31,0.74,21.41,9.38,0.01,2.89,2.11,3.13,0.52,0.82,25,9,13.36,73,0.23,12.35,82,3.23,4.61,0.23,2.74,2.97,0.08,0.16,40,-0.01,-0.01,0.02,0.09,0.08
Sam Cosgrove,Barnsley,League One,759,Centre Forward,28,0.12,0.23,0.1,2.25,5,21,5,0.24,0.09,0.95,0.36,0.24,0.24,1.19,0.24,1.14,15.89,6.4,0,2.25,2.61,3.56,0.11,0.35,25,63,17.2,59,0.4,11.03,74,2.65,5.22,0.12,7.71,7.83,0.12,0.24,33,-0.08,-0.01,0.01,-0.1,-0.18
Ricky-Jade Jones,Peterborough United,League One,1086,Centre Forward,22,0.33,0.37,0.25,1.49,22,50,7,0.08,0.11,0.66,0.41,1.41,0.58,1.66,0.23,1.19,22.62,9.69,0.01,3.56,1.66,2.49,0.41,0.64,0,29,6.55,51,0.34,10.69,64,11.45,2.32,0.41,3.89,4.31,0,0.75,45,0.04,0.22,0.01,0.06,0.34
Kyle Wootton,Stockport County,League One,1199,Centre Forward,28,0.45,0.39,0.17,2.33,19,48,5,0.15,0.08,1.05,0.6,0.83,0.45,1.5,0.14,0.65,23.94,10.28,0.02,3.53,2.78,3.98,0.56,0.7,50,53,15.61,57,0.42,13.06,74,3.25,4.95,0.6,6.15,6.75,0.15,0.15,40,-0.07,0,-0.03,-0.04,-0.13
Dan Nlundulu,Cambridge United,League One,735,Centre Forward,26,0.12,0.34,0.11,3.06,4,24,7,0,0.01,0.24,0.12,0.98,0.37,1.84,0.23,0.96,14.81,6.98,0,1.1,2.08,3.55,0.25,0.48,100,29,13.71,62,0.29,14.94,70,4.58,4.77,0.37,5.88,6.24,0.12,0,0,-0.04,-0.02,-0.01,-0.03,-0.09
Jamie Reid,Stevenage,League One,911,Centre Forward,30,0,0.15,0.07,2.08,0,29,5,0.2,0.08,0.89,0.2,1.68,0.79,1.98,0.33,0.13,21.84,8.89,0.01,1.88,2.57,4.55,1.05,1.39,29,38,13.34,61,0.22,18.68,70,6.34,4.84,0.4,4.74,5.14,0,0.2,40,-0.02,-0.02,0.04,-0.11,-0.11
Christy Pym,Mansfield Town,League One,1203,Goalkeeper,30,0,0,,0,,,0,0,0,0,0,0,0,0,0,0,0,0,0,8.23,0,4.19,0,0,,,24.39,65,0.15,19,100,5.3,0.52,0,0,0,0.07,0,,0.13,0.06,,,0.08
Arthur Okonkwo,Wrexham,League One,1382,Goalkeeper,23,0,0,,0,,,0,0,0,0.07,0,0.07,0.07,0,0,0,0.07,0.07,0,6.77,0,3.97,0,0,0,,15.89,60,0.09,12.11,100,5.87,0.78,0.07,0,0.07,0,0,,0.13,0.06,,,0.23
Toby Savin,Shrewsbury Town,League One,1476,Goalkeeper,24,0,0,,0,,,0,0,0,0,0,0,0,0,0,0.07,0.12,0,0,7.19,0,3.6,0,0,0,,16.28,54,0.12,12.19,100,6.74,0.85,0,0.06,0.06,0,0,,0.13,0.07,0,,0.16
Nathan Baxter,Bolton Wanderers,League One,878,Goalkeeper,26,0,0,,0,,,0,0,0,0,0,0,0,0,0,0,0,0,0,5.95,0,4.41,0,0,,,26.97,76,0.18,23.07,100,5.17,0.62,0,0,0,0,0,,0.04,0.07,,,-0.11
Jacob Chapman,Huddersfield Town,League One,675,Goalkeeper,24,0,0,,0,,,0,0,0,0,0,0,0,0,0,0,0.13,0,0,3.2,0,4.4,0,0,,,25.22,61,0.24,21.61,100,5.19,0.53,0,0,0,0,0,,0.11,0.06,,,-0.26
Corey Addai,Stockport County,League One,1340,Goalkeeper,27,0,0,,0,,,0,0,0,0,0,0.2,0.2,0,0,0.11,0,0,0,4.7,0,4.5,0,0,,100,29.29,73,0.13,24.32,100,4.57,1.54,0.13,0,0.13,0,0,,0.15,0.09,0,,0
Gabriel Slonina,Barnsley,League One,1084,Goalkeeper,21,0,0,,0,,,0,0,0,0,0,0,0,0,0,0,0.08,0,0,6.89,0,4.98,0,0,100,,23,60,0.11,19.51,100,5.29,0.66,0,0,0,0,0,,0.15,0.08,,,0.07
William Mannion,Charlton Athletic,League One,1302,Goalkeeper,27,0,0,,0,,,0,0,0,0,0,0,0,0,0,0.06,0.14,0.07,0,6.01,0,3.73,0.1,0.1,,,16.52,69,0.08,12.65,99,5.19,0.41,0.07,0,0.07,0,0,,0.08,0.04,-0.04,,-0.03
Zachary Hemming,Leyton Orient,League One,994,Goalkeeper,25,0,0,,0,,,0,0,0,0,0,0.09,0,0,0,0,0.45,0.09,0,5.34,0.09,4.25,0,0,0,,18.47,52,0.1,16.11,99,6.85,0.81,0,0,0,0,0,,0.16,0.08,-0.07,,0.17
Joshua Griffiths,Bristol Rovers,League One,1392,Goalkeeper,23,0,0.01,0.11,0.06,0,0,0,0,0.01,0.13,0,0.06,0.06,0,0,0,0.19,0.13,0,6.79,0,4.14,0,0,50,100,19.59,54,0.2,16.94,100,5.29,1.62,0,0.26,0.26,0,0,,0.14,0.08,0,-0.01,0.01
Jojo Wollacott,Crawley Town,League One,1175,Goalkeeper,28,0,0,,0,,,0,0,0,0,0,0,0,0,0,0,0.15,0.08,0,6.43,0,4.83,0,0,67,,34.46,62,0.17,30.56,100,6.05,0.92,0,0,0,0,0,,0.11,0.11,,,0.09
Bailey Peacock-Farrell,Birmingham City,League One,693,Goalkeeper,28,0,0,,0,,,0,0,0,0,0,0.39,0.39,0,0,0,0.13,0,0,4.29,0,6.5,0,0,,,37.82,84,0.23,32.88,100,5.24,0.65,0,0,0,0,0,,0.09,0.01,,,0.1
Harry Tyrer,Blackpool,League One,796,Goalkeeper,23,0,0,,0,,,0,0,0,0,0,0,0,0,0,0,0.11,0.11,0,4.86,0,4.18,0,0,,,30.42,73,0.21,27.7,100,4.85,0.45,0,0,0,0,0,,0.08,0.09,,,-0.1
Franco Nahuel Ravizzoli,Wycombe Wanderers,League One,1180,Goalkeeper,27,0,0,,0,,,0,0,0.01,0.08,0,0,0,0,0,0,0.15,0.15,0,4.96,0,3.97,0,0,0,,28.61,61,0.29,24.95,100,5.13,1.14,0.08,0,0.08,0.08,0,,0.13,0.07,0,,0.19
George Alexander Wickens,Lincoln City,League One,1276,Goalkeeper,23,0,0,,0,,,0,0,0,0,0,0.14,0.14,0,0,0,0.07,0,0,4.59,0,3.53,0,0,0,,16.37,51,0.06,13.83,100,6.61,0.71,0,0,0,0,0,,0.1,0.06,,,-0.17
Max Crocombe,Burton Albion,League One,1090,Goalkeeper,31,0,0,,0,,,0,0,0,0,0,0,0,0,0,0.16,0.08,0.08,0,7.35,0,5.2,0,0,100,,35.68,69,0.21,31.3,100,4.6,0.91,0,0,0,0.17,0,,0.08,0.09,-0.03,,0.03
Lee Burge,Northampton Town,League One,1361,Goalkeeper,32,0,0,,0,,,0,0,0,0,0,0,0,0,0,0,0.07,0.13,0,8,0,4.83,0,0,0,,19.97,51,0.08,16.4,100,6.36,0.86,0.07,0,0.07,0,0,,0.13,0.07,0.01,,0.05
Lee Nicholls,Huddersfield Town,League One,687,Goalkeeper,32,0,0,,0,,,0,0,0,0,0,0.13,0.13,0,0,0,0,0,0,4.06,0,6.81,0,0,,,25.01,69,0.22,21.86,100,6.45,0.26,0.13,0,0.13,0,0,,0.08,0.09,,,-0.08
Jed Steer,Peterborough United,League One,1196,Goalkeeper,32,0,0,,0,,,0,0,0.01,0.08,0,0,0,0,0,0,0,0,0,7.6,0,5.04,0,0,0,,30.56,84,0.29,23.03,100,3.84,0.15,0,0,0,0,0,,0.05,0.07,0,,-0.41
Dillon Phillips,Rotherham United,League One,677,Goalkeeper,29,0,0,,0,,,0,0,0.01,0.13,0,0,0,0,0,0,0.13,0,0,7.18,0,4.12,0,0,,,20.6,48,0.14,17.94,100,6.93,2.79,0.13,0,0.13,0,0,,0.31,0.08,,,0.23
Cameron Dawson,Rotherham United,League One,785,Goalkeeper,29,0,0,,0,,,0,0,0.03,0.23,0,0,0,0,0,0,0,0,0,5.39,0,3.56,0,0,,,19.27,49,0.09,15.49,100,6.69,1.72,0.11,0,0.11,0,0,,0.24,0.05,0,,0.36
Joel Castro,Reading,League One,782,Goalkeeper,28,0,0,,0,,,0,0,0,0,0,0,0,0,0,0,0,0,0,6.45,0,3.68,0,0,,,23.83,70,0.16,19.8,100,5.46,0.58,0.12,0,0.12,0,0,,0.11,0.05,,,0.28
Vicente Phillip Reyes Núñez,Cambridge United,League One,1295,Goalkeeper,21,0,0,,0,,,0,0,0,0.07,0,0,0,0,0,0,0,0,0,6.67,0,5.84,0,0,,,29.96,57,0.13,26.21,100,5.41,1.53,0.14,0,0.14,0,0,,0.13,0.08,,,-0.05
Murphy Joseph Mahoney Cooper,Stevenage,League One,1184,Goalkeeper,23,0,0,,0,,,0,0,0,0,0,0.08,0.08,0,0,0,0.08,0,0,4.64,0,4.33,0,0,100,,18.1,39,0.07,15.66,100,8.14,1.14,0,0,0,0,0,,0.16,0.04,,,0.31
Joseph Whitworth,Exeter City,League One,1282,Goalkeeper,21,0,0,,0,,,0,0,0,0,0,0,0,0,0,0,0.14,0,0,7.72,0,4,0,0,,,33.36,76,0.23,29.42,100,4.61,0.49,0,0,0,0.07,0,,0.09,0.09,-0.05,,0.47
Sam Tickle,Wigan Athletic,League One,1364,Goalkeeper,23,0,0,,0,,,0,0,0,0,0,0.2,0.2,0,0,0,0.07,0,0,5.74,0.07,3.23,0,0,,,22.5,59,0.13,16.76,100,4.54,0.53,0,0,0,0,0,,0.13,0.04,-0.07,,0.3
Jack Cooper Love,Burton Albion,League One,736,Attacking Midfielder,23,0.24,0.07,0.07,0.98,25,38,2,0,0.08,1.22,0.24,1.59,0.49,0.98,0.49,0.43,28.47,12.46,0,3.54,4.28,6.97,1.41,1.9,40,18,22.12,78,0.27,22.97,84,6.36,8.07,0.37,4.77,5.13,0,0.12,33,-0.02,0.04,0.03,0.04,0.08
Kamari Doyle,Exeter City,League One,601,Attacking Midfielder,19,0.45,0.12,0.06,1.95,23,62,3,0,0.15,1.35,0.45,1.95,1.35,1.5,0.95,0.39,30.4,19.02,0,4.19,3.59,6.44,1.71,2.67,25,14,30.55,64,0.37,35.94,88,6.11,9.43,1.35,2.55,3.89,0.45,0.3,14,0.1,0.16,0.05,0.08,0.39
Ronan Darcy,Crawley Town,League One,1342,Attacking Midfielder,24,0.07,0.12,0.05,2.55,3,32,2,0.27,0.14,0.94,0.34,2.28,1.14,1.48,0.28,0.35,15.43,8.12,0.01,2.35,3.82,5.9,0.87,1.14,27,0,41.79,85,0.42,43.74,90,5.92,15.96,0.74,3.49,4.23,0.13,0.2,21,0.02,0.07,0,-0.04,0.05
Aaron Collins,Bolton Wanderers,League One,850,Attacking Midfielder,28,0.11,0.19,0.09,2.12,5,40,4,0.21,0.22,1.59,0.32,2.33,0.95,2.01,0.1,0,17.48,8.05,0.01,2.86,3.39,4.45,0.85,0.95,29,32,23.2,65,0.38,26.37,80,6.37,9,1.27,4.77,6.04,0.11,1.17,37,0.09,0.05,0.01,-0.05,0.11
Reece James,Rotherham United,League One,1127,Full Back,31,0,0,0.02,0.16,0,0,0,0,0.1,1.28,0,0.24,0.16,0.56,1.67,1.66,15.57,6.95,0.04,3.19,4.23,11.5,1.84,3.51,60,59,38.65,69,0.28,28.19,97,4.83,9.98,1.28,0.64,1.92,0,0.72,21,0.28,0.05,0.03,-0.01,0.36
A.Garcia,Reading,League One,612,Full Back,,0,0.01,0.03,0.29,0,0,0,0,0.01,0.44,0,1.91,1.18,1.62,1.06,2.11,22.49,10.44,0,6.76,2.5,9.85,2.25,3.31,53,46,28.81,79,0.32,28.96,88,6.73,6.47,0.15,0.29,0.44,0.15,0,0,0.02,0.11,-0.11,-0.01,0.01
Ibou Touray,Stockport County,League One,1302,Full Back,30,0,0.01,0.03,0.21,0,0,0,0.07,0.09,1.17,0.07,1.04,0.69,0.48,1.35,2.39,12.1,5.46,0.05,3.11,2.76,10.16,1.37,2.72,77,60,41.4,74,0.28,34.7,94,4.32,10.23,1.11,0.28,1.38,0,0.83,43,0.14,0.04,0.06,-0.01,0.24
Dan Butler,Stevenage,League One,1144,Full Back,30,0,0.01,0.03,0.31,0,50,0,0,0.02,0.39,0,0.55,0.39,0.24,0.82,2.12,11.33,5.04,0.03,3.15,4.33,11.64,1.78,2.6,69,72,37.29,64,0.1,27.54,98,4.48,6.85,1.02,0.39,1.42,0.08,0.63,31,0.18,0.03,-0.04,-0.01,0.16
Jack Currie,Leyton Orient,League One,995,Full Back,22,0,0.02,0.11,0.18,0,0,0,0,0.05,0.54,0,1.36,0.9,1.45,1.7,2.26,19.64,8.42,0.03,3.71,4.16,11.85,3.05,4.75,71,53,31.76,69,0.27,25.7,88,5.94,6.61,0.9,0.72,1.63,0,0.81,27,0.1,0.05,0,-0.02,0.13
Clinton Mola,Bristol Rovers,League One,1335,Full Back,24,0.07,0.02,0.06,0.4,17,67,1,0,0.04,0.4,0.07,1.15,0.61,1.21,1.43,2.92,16.79,8.76,0.01,4.31,3.03,13.55,2,3.43,67,60,32.7,66,0.24,27.51,91,6.96,4.99,0.54,0.81,1.35,0,0.34,45,0.09,0.09,0.02,0,0.2
Daniel Harvie,Wycombe Wanderers,League One,1374,Full Back,26,0.07,0.03,0.04,0.66,10,10,1,0.07,0.17,1.44,0.13,0.92,0.66,0.79,1,3.27,14.02,6.22,0.04,3.14,3.14,9.63,2.17,3.16,77,58,34.53,72,0.39,30.46,95,5.05,8.71,0.85,1.64,2.49,0.13,0.59,33,0.16,0.11,0.03,-0.01,0.28
Alex Cochrane,Birmingham City,League One,1281,Full Back,25,0,0.02,0.03,0.56,0,0,0,0.07,0.08,0.84,0.07,0.28,0.21,0.63,1.09,2.83,10.25,4.57,0.02,3.79,3.44,9.27,1.44,2.53,46,43,69.53,83,0.59,60.9,98,3.9,12.71,1.12,0.56,1.69,0.21,0.63,26,0.21,0.09,0.02,-0.02,0.3
Hayden Coulson,Blackpool,League One,875,Full Back,26,0,0.03,0.07,0.51,0,0,0,0,0.09,0.82,0,1.13,0.41,0.82,2.41,1.45,15.73,6.89,0.04,4.63,4.73,10.79,2.71,5.12,64,49,39.07,77,0.4,34.03,93,4.53,7.5,0.82,1.34,2.16,0.21,0.21,20,0.09,0.09,0.09,-0.02,0.26
Luke Chambers,Wigan Athletic,League One,924,Full Back,20,0.1,0,0.02,0.19,50,50,0,0.1,0.17,1.85,0.19,0.78,0.39,0.97,0.41,1.91,18.03,8.38,0,4.87,1.75,7.02,0.87,1.28,41,36,41.51,80,0.16,39.76,95,3.92,8.19,0.68,1.36,2.05,0,1.17,55,0.18,0.06,0.03,-0.01,0.25
Mal Benning,Shrewsbury Town,League One,1261,Full Back,31,0,0.04,0.04,0.86,0,33,1,0.21,0.15,1.86,0.21,0.93,0.36,0.5,1.38,2.63,16.99,7.35,0.03,3.43,5,9.85,1.41,2.8,67,62,33.12,65,0.34,24.77,93,4.99,8.99,1,1.21,2.21,0,0.79,32,0.2,0.04,-0.04,-0.02,0.18
Jack Sparkes,Peterborough United,League One,1305,Full Back,25,0,0.03,0.07,0.48,0,29,0,0.14,0.17,1.31,0.14,0.62,0.28,0.83,1.76,2.8,11.93,5.79,0.04,2.97,2.76,8.55,1.97,3.73,47,51,42.63,75,0.37,36.49,96,3.83,8.62,0.69,0.62,1.31,0.14,0.69,33,0.15,0.06,0.03,-0.03,0.22
Thomas O'Connor,Wrexham,League One,1353,Centre Back,26,0,0.01,0.04,0.33,0,20,0,0.07,0.04,0.67,0.07,0.27,0.13,0.6,0.57,2.66,11.51,6.65,0.02,2.86,1.66,11.11,0.88,1.44,56,60,39.12,66,0.38,29.68,97,4.92,5.19,0.27,0.27,0.53,0,0,0,0.14,0.05,0.03,-0.01,0.22
Seán Roughan,Lincoln City,League One,1398,Centre Back,22,0.06,0.02,0.05,0.39,17,67,0,0.13,0.07,1.16,0.19,0.32,0.06,0.13,1.1,1.8,11.85,7.34,0.07,4.31,2.83,10.82,0.53,1.63,47,71,37.27,57,0.21,27.04,98,5.41,7.15,1.29,0.32,1.61,0,0.77,23,0.25,0.06,0.05,-0.01,0.35
Oscar Wallin,Peterborough United,League One,1279,Centre Back,23,0,0.01,0.07,0.21,0,0,0,0,0.01,0.21,0,0.77,0.49,0.7,1.97,4.2,14.99,7.95,0.08,5.28,1.13,9.43,2.93,4.89,57,47,60.94,90,0.59,50.6,97,5.96,2.6,0,0.56,0.56,0,0,,0,0.06,0.02,-0.02,0.06
Tyler Bindon,Reading,League One,1350,Centre Back,20,0,0.04,0.06,0.6,0,22,0,0,0,0.07,0,0.27,0.13,0.07,0.87,6.03,5.73,2.73,0.09,3.13,1.27,10.87,0.97,1.84,33,69,42.26,81,0.33,32.6,98,5.79,2.07,0,1.73,1.73,0.07,0,,-0.03,0.01,0.13,-0.04,0.07
Lewis Freestone,Stevenage,League One,708,Centre Back,25,0,0.04,0.07,0.51,0,50,0,0,0,0,0,0.38,0.25,0.38,0.66,3.75,13.47,5.59,0.09,3.3,2.42,11.06,1.59,2.25,87,67,33.05,72,0.13,23.13,96,4.68,3.3,0.25,1.53,1.78,0,0,0,0.01,0.01,0.1,0.05,0.17
Daniel Happe,Leyton Orient,League One,1008,Centre Back,26,0.09,0.07,0.09,0.8,11,33,0,0.09,0.03,0.18,0.18,0,0,0.09,1.06,3.58,10.45,5.45,0.05,3.04,3.22,15.63,1.01,2.07,67,77,40.73,68,0.28,22.06,98,3.81,2.77,0,2.59,2.59,0.09,0,0,0,0.02,0.06,0.04,0.12
Will Aimson,Wigan Athletic,League One,1340,Centre Back,30,0,0.03,0.09,0.34,0,40,0,0,0.01,0.2,0,0.2,0.13,0.2,1.05,5.3,12.89,6.31,0.05,4.97,1.61,11.95,2.14,3.19,69,74,65.07,85,0.38,51.04,99,5.32,3.69,0.07,1.21,1.28,0.2,0.07,100,-0.02,0.07,-0.02,0.01,0.05
Krystian Bielik,Birmingham City,League One,822,Centre Back,27,0.11,0.06,0.12,0.55,20,20,0,0,0,0.11,0.11,0.11,0.11,0.66,3.46,6.67,8.98,4.93,0.15,4.49,3.83,21.24,1.93,5.39,75,77,95.38,90,0.95,74.79,99,6.31,8.65,0.22,1.64,1.86,0,0,0,0.05,0.14,0,-0.01,0.17
Carl Piergianni,Stevenage,League One,1378,Centre Back,33,0.07,0.06,0.05,1.18,6,22,0,0,0.04,0.33,0.07,0.2,0.13,0.07,0.88,4.44,7.84,4.11,0.09,3.98,2.16,14.5,0.57,1.46,63,78,36.57,68,0.17,19.85,99,3.29,4.18,0.46,4.31,4.77,0,0.07,33,0.05,0.02,0.05,-0.04,0.08
James Husband,Blackpool,League One,744,Centre Back,31,0.36,0.11,0.24,0.48,75,75,0,0,0.03,0.48,0.36,0.24,0.24,0.36,1.89,4.63,9.44,4.23,0.04,3.87,2.9,11.01,2.2,4.09,78,45,44.4,68,0.44,33.99,99,4.83,7.86,0.6,1.94,2.54,0,0.24,15,0.14,0.07,0.1,0.13,0.43
Caleb Taylor,Wycombe Wanderers,League One,916,Centre Back,22,0,0.14,0.16,0.88,0,22,0,0,0,0.1,0,0.1,0.1,0.29,1.74,5.36,7.76,2.85,0.07,4.22,2.16,15.13,1.21,2.95,50,82,41.65,84,0.38,28.88,97,5.03,2.55,0.39,3.14,3.54,0,0.1,100,0,0.05,-0.02,-0.11,-0.08
Marc Roberts,Barnsley,League One,1296,Centre Back,34,0.21,0.07,0.1,0.69,30,70,0,0,0.01,0.35,0.21,0.14,0.07,0.42,0.78,6.6,12.3,6.39,0.08,5.9,2.01,13.76,1.63,2.41,60,72,35.22,68,0.37,22.99,97,4.04,2.15,0.28,1.81,2.08,0,0.07,7,0.11,0,0.06,0.03,0.2
Baily Cargill,Mansfield Town,League One,731,Centre Back,29,0,0.04,0.11,0.37,0,0,0,0,0.01,0.25,0,0.37,0.37,0.12,1.74,2.42,14.9,7.14,0.02,4.19,1.72,10.84,2.58,4.32,50,55,49.38,72,0.3,37.93,99,6.95,7.02,0.86,1.11,1.97,0,0.25,50,0.15,0.08,0.02,-0.08,0.17
Jon Guthrie,Northampton Town,League One,1390,Centre Back,32,0.06,0.06,0.2,0.32,20,80,0,0.13,0.08,0.32,0.19,0,0,0.13,1.09,4.04,8.94,4.02,0.03,3.43,1.62,12.95,1.27,2.35,58,79,29.66,73,0.24,16.13,99,3.89,1.17,0,1.1,1.1,0,0.06,50,0.03,0.02,0.05,0.05,0.15
Aaron Pierre,Shrewsbury Town,League One,631,Centre Back,32,0,0.02,0.12,0.14,0,0,0,0,0,0,0,0.29,0,0.43,0.86,4,11.84,5.42,0.03,2.57,1.85,11.98,1.05,1.91,75,74,23.11,59,0.14,11.55,94,3.52,1.28,0.14,0.43,0.57,0,0,,0.01,0.01,-0.03,0,-0.02
Josh Feeney,Shrewsbury Town,League One,807,Centre Back,20,0.11,0.04,0.12,0.33,33,33,0,0,0.01,0.11,0.11,0,0,0.11,1.44,5.56,12.6,6.02,0.04,3.79,2.68,11.37,1.86,3.3,40,61,36.68,73,0.21,25.64,100,4.42,2.68,0,0.89,0.89,0,0,,0.04,0.02,-0.04,-0.03,-0.01
George Johnston,Bolton Wanderers,League One,1171,Centre Back,26,0,0.05,0.07,0.69,0,0,0,0,0.01,0.38,0,0.54,0.38,0.15,1.09,5.7,11.37,6.07,0.08,3.15,3.3,12.76,1.93,3.03,60,55,52.1,79,0.38,39.81,98,4.61,10.3,0.69,1.31,2,0,0,0,0.11,0.05,0.1,-0.05,0.22
Jack Armer,Burton Albion,League One,892,Centre Back,24,0,0.01,0.08,0.1,0,0,0,0,0.01,0.4,0,0.4,0.3,0.1,1.32,3.3,13.72,6.05,0,4.54,2.52,10.69,1.88,3.19,72,49,41.16,70,0.26,32.18,98,3.98,6.66,0.4,0.91,1.31,0,0.3,17,0.11,0.05,-0.08,0,0.08
Josh Earl,Barnsley,League One,1277,Centre Back,26,0,0.03,0.06,0.42,0,50,1,0,0.03,0.63,0,0.49,0.21,0.42,1.26,3.01,14.73,7.12,0.05,4.58,2.26,10.5,1.72,2.97,58,68,36.87,72,0.4,28.41,96,5.28,7.33,1.2,1.9,3.1,0.07,0.42,55,0.08,0.05,0.04,-0.01,0.17
Nigel Lonwijk,Huddersfield Town,League One,963,Centre Back,22,0,0.02,0.06,0.28,0,33,0,0.09,0.03,0.47,0.09,0.19,0.19,0.56,3.46,2.63,10.94,5.61,0.07,3.74,3.09,14.59,2.39,5.85,54,68,51.24,78,0.35,39.36,98,4.6,7.95,0.93,1.4,2.34,0.09,0.47,56,0.14,0.04,0.02,-0.02,0.18
Brodie Spencer,Huddersfield Town,League One,836,Centre Back,21,0,0.04,0.08,0.54,0,20,0,0.11,0.07,0.86,0.11,0.65,0.22,0.43,3.47,3.31,22.17,9.9,0.07,6.14,2.91,8.4,4.1,7.57,63,60,40.69,75,0.44,32.51,96,6.06,8.18,0.54,1.83,2.37,0,0.43,25,0.14,0.05,-0.04,-0.02,0.13
Jamie McCart,Rotherham United,League One,1143,Centre Back,27,0,0.08,0.07,1.1,0,43,0,0,0.01,0.16,0,0.08,0.08,0,1.19,6.22,11.66,6.22,0.08,2.99,1.89,14.73,1.49,2.68,60,75,34.26,74,0.26,19.85,100,4.09,2.99,0.16,2.76,2.91,0.08,0,0,0.04,0.08,0.09,-0.03,0.19
Ethan Pye,Stockport County,League One,1390,Centre Back,22,0.06,0.03,0.08,0.32,20,20,0,0.06,0.03,0.19,0.13,0.13,0.13,0.19,1.2,4.6,13.47,6.41,0.05,4.66,2.53,15.15,2.25,3.45,76,71,54.97,79,0.33,41.05,99,4.97,4.66,0.19,0.84,1.04,0.06,0.13,67,0.1,0.05,0.04,-0.03,0.16
Macauley Gillesphey,Charlton Athletic,League One,1226,Centre Back,29,0.07,0,0.03,0.07,100,100,0,0,0.03,0.37,0.07,0.07,0,0.22,0.81,4.6,13.15,7.27,0.04,4.19,3.38,15.27,1.67,2.47,45,62,46.56,64,0.24,29.82,98,3.14,5.14,0.51,0.44,0.95,0,0.15,25,0.17,0.03,0.01,0,0.22
Zeno Ibsen Rossi,Cambridge United,League One,638,Centre Back,24,0,0.03,0.11,0.28,0,0,0,0,0.02,0.28,0,0.14,0.14,0.14,1.05,2.87,13.82,7.05,0.04,4.51,2.68,9.59,1.55,2.61,60,59,44.28,78,0.26,34.27,99,5.66,3.53,0.14,0.85,0.99,0,0,0,0.1,0.02,0.07,-0.04,0.15
Danny Andrew,Cambridge United,League One,1024,Centre Back,34,0.09,0.03,0.03,0.88,10,40,0,0.09,0.07,0.88,0.18,1.06,0.53,0.35,1.36,2.13,12.84,7.39,0.05,2.46,1.85,10.9,1.49,2.86,58,65,36.4,65,0.29,28.4,95,4.62,5.45,0.7,0.53,1.23,0.09,0.53,19,0.27,0.04,0.02,-0.01,0.32
Johnly Yfeko,Exeter City,League One,1081,Centre Back,21,0,0.01,0.03,0.42,0,0,0,0.08,0.07,0.33,0.08,0.83,0.58,1.17,1.34,3.28,17.24,8,0.07,3.83,2,7.41,2.47,3.81,61,60,35.9,78,0.31,32.98,94,4.35,3.33,0.58,0.5,1.08,0.25,0.17,40,0.09,0.03,0.07,-0.02,0.16
Josh Hughson Flint,Crawley Town,League One,1086,Centre Back,24,0,0.09,0.08,1.08,0,15,1,0.08,0.03,0.58,0.08,0.41,0.33,0.41,1.86,6.04,15.5,6.38,0.04,5.3,2.57,10.36,3.28,5.14,68,63,56.85,82,0.41,49.22,98,4.22,6.8,0.58,1.49,2.07,0.08,0.25,19,0.14,0.08,0.14,-0.03,0.33
Oliver Casey,Blackpool,League One,1187,Centre Back,24,0.08,0.06,0.1,0.61,13,50,0,0,0.01,0.3,0.08,0,0,0.08,1.83,5.06,12.44,5.01,0.04,4.25,1.14,10.92,3.3,5.14,93,72,46.73,87,0.42,33.45,100,3.28,1.06,0.15,1.74,1.9,0,0,0,0,0.01,0.04,0.02,0.06
Lee Gregory,Mansfield Town,League One,1002,Centre Forward,36,0.45,0.29,0.12,2.51,18,39,4,0,0.03,0.54,0.45,1.53,0.63,2.24,1.03,0.26,23.43,9.79,0.02,3.05,2.96,5.12,1.12,2.15,40,34,15.26,73,0.43,18.94,67,5.19,5.21,0.36,7.54,7.9,0.09,0,0,-0.05,0.01,0,-0.08,-0.12
Ollie Palmer,Wrexham,League One,1011,Centre Forward,33,0.18,0.12,0.1,1.25,14,29,3,0.09,0.04,0.62,0.27,1.16,0.71,1.69,0.26,1.23,20.74,9.79,0.01,3.83,2.94,4.72,1.04,1.31,33,56,22.61,54,0.3,15.22,77,4.4,5.25,0.18,4.27,4.45,0.09,0.09,50,-0.07,0.02,0.04,0.05,0.04
Paul Mullin,Wrexham,League One,646,Centre Forward,30,0.14,0.38,0.11,3.48,4,32,8,0,0.03,0.7,0.14,1.11,0.84,1.25,0.08,0,20.05,8.21,0,2.78,2.23,4.32,0.55,0.63,20,22,17.4,69,0.3,18.79,81,4.04,6.13,0.7,6.54,7.24,0,0.42,60,-0.08,-0.02,0,-0.13,-0.22
John Edward Marquis,Shrewsbury Town,League One,770,Centre Forward,33,0.12,0.2,0.11,1.87,6,38,4,0.12,0.22,1.29,0.23,1.4,0.58,2.22,0.18,0.24,19.63,10.4,0.03,2.34,3.04,4.91,0.4,0.58,29,29,17.06,71,0.34,18.82,75,5.34,6.31,0.7,4.32,5.03,0,0.35,43,0.02,0.02,-0.06,-0.1,-0.12
Callum Marshall,Huddersfield Town,League One,807,Centre Forward,20,0.22,0.24,0.09,2.57,9,48,5,0.11,0.12,1.23,0.33,1,0.45,1,1.57,0.3,25.21,13.5,0,4.8,3.01,4.8,2.17,3.74,50,8,19.52,67,0.39,20.86,84,4.71,6.92,0.67,5.36,6.02,0.22,0.56,38,0.05,0.05,0.04,-0.03,0.11
Josh Koroma,Huddersfield Town,League One,705,Centre Forward,26,0.38,0.31,0.09,3.57,11,21,7,0.13,0.19,1.28,0.51,2.04,0.77,1.28,0.33,0.71,18.24,6.63,0,2.55,4.34,5.49,0.67,1,100,22,17.1,73,0.48,21.94,82,5.62,7.91,1.02,7.02,8.04,0.26,0.26,20,0.03,0.2,0.03,-0.04,0.22
Jonson Clarke-Harris,Rotherham United,League One,771,Centre Forward,30,0.23,0.24,0.1,2.34,10,35,4,0.12,0.04,0.7,0.35,0.58,0.35,0.7,0.19,0.87,17.87,8.06,0,2.69,2.92,3.74,0.7,0.89,33,46,18.45,52,0.29,10.39,74,4.14,5.14,0.47,5.61,6.07,0,0,0,-0.03,0,0.02,0.06,0.04
Matt Godden,Charlton Athletic,League One,776,Centre Forward,33,0.35,0.18,0.08,2.09,17,33,5,0,0.04,0.58,0.35,0.93,0.35,0.7,0,0.43,15.32,6.5,0.02,1.97,2.09,4.06,0.17,0.17,0,41,15.32,64,0.32,10.21,80,3.88,4.99,0.23,5.34,5.57,0,0,0,-0.01,0,-0.01,-0.03,-0.05
Tyreece Campbell,Charlton Athletic,League One,940,Centre Forward,21,0,0.05,0.06,0.96,0,40,2,0,0.09,0.86,0,2.2,1.24,2.78,0.62,0.48,23.06,9.57,0.01,3.45,5.36,6.7,0.39,1,67,14,19.62,68,0.22,25.17,76,7.95,7.75,0.48,3.35,3.83,0.1,0.57,19,-0.01,0.13,0.01,-0.03,0.09
Jovon Makama,Lincoln City,League One,689,Centre Forward,21,0.13,0.27,0.19,1.44,9,55,5,0.13,0.07,0.78,0.26,1.44,0.91,2.09,0.12,0,31.5,12.81,0,3.92,2.22,3.27,0.21,0.33,0,16,13.72,60,0.38,16.6,69,6.42,4.05,0.65,3.01,3.66,0.13,0.13,17,0,0.08,0,0.04,0.12
Ben House,Lincoln City,League One,879,Centre Forward,25,0.41,0.26,0.13,2.05,20,35,4,0,0.02,0.2,0.41,1.43,0.61,1.43,0.32,0.95,35.23,18.84,0,6.35,2.36,4.71,1.71,2.03,35,30,14.85,69,0.22,14.75,73,5.27,5.12,0.31,4.4,4.71,0,0.1,25,-0.05,0.03,0.02,0.03,0.04
Victor Adeboyejo,Bolton Wanderers,League One,722,Centre Forward,27,0.25,0.23,0.13,1.74,14,50,4,0,0.06,0.5,0.25,1.12,0.37,1.87,0.16,0.51,21.18,8.1,0.01,2.87,2.99,5.11,0.82,0.98,33,22,16.2,73,0.41,18.94,74,4.7,6.6,0.12,4.24,4.36,0,0,0,0,0.1,0.02,0.04,0.16
Davis Keillor-Dunn,Barnsley,League One,821,Centre Forward,27,0.33,0.31,0.14,2.19,15,35,4,0,0.07,0.99,0.33,0.77,0.33,1.75,0.32,0.08,22.04,9.21,0.02,3.29,3.18,5.81,1.19,1.51,83,38,24.34,73,0.36,23.47,86,5.41,7.9,0.44,3.95,4.39,0.11,0.11,17,-0.02,0.15,0.01,0.03,0.18
Millenic Alli,Exeter City,League One,886,Centre Forward,25,0.1,0.18,0.09,2.03,5,25,5,0,0.09,0.61,0.1,2.64,1.02,4.27,0.64,0.48,23.76,11.07,0.01,2.84,4.27,5.89,1.08,1.72,67,23,16.15,71,0.35,27.93,62,7.17,7.41,0.81,5.28,6.09,0,0.71,37,0.02,0.14,-0.01,-0.07,0.08
Adam Phillips,Barnsley,League One,900,Attacking Midfielder,27,0.3,0.22,0.1,2.2,14,41,2,0.1,0.11,1.1,0.4,0.7,0.4,1.6,0.71,1.03,13.5,6.3,0.01,3.9,4.6,7.8,0.74,1.45,80,44,30.7,72,0.44,24.5,87,3.61,8.4,0.8,5.3,6.1,0.1,0.4,40,0.04,0.06,0.04,0.05,0.19
Harvey Knibbs,Reading,League One,976,Attacking Midfielder,26,0.18,0.13,0.1,1.29,14,29,2,0.09,0.09,1.11,0.28,1.11,0.37,1.38,1.02,1.66,28.04,15.5,0.01,5.72,4.61,8.02,2.4,3.42,46,58,21.68,75,0.38,19.65,84,3.91,6.55,0.37,4.61,4.98,0,0.28,60,0.05,0.01,0.05,0.01,0.13
Luke Berry,Charlton Athletic,League One,699,Attacking Midfielder,32,0.52,0.31,0.13,2.32,22,50,4,0,0.07,0.64,0.52,0.39,0.13,1.8,0.31,0.83,11.85,5.54,0.03,1.93,4.64,7.34,0.75,1.06,25,45,18.67,73,0.49,15.2,81,4.71,5.54,0.52,3.86,4.38,0.13,0.52,50,0.04,-0.01,-0.03,0.05,0.04
Ben Wiles,Huddersfield Town,League One,1253,Attacking Midfielder,26,0.36,0.14,0.08,1.8,20,32,2,0.22,0.12,1.29,0.57,0.86,0.22,1.15,0.37,0.63,13.65,6.04,0.01,3.31,3.16,5.6,1,1.37,42,57,30.18,76,0.31,26.8,88,4.06,9.56,0.65,3.09,3.74,0.07,0.65,38,0.13,0.05,0.01,0.04,0.23
Andy Cannon,Wrexham,League One,862,Attacking Midfielder,29,0.21,0.06,0.06,1.04,20,20,2,0,0.05,0.94,0.21,0.83,0.52,0.73,0.6,0.79,21.6,10.23,0.02,4.07,5.84,9.92,1.59,2.19,55,45,25.99,76,0.36,20.98,88,5.36,10.85,0.83,3.03,3.86,0,0.63,43,0.03,0.06,0.04,0.02,0.16
Stephen Quinn,Mansfield Town,League One,671,Attacking Midfielder,39,0.13,0.07,0.06,1.07,13,38,1,0.13,0.21,2.01,0.27,1.07,0.27,0.94,0.94,1.04,18.1,9.79,0.03,3.75,6.3,11.53,0.85,1.79,54,57,41.83,74,0.4,34.59,94,4.67,13.68,1.74,2.95,4.69,0,0.8,32,0.18,0.09,0.03,-0.07,0.24
Cameron McGeehan,Northampton Town,League One,1390,Defensive Midfielder,30,0.26,0.17,0.16,1.04,25,44,1,0,0.01,0.39,0.26,0.58,0.13,0.78,0.2,0.78,22.93,11.46,0.01,3.82,4.99,8.29,0.87,1.07,35,43,25.65,69,0.32,18.65,85,4.29,6.8,0.52,2.79,3.3,0,0.13,40,-0.01,0.01,0,0.03,0.04
Charlie Savage,Reading,League One,787,Attacking Midfielder,22,0.34,0.16,0.07,2.4,14,29,3,0.23,0.1,1.03,0.57,0.34,0.11,0.8,0.45,1.81,24.02,12.58,0.02,4,4.35,7.89,0.96,1.41,39,25,32.25,76,0.6,25.51,95,3.47,9.04,0.46,2.63,3.09,0.11,0.23,15,-0.01,0.04,0.07,0.05,0.15
Elliott Lee,Wrexham,League One,1287,Defensive Midfielder,30,0.28,0.19,0.11,1.82,15,35,2,0.07,0.05,0.84,0.35,1.19,0.7,1.47,0.89,0.81,20.92,12.1,0.02,4.9,4.41,8.25,1.11,2,47,34,30.29,79,0.58,30.01,91,5.09,11.19,0.84,2.59,3.43,0.21,0.42,46,0.09,0.04,0.02,-0.03,0.12
Hiram Boateng,Mansfield Town,League One,738,Defensive Midfielder,29,0.12,0.04,0.06,0.61,20,40,1,0,0.19,1.83,0.12,0.61,0.24,0.98,0.04,1.22,25.62,14.64,0.02,4.27,5.73,9.52,0.78,0.82,0,45,37.7,81,0.47,31.97,93,4.81,12.08,1.59,2.44,4.03,0.24,1.34,58,0.23,0.05,0.06,-0.01,0.33
Keanu Baccus,Mansfield Town,League One,819,Defensive Midfielder,26,0.11,0.09,0.05,1.76,6,25,2,0.22,0.1,0.88,0.33,1.65,0.88,1.87,0.95,0.72,31.99,19.13,0.01,6.49,4.62,8.02,2.12,3.07,42,50,30.67,76,0.3,31.22,84,4.76,10.77,1.54,2.42,3.96,0.11,0.99,50,0.11,0.04,-0.06,-0.01,0.08
Jack Moylan,Lincoln City,League One,627,Defensive Midfielder,23,0.14,0.09,0.07,1.29,11,44,3,0,0.1,0.72,0.14,2.01,0.72,2.3,0.49,0.27,27.29,16.09,0.02,4.02,5.31,9.05,0.81,1.29,44,57,18.82,58,0.14,18.96,75,7.71,5.46,0.43,2.15,2.59,0,0,0,0.09,0.07,0.03,-0.02,0.17
Funso Ojo,Shrewsbury Town,League One,981,Defensive Midfielder,33,0,0.04,0.05,0.73,0,25,1,0.09,0.05,0.64,0.09,0.46,0.28,0.92,0.54,2.14,20.19,7.98,0.04,3.21,5.97,12.57,2.67,3.21,53,75,42.12,78,0.31,30.93,92,4.45,9.64,0.09,0.64,0.73,0,0,0,0.08,0.02,0.1,0.01,0.2
Samy Chouchane,Northampton Town,League One,675,Defensive Midfielder,21,0,0.01,0.05,0.27,0,100,0,0.13,0.22,1.73,0.13,0.93,0.53,0.8,1.21,0.91,23.07,12.27,0.02,5.07,5.2,11.07,1.36,2.57,53,53,46.8,77,0.3,39.47,95,4.2,8.4,1.6,0.13,1.73,0.4,0.93,50,0.18,0.06,0.01,0.01,0.25
Lewis Bate,Stockport County,League One,1043,Defensive Midfielder,22,0,0.03,0.05,0.69,0,13,0,0.26,0.07,1.04,0.26,0.35,0.09,0.52,1.16,0.8,21.67,12.95,0.01,4.4,6.56,13.29,2.24,3.4,50,12,49.89,86,0.53,38.84,97,4.64,10.88,0.6,0.26,0.86,0,0.26,60,0.05,0.08,0.06,-0.03,0.16
Korey Smith,Cambridge United,League One,1243,Defensive Midfielder,34,0.07,0.03,0.04,0.72,10,50,1,0,0.01,0.51,0.07,1.01,0.72,0.72,1.05,0.82,15.21,8.91,0.04,3.4,6.59,11.37,1.64,2.68,55,50,32.8,74,0.32,25.05,94,3.88,7.17,0.43,1.01,1.45,0,0,0,0.07,0.05,0,0,0.12
Edward Francis,Exeter City,League One,833,Defensive Midfielder,25,0.22,0.09,0.08,1.08,20,20,1,0.11,0.08,1.4,0.32,0.11,0,0.43,2.16,1.32,13.83,7.02,0.04,3.46,2.81,8.43,1.25,3.41,40,52,38.57,73,0.41,29.07,97,2.59,7.35,0.65,1.08,1.73,0.11,0.32,27,0.01,0.03,0.03,-0.04,0.04
Max Anderson,Crawley Town,League One,856,Defensive Midfielder,24,0.11,0.08,0.13,0.63,17,17,1,0.11,0.05,1.05,0.21,0.84,0.53,1.47,1.17,0.68,23.45,9.99,0.03,4.31,4.31,7.57,2.86,4.03,29,22,39.01,83,0.49,34.91,94,4.39,7.47,0.53,1.89,2.42,0.11,0.21,67,-0.02,0.07,0.03,-0.02,0.06
Paik Seung-Ho,Birmingham City,League One,1266,Defensive Midfielder,28,0,0.03,0.03,0.92,0,15,1,0.07,0.1,1.14,0.07,0.92,0.43,1.28,1.37,0.97,10.81,4.98,0,3.34,4.69,8.53,2.39,3.76,50,46,56.96,85,0.63,48.92,95,3.48,13.58,1.14,1.28,2.42,0.07,0.71,42,0.06,0.06,-0.04,-0.04,0.04
Harvey White,Stevenage,League One,925,Defensive Midfielder,23,0,0.03,0.03,0.97,0,10,1,0.19,0.16,2.43,0.19,0.29,0.29,0.39,0.64,1.13,19.84,8.85,0.05,3.7,4.47,9.14,2.07,2.71,67,62,30.05,70,0.09,24.99,96,3.14,4.28,0.29,0.39,0.68,0.19,0.39,24,0.24,0.05,0.11,-0.02,0.38
Kamil Amadu Conteh,Bristol Rovers,League One,1222,Defensive Midfielder,22,0,0.01,0.03,0.44,0,50,0,0,0,0.15,0,0.37,0.29,0.44,1.35,1.39,21.35,10.75,0.03,3.9,5.67,11.41,1.91,3.26,50,60,32.4,77,0.35,24.96,95,3.86,4.93,0.07,0,0.07,0,0,0,0.03,0.04,0.06,-0.01,0.12
Ryan Woods,Exeter City,League One,1048,Defensive Midfielder,31,0.09,0.01,0.07,0.09,100,100,0,0,0.03,0.6,0.09,0.6,0.26,0.86,0.64,1.5,14.94,9.45,0.03,2.75,5.93,13.4,1.28,1.93,57,39,47.92,84,0.3,38.39,96,3.32,8.42,0.77,0.34,1.12,0.09,0.17,40,0.08,0.08,0.04,0,0.2
Josh Sheehan,Bolton Wanderers,League One,1156,Defensive Midfielder,30,0.08,0.04,0.04,1.09,7,43,1,0.31,0.14,1.17,0.39,0.62,0.23,0.86,1.1,1.05,13.08,6.85,0.03,3.74,3.74,7.63,1.7,2.81,80,35,42.49,82,0.41,36.35,95,4.95,9.03,0.78,0.86,1.63,0.08,0.62,42,0.14,0.07,0.03,-0.02,0.22
Elliot Watt,Burton Albion,League One,1384,Defensive Midfielder,25,0,0.05,0.05,0.91,0,36,1,0.2,0.11,1.69,0.2,0.59,0.46,0.85,1.05,2.44,18.72,9.49,0.04,4.23,4.36,12.48,1.91,2.96,53,45,52.33,77,0.49,41.54,96,3.24,8.45,0.98,0.52,1.5,0.52,0.52,47,0.13,0.09,0,-0.03,0.19
Luca Connell,Barnsley,League One,1302,Defensive Midfielder,24,0.14,0.07,0.04,1.94,7,21,2,0.28,0.21,1.94,0.41,0.9,0.55,0.55,0.94,1.28,16.04,7.81,0.04,3.87,6.43,11.89,1.67,2.61,39,57,36.43,71,0.46,30.07,94,3.67,8.23,1.31,0.83,2.14,0.28,0.41,35,0.13,0.1,0.03,-0.01,0.24
Archie Collins,Peterborough United,League One,1352,Defensive Midfielder,25,0,0.02,0.03,0.67,0,30,1,0.13,0.05,0.47,0.13,0.33,0.13,0.73,1.1,1.17,16.77,9.98,0.05,4.92,3.33,9.52,2.06,3.16,53,58,49.04,88,0.44,41.66,96,4.41,5.86,0.2,0.6,0.8,0,0.07,33,-0.01,0.06,0.11,0,0.16
James Brophy,Cambridge United,League One,958,Defensive Midfielder,30,0,0.06,0.09,0.66,0,43,1,0.19,0.1,1.13,0.19,0.47,0.19,0.94,0.61,0.5,20.67,12.12,0.03,4.42,4.04,8.55,1.54,2.15,40,42,29.87,75,0.44,25.27,91,5.46,6.76,0.66,0.85,1.5,0,0.47,56,0.07,0.07,0.04,0,0.18
Matthew Smith,Wigan Athletic,League One,994,Defensive Midfielder,24,0.09,0.03,0.04,0.82,11,11,1,0.18,0.05,0.91,0.27,0.27,0.18,0.27,0.87,1.38,19.11,10.51,0.02,3.8,3.99,9.87,2.37,3.24,44,39,49.28,90,0.25,41.3,99,5.75,8.61,0.82,0.54,1.36,0.27,0,0,0.06,0.08,0.03,0.01,0.19
Silko Thomas,Wigan Athletic,League One,884,Winger,20,0,0.06,0.06,1.02,0,30,2,0,0.12,0.71,0,1.93,0.92,1.73,0.38,1.04,29.82,15.16,0.01,2.85,3.05,5.9,2.11,2.49,31,38,25.75,64,0.34,28.19,83,6.82,7.73,1.12,1.22,2.34,0.1,0.51,14,0.11,0.1,0,-0.03,0.17
Christopher Hamilton,Blackpool,League One,958,Winger,30,0.19,0.14,0.14,1.03,18,64,2,0.09,0.16,0.75,0.28,2.07,1.22,1.31,2.04,1.91,17.38,8.27,0.01,4.79,3.57,6.95,1.84,3.89,43,38,23.67,69,0.37,22.64,85,7.93,6.39,0.75,2.54,3.29,0,0.75,35,0.09,0.13,0.05,-0.01,0.26
Louie Barry,Stockport County,League One,1212,Winger,21,0.52,0.28,0.09,3.19,16,42,6,0.07,0.14,1.04,0.59,4.08,2.15,2.67,0.79,0,14.93,6.76,0.01,2.45,3.71,5.87,0.81,1.59,33,18,19.46,79,0.54,28.45,79,6.8,8.76,1.34,4.53,5.87,0.07,0.74,48,0.13,0.14,0.02,0.06,0.35
Malik Mothersille,Peterborough United,League One,1213,Winger,21,0.22,0.24,0.2,1.19,19,69,3,0.22,0.07,0.67,0.45,2.3,1.19,1.85,0.33,0.5,18.33,10.24,0.01,2.6,1.63,3.86,0.83,1.16,46,24,21.15,72,0.37,24.41,79,7.64,6.31,0.89,4.3,5.19,0.07,0.37,22,0.05,0.13,-0.01,0.08,0.25
Jordan Shipley,Shrewsbury Town,League One,605,Winger,27,0.15,0.03,0.03,0.89,17,17,1,0,0.02,0.45,0.15,1.04,0.59,0.45,0.32,0.46,21.85,14.87,0,2.68,3.42,6.84,0.09,0.41,50,46,21.41,60,0.15,15.46,93,4.38,5.5,0.3,1.19,1.49,0,0.59,33,-0.02,0.02,0.01,-0.03,-0.02
Scott Sinclair,Bristol Rovers,League One,663,Winger,36,0.27,0.2,0.07,2.72,10,25,6,0,0.05,0.68,0.27,0.68,0.41,1.22,0.23,0.36,10.46,5.97,0.02,0.54,3.26,5.02,0.24,0.47,0,23,15.48,74,0.41,17.79,85,7.03,6.38,0.68,3.53,4.21,0,0.27,40,-0.02,0.06,0.09,-0.11,0.02
Keshi Anderson,Birmingham City,League One,743,Winger,30,0.36,0.17,0.09,1.94,19,25,2,0.12,0.1,1.21,0.48,2.18,0.85,1.7,0.99,0.39,19.39,9.57,0.02,3.27,5.09,7.39,2.94,3.93,13,17,35.27,81,0.55,37.69,87,4.84,14.18,2.18,5.33,7.51,0,0.97,35,0.08,0.19,0.01,-0.03,0.25
Oliver O'Neill,Leyton Orient,League One,1041,Winger,22,0,0.07,0.04,1.56,0,33,2,0,0.03,0.61,0,1.56,0.35,1.47,1.27,0.88,26.28,12.88,0.01,4.67,5.01,7.35,2.71,3.98,50,26,23,69,0.22,22.13,81,5.48,7.78,0.86,3.46,4.32,0.09,0.26,17,-0.04,0.04,0.03,-0.06,-0.04
Kelvin Ehibhatiomhan,Reading,League One,972,Winger,22,0.19,0.19,0.11,1.76,11,32,4,0.09,0.18,1.02,0.28,3.7,1.11,2.04,0.17,1.45,18.79,9.07,0.03,3.24,3.24,5.18,0.93,1.09,11,36,18.89,70,0.34,25.92,74,6.73,6.39,0.74,4.35,5.09,0.09,0.56,29,0.1,0.06,0.02,0.09,0.27
Tariqe Fosu,Northampton Town,League One,626,Winger,29,0.43,0.14,0.07,1.87,23,46,2,0.29,0.13,1.87,0.72,3.16,1.58,3.16,0.61,0.38,27.17,12.22,0,4.89,5.18,7.91,2.27,2.88,67,24,25.45,77,0.37,32.78,78,6.38,10.93,1.58,3.16,4.74,0,0.43,38,0.1,0.22,0.07,-0.03,0.36
James McClean,Wrexham,League One,1301,Full Back,36,0.14,0.09,0.07,1.18,12,12,2,0.07,0.08,0.69,0.21,0.55,0.42,1.18,0.85,1.34,16.33,9.13,0,3.81,3.11,6.85,1,1.85,50,59,28.37,69,0.45,21.94,92,4.17,7.13,0.62,2.77,3.39,0.07,0.69,28,0.09,0.04,0.01,-0.1,0.05
Harry Forster,Crawley Town,League One,672,Full Back,25,0.13,0.06,0.05,1.07,13,25,1,0.13,0.1,1.07,0.27,3.22,0.94,1.61,1.74,2.53,16.22,5.23,0,2.41,2.55,8.31,2.85,4.59,83,23,27.07,74,0.45,29.08,84,7.21,8.18,1.21,3.48,4.69,0,0.8,38,0.12,0.1,0.02,-0.05,0.19
Bryant Akono Bilongo,Bristol Rovers,League One,751,Full Back,23,0.12,0.06,0.1,0.6,20,40,1,0.24,0.11,0.6,0.36,1.44,0.96,1.2,1.24,2.58,16.9,8.03,0.04,2.64,2.88,7.91,0.86,2.1,50,56,23.61,51,0.37,16.9,81,5.99,4.55,0.6,1.44,2.04,0,0.12,14,0.06,0.04,0.02,0.01,0.14
Jeremy Kelley,Crawley Town,League One,1238,Full Back,27,0.07,0.02,0.04,0.51,14,29,0,0.07,0.12,2.18,0.15,1.82,1.02,1.45,1.22,1.2,13.45,7.05,0.02,2.33,3.49,8.22,1.95,3.17,58,33,41.44,80,0.4,38.97,91,5.73,13.02,0.87,1.96,2.84,0.29,0.65,39,0.01,0.08,0.02,-0.01,0.1
Stephen McLaughlin,Mansfield Town,League One,810,Full Back,34,0,0.05,0.05,0.89,0,38,1,0.33,0.07,0.78,0.33,1.44,0.89,1,0.89,1.66,11.77,5.66,0.02,1.78,3.11,8.33,0.72,1.61,63,66,36.53,65,0.4,30.87,92,4.89,7.55,1,2.11,3.11,0.11,0.89,32,0.15,0.04,0.05,-0.01,0.23
Szabolcs Schön,Bolton Wanderers,League One,1223,Full Back,24,0.07,0.08,0.06,1.25,6,29,1,0.07,0.15,1.62,0.15,2.06,0.96,1.03,1.49,1.86,18.33,8.61,0,3.83,3.16,8.17,2.4,3.89,61,41,33.2,76,0.32,32.53,89,4.42,10.97,1.62,2.87,4.49,0.07,0.59,29,0.2,0.05,0.01,0,0.26
Tomas Kalinauskas,Burton Albion,League One,963,Full Back,25,0.09,0.14,0.07,1.87,5,45,3,0.19,0.11,1.12,0.28,1.96,0.93,2.24,1.47,1.9,26.64,12.24,0.01,3.74,4.67,9.16,1.58,3.04,31,56,29.63,69,0.4,30,83,6.97,10.09,1.68,2.34,4.02,0.09,0.93,33,0.08,0.11,0.01,0.04,0.24
Dylan Williams,Burton Albion,League One,757,Full Back,21,0,0.01,0.05,0.24,0,0,0,0,0.02,0.48,0,0.71,0.48,0.59,1.53,1.97,18.56,8.56,0.04,4.4,2.14,7.02,2.05,3.58,71,36,41.99,79,0.47,37.23,96,4.71,9.75,1.78,0.48,2.26,0.12,0.24,14,0.09,0.07,0.03,-0.02,0.17
Mickel Miller,Huddersfield Town,League One,1003,Full Back,29,0,0.03,0.05,0.72,0,25,1,0.09,0.23,1.97,0.09,1.7,1.08,1.97,1.46,1.98,18.3,9.33,0.02,4.22,3.95,9.87,2.07,3.53,50,52,34.81,61,0.5,33.19,88,6.05,9.24,1.61,1.97,3.59,0.18,2.06,44,0.25,0.11,0,-0.02,0.34
Joshua Edwards,Charlton Athletic,League One,749,Full Back,25,0,0,0.01,0.12,0,100,0,0.24,0.04,0.72,0.24,0.36,0.12,0.96,1.05,3.28,13.59,6.37,0.03,2.89,3.73,9.86,2.47,3.52,82,56,35.11,62,0.32,27.17,95,4.09,5.41,0.12,0.36,0.48,0,0.48,13,0.1,0.04,0.02,0.01,0.16
Panutche Camará,Crawley Town,League One,742,Attacking Midfielder,28,0,0.14,0.1,1.33,0,36,2,0.12,0.12,1.09,0.12,2.06,1.33,1.82,0.74,0.87,26.08,12.86,0.04,5.46,5.82,10.92,1.91,2.65,46,41,40.75,82,0.31,43.3,90,5.84,12.74,0.61,3.03,3.64,0.36,0.36,33,-0.02,0.07,0.07,-0.01,0.1
Ben Whitfield,Burton Albion,League One,1008,Attacking Midfielder,29,0.09,0.1,0.05,1.96,5,36,4,0.27,0.19,0.89,0.36,1.88,0.89,0.45,0.44,1.14,12.95,5.27,0.01,2.68,3.04,5.98,0.54,0.98,44,45,22.5,62,0.26,23.75,86,5.75,6.25,0.71,2.95,3.66,0.09,0.36,15,0.06,0.1,0.01,-0.06,0.12
Luca Hoole,Shrewsbury Town,League One,792,Full Back,22,0,0.01,0.06,0.23,0,0,0,0,0.06,0.34,0,0.91,0.45,0.11,1.14,2.72,21.49,9.21,0.02,5.34,1.82,8.98,3.11,4.25,76,65,29.11,65,0.25,19.44,94,3.92,5.8,0.34,1.02,1.36,0.11,0.34,25,0.17,0.03,0.03,-0.02,0.2
Callum Connolly,Stockport County,League One,770,Full Back,27,0,0.02,0.03,0.47,0,25,0,0.12,0.01,0.12,0.12,0.23,0.12,0.58,0.74,2.32,12.27,5.37,0.06,3.04,3.86,10.16,1.54,2.28,55,59,34.82,76,0.22,25.47,95,4.23,5.84,0.35,1.17,1.52,0,0,0,0.1,0.05,0.02,-0.02,0.15
Joe Rafferty,Rotherham United,League One,1170,Full Back,31,0,0.02,0.03,0.54,0,14,1,0.08,0.1,1.38,0.08,0.23,0.08,0.15,0.85,1.67,9.69,4.69,0.02,2.38,3.92,8.69,0.7,1.55,43,47,29.15,69,0.23,20.08,97,3.39,7.23,1.46,0.38,1.85,0.08,1,43,0.27,0.03,-0.05,-0.01,0.25
Michael Craig,Reading,League One,1300,Full Back,22,0.07,0.02,0.03,0.48,14,14,0,0,0.02,0.35,0.07,0.48,0.21,1.32,1.09,1.49,12.88,6.72,0.03,3.95,3.25,9.42,1.23,2.32,45,28,44.86,80,0.39,37.8,95,5.25,8.38,0.35,0.69,1.04,0,0.21,19,0.12,0.05,0.04,0,0.21
Luther Wildin,Stevenage,League One,1077,Full Back,27,0,0.02,0.1,0.17,0,50,0,0,0.03,0.25,0,0.42,0.08,0.42,1.97,2,15.54,6.85,0.06,4.51,4.43,11.62,1.38,3.35,90,56,32.84,68,0.15,25.91,95,5,5.1,0.67,0.84,1.5,0.08,0.25,27,0.08,0.04,-0.04,-0.01,0.07
Sean Clare,Leyton Orient,League One,806,Full Back,28,0.11,0.02,0.04,0.56,20,20,1,0.11,0.02,0.34,0.22,1.12,1.01,0.34,1.55,2.45,16.31,7.15,0.01,4.13,5.14,11.06,2.35,3.9,77,77,44.91,78,0.2,32.28,98,4.56,8.71,0.67,0.45,1.12,0.11,0.11,14,0.06,0.06,0.07,-0.04,0.15
Thomas James,Leyton Orient,League One,822,Full Back,29,0.22,0.04,0.06,0.66,33,50,0,0.22,0.17,1.97,0.44,0.44,0.33,0.22,0.74,2.81,10.4,5.15,0.01,3.17,5.15,12.04,1.98,2.72,50,36,42.81,65,0.27,29.56,98,3.95,9.31,1.64,0.44,2.08,0.22,0.77,26,0.4,0.04,0.02,0.06,0.52
Taylor Moore,Bristol Rovers,League One,971,Full Back,28,0,0.07,0.08,0.83,0,33,0,0,0.04,0.56,0,0.56,0.37,0.74,1.55,4.53,13.17,7.23,0.03,3.71,3.06,10.85,1.69,3.24,57,68,37.55,67,0.31,29.02,96,4.34,5.75,0.83,1.48,2.32,0.19,0.46,38,0.18,0.02,0.06,0.01,0.27
Jordan Lawrence-Gabriel,Blackpool,League One,920,Full Back,26,0,0.1,0.18,0.59,0,50,0,0.2,0.03,0.49,0.2,0.49,0.29,1.27,1.45,3.12,10.67,4.01,0.08,4.01,2.84,9.59,0.71,2.16,0,66,40.8,75,0.62,36.79,95,4.59,5.58,0.39,1.27,1.66,0.1,0.2,33,0.11,0.07,0.07,0.01,0.26
Jack Grimmer,Wycombe Wanderers,League One,1049,Full Back,31,0,0.01,0.03,0.34,0,0,0,0,0.01,0.09,0,0.69,0.34,0.51,1.59,3.08,11.06,4.03,0.05,2.32,3.77,11.15,1.85,3.44,75,55,37.73,71,0.42,29.5,95,3.7,8.15,0.43,0.51,0.94,0.17,0,0,0.18,0.04,-0.01,-0.01,0.2
James Carragher,Wigan Athletic,League One,641,Full Back,22,0,0,0.03,0.14,0,0,0,0,0.07,0.7,0,0.14,0,0.42,1.69,3.72,13.91,8.15,0.05,3.51,3.51,10.53,0.72,2.42,20,68,46.63,80,0.31,35.54,96,4.22,10.11,0.7,0.42,1.12,0.14,0.56,50,0.12,0.04,0.07,-0.01,0.22
Akin Odimayo,Northampton Town,League One,682,Full Back,25,0,0.01,0.04,0.13,0,0,0,0,0.02,0.26,0,0.4,0.26,0.4,0.74,1.34,11.34,3.96,0.05,2.77,2.9,8.97,1.22,1.96,100,47,27.17,72,0.34,20.04,94,4.12,4.75,0.26,0.26,0.53,0,0.53,67,0.06,0.04,-0.03,0,0.07
Sam Curtis,Peterborough United,League One,815,Full Back,19,0,0.01,0.07,0.11,0,0,0,0,0.14,0.77,0,0.44,0.33,1.33,1.94,3.45,16.57,6.19,0.03,5.41,1.88,9.06,2.49,4.43,55,59,45.63,77,0.18,40.88,93,4.19,8.06,0.99,0.66,1.66,0.11,0.88,33,0.12,0.09,-0.03,-0.01,0.17
Kane Smith,Stevenage,League One,633,Full Back,29,0,0,0.03,0.14,0,100,0,0,0.03,0.43,0,0.14,0.14,0.43,1.87,2.38,11.95,6.68,0.05,2.84,5.4,10.95,1.63,3.5,46,41,31.29,65,0.09,23.75,96,3.62,8.39,0.57,0.71,1.28,0,0.14,14,0.13,0.08,0.03,0,0.24
Max Cleworth,Wrexham,League One,981,Full Back,22,0.28,0.09,0.15,0.64,43,43,0,0.09,0.02,0.37,0.37,0.28,0.28,0.09,0.86,1.62,10.73,5.69,0.06,3.58,2.48,9.82,0.96,1.82,70,67,32.38,70,0.33,22.38,99,5.44,4.4,0.28,1.38,1.65,0.09,0.09,50,0.1,0.04,-0.05,0.09,0.17
Adam Jackson,Lincoln City,League One,749,Full Back,31,0.24,0.06,0.08,0.72,33,33,1,0.12,0.05,0.24,0.36,0.12,0.12,0.12,0.67,2.65,11.65,6.01,0.09,3.96,1.32,10.09,0.48,1.16,67,59,25.34,60,0.15,14.53,99,3.9,2.28,0.36,1.8,2.16,0,0.12,25,0.07,0.02,0,-0.05,0.04
Toto Nsiala,Shrewsbury Town,League One,840,Full Back,33,0.11,0.12,0.14,0.86,13,38,0,0,0.04,0.21,0.11,0.11,0,0.21,0.71,3.48,11.67,6,0.04,5.14,1.5,10.49,1.23,1.93,63,70,28.27,70,0.29,18.53,98,3.45,1.29,0.21,2.46,2.68,0,0,0,0.08,0.05,0.03,-0.03,0.13
Morgan Feeney,Shrewsbury Town,League One,1113,Full Back,26,0,0.06,0.1,0.65,0,25,0,0.08,0.02,0.24,0.08,0.08,0,0.32,0.82,4.7,8.97,4.37,0.11,3.8,1.29,10.59,0.96,1.78,0,64,32.17,70,0.22,21.34,98,4.41,3.4,0.08,1.7,1.78,0.08,0,0,0.06,0.03,0.07,-0.09,0.07
Eoin Toal,Bolton Wanderers,League One,915,Full Back,26,0.1,0.11,0.22,0.49,20,40,0,0,0,0,0.1,0.1,0,0.3,0.9,2.59,12.49,7.38,0.05,3.44,3.74,12.2,2.9,3.8,65,68,49.57,77,0.42,40.81,98,5.45,7.97,0.2,1.48,1.67,0,0.2,67,0.05,0.04,0.06,0.04,0.19
Cameron Humphreys,Rotherham United,League One,1316,Full Back,26,0.07,0.13,0.19,0.68,10,40,0,0,0,0.07,0.07,0.21,0.14,0.34,1.12,3.23,7.18,3.49,0.03,2.46,1.5,10.6,0.53,1.65,60,53,29.95,80,0.32,21.47,97,5.74,2.67,0.27,1.57,1.85,0,0,0,0.03,0.02,0,-0.03,0.03
Amadou Mbengue,Reading,League One,1362,Full Back,23,0.07,0.04,0.09,0.4,17,33,0,0,0.01,0.2,0.07,0.59,0.4,0.79,1.27,3.67,12.42,7.4,0.08,4.16,2.31,11.82,2.17,3.44,62,58,40.43,72,0.53,33.29,96,6.27,3.43,0.53,1.12,1.65,0,0.07,7,0.18,0.08,0.08,0.04,0.38
Alex Mitchell,Charlton Athletic,League One,1295,Full Back,23,0.07,0.08,0.2,0.42,17,50,0,0,0,0.14,0.07,0.28,0.14,0.35,1.31,6.19,9.87,4.1,0.07,3.48,2.64,11.82,1.13,2.44,63,53,40.46,72,0.25,27.53,98,3.82,2.64,0.21,1.6,1.81,0,0,0,0.06,0.03,0.1,0,0.19
Pierce Sweeney,Exeter City,League One,1264,Full Back,30,0,0.04,0.06,0.64,0,22,0,0.07,0.04,0.36,0.07,0.28,0.21,0.43,1.58,4.4,10.33,4.84,0.06,2.49,2.63,14.03,1.21,2.79,64,71,56.04,76,0.37,44.58,98,3.72,8.19,1.07,0.78,1.85,0.07,0.28,27,0.24,0.06,0.07,-0.03,0.33
Omar Beckles,Leyton Orient,League One,1161,Full Back,33,0,0.01,0.03,0.31,0,0,0,0,0,0.08,0,0.31,0.15,0.08,1.5,4.87,9.69,4.18,0.11,3.02,2.25,12.17,1.12,2.63,79,69,44.87,78,0.18,31.31,99,4.44,1.86,0.08,0.93,1.01,0,0.08,50,0,0.04,-0.01,-0.01,0.02
James Wilson,Bristol Rovers,League One,1392,Full Back,36,0.06,0.04,0.11,0.39,17,33,0,0,0.02,0.26,0.06,0.32,0.19,0.39,1.52,3.69,10.02,4.91,0.06,3.56,2.91,14.16,1.28,2.8,88,67,31.03,68,0.18,20.62,96,4.74,2.2,0.19,0.58,0.78,0,0.13,22,0.09,0.03,0.06,0.04,0.22
Conner Taylor,Bristol Rovers,League One,826,Full Back,23,0,0.04,0.07,0.65,0,17,0,0,0.01,0.11,0,0.11,0,0,1.21,4.06,9.92,4.36,0.09,3.92,1.42,12.42,1.39,2.6,71,74,25.28,67,0.2,15.8,96,5.92,0.54,0.11,2.29,2.4,0,0.11,50,-0.03,0.02,0.06,-0.03,0.01
Christoph Klarer,Birmingham City,League One,1183,Full Back,24,0,0.08,0.18,0.46,0,17,0,0.08,0.05,0.3,0.08,0.61,0.38,0.61,1.53,7.35,9.2,3.42,0.09,4.34,3.19,12.17,2.56,4.09,86,74,80.32,87,0.74,67.55,99,4.4,13.54,0.61,0.91,1.52,0.23,0.08,20,0.13,0.07,-0.02,-0.05,0.14
Tobias Mullarkey,Crawley Town,League One,1470,Full Back,29,0,0.02,0.04,0.55,0,11,0,0,0.02,0.18,0,1.35,1.04,0.55,1.2,5.75,9,3.18,0.01,3.98,2.88,12.56,1.16,2.37,86,63,55.12,83,0.4,46.12,97,5.68,8.27,0.43,0.98,1.41,0,0.12,14,0.06,0.11,-0.04,-0.03,0.1
Charlie Barker,Crawley Town,League One,629,Full Back,22,0,0.02,0.04,0.43,0,33,0,0.14,0.02,0.29,0.14,0.43,0.14,0.14,0.74,6.41,8.73,3.29,0.07,4.43,4.01,14.73,1.12,1.86,75,55,59.08,74,0.45,46.35,98,3.8,3.72,0.14,0.29,0.43,0,0.14,100,0,0.07,0.1,-0.01,0.16
Odeluga Offiah,Blackpool,League One,993,Full Back,22,0.09,0.02,0.09,0.27,33,33,0,0,0,0.09,0.09,0.73,0.45,0.18,1.18,2.23,13.14,6.62,0.05,4.26,2.18,10.43,2.72,3.9,38,60,50.31,89,0.45,42.06,98,4.43,1.9,0.09,0.91,1,0,0.09,50,0.04,0.06,-0.11,0.01,0.01
Joe Low,Wycombe Wanderers,League One,1384,Full Back,23,0.13,0.04,0.1,0.39,33,50,0,0,0.04,0.33,0.13,0.39,0.33,0.26,0.83,5.26,6.05,2.21,0.06,2.73,2.28,12.55,0.35,1.18,29,70,41.87,80,0.42,31.66,99,4.49,2.34,0.2,1.89,2.08,0.13,0.07,100,0.03,0.03,0.01,0.04,0.11
Jordan Bowery,Mansfield Town,League One,808,Full Back,33,0,0,,0,,,0,0,0.04,0.33,0,0.22,0,0.78,1.14,3.82,11.7,5.79,0.03,1.34,2.34,9.36,1.04,2.18,75,74,39.67,82,0.2,30.98,96,5.02,6.24,0.56,0.33,0.89,0,0.22,100,0.08,0.04,0.03,,0.15
Alex Bannon,Burton Albion,League One,638,Full Back,21,0,0.01,0.03,0.28,0,100,0,0,0.01,0.14,0,0.42,0.28,0.71,0.65,3.94,17.21,9.03,0.02,6.77,4.09,12.84,2.26,2.9,40,56,36.12,72,0.33,24.55,95,5.88,4.8,0.14,0.56,0.71,0.14,0,0,0.06,0.09,0.04,0.03,0.21
Terence Vancooten,Burton Albion,League One,1011,Full Back,27,0,0.02,0.04,0.53,0,0,0,0,0,0.18,0,0.62,0.36,0.27,1.68,5.59,10.15,5.08,0.1,3.56,0.8,11.66,0.95,2.63,83,60,47.01,75,0.27,37.39,97,4.98,1.42,0.18,0.53,0.71,0,0.09,50,0.05,0.06,-0.05,-0.02,0.03
Mael Durand de Gevigney,Barnsley,League One,1378,Full Back,25,0,0.03,0.1,0.33,0,0,0,0,0.01,0.2,0,0.52,0.26,0.2,1.83,3.69,12.87,6.07,0.11,3.27,3.4,14.5,1.69,3.52,75,76,35.27,72,0.31,25.8,97,5.88,3,0.33,1.05,1.37,0.07,0,0,0.05,0.05,0.06,-0.04,0.12
Jack Baldwin,Northampton Town,League One,1134,Full Back,31,0.08,0.02,0.06,0.4,20,60,0,0,0.01,0.16,0.08,0.24,0.16,0.16,0.82,3.93,9.76,4.44,0.08,4.28,1.9,10.16,0.48,1.29,33,67,32.93,65,0.25,20.79,99,3.72,1.75,0.08,1.9,1.98,0.16,0.08,100,0.07,0.02,0.06,0.04,0.19
Matty Pearson,Huddersfield Town,League One,720,Full Back,31,0.38,0.14,0.19,0.75,50,50,0,0,0,0,0.38,0.38,0.13,0.38,2.17,4.83,7.25,3.25,0.12,3.25,3.63,12.38,1.11,3.28,57,58,46.88,74,0.59,35.01,98,4.4,5.5,0,2,2,0,0,0,0.08,0.02,0.03,0.08,0.2
Tom Lees,Huddersfield Town,League One,1238,Full Back,34,0,0.09,0.12,0.73,0,20,0,0.07,0.02,0.22,0.07,0,0,0.15,2.15,5.28,7.63,3.85,0.03,3.42,2.25,13.95,1.17,3.32,50,71,48.48,83,0.4,35.32,99,3.8,5.09,0.36,2.11,2.47,0,0,0,0.08,0.03,0.05,-0.09,0.07
Emmanuel Fernandez,Peterborough United,League One,1302,Full Back,23,0.21,0.07,0.1,0.69,30,40,0,0,0,0,0.21,0.69,0.55,0.41,1.01,7.1,10.16,4.84,0.08,3.18,1.04,12.09,1.65,2.66,50,72,63.79,86,0.5,53.83,98,6.13,2.97,0.14,1.45,1.59,0.07,0,0,-0.01,0.1,0.05,0.03,0.16
Fraser Horsfall,Stockport County,League One,1327,Full Back,28,0.07,0.08,0.09,0.88,8,38,0,0.07,0.08,0.41,0.14,0.2,0,0.2,0.74,5.64,8.35,3.6,0.09,2.85,1.63,13.98,1.16,1.9,100,83,48.85,83,0.44,34.4,99,3.68,2.17,0.07,2.99,3.05,0,0.14,67,0.1,0.04,0,0.03,0.16
Jubril Okedina,Cambridge United,League One,847,Full Back,24,0,0.07,0.08,0.85,0,25,0,0,0.01,0.11,0,0,0,0.21,0.63,2.16,10.09,6.16,0.06,3.5,4.04,12.11,0.85,1.48,71,60,33.77,63,0.19,22.62,98,4.62,4.78,0.11,2.23,2.34,0,0.11,20,0.1,0.02,0.09,-0.02,0.19
Jason Kerr,Wigan Athletic,League One,1364,Full Back,28,0,0.05,0.08,0.59,0,11,0,0,0.02,0.33,0,0.59,0.26,0.46,1.41,4.34,9.3,4.29,0.1,3.1,2.38,13.59,1.11,2.52,57,66,61.69,81,0.35,48.1,98,5.51,4.35,0.26,1.52,1.78,0,0,0,0.02,0.05,0.03,-0.04,0.06
Sam Nombe,Rotherham United,League One,1189,Centre Forward,26,0.23,0.33,0.15,2.2,10,45,5,0.15,0.1,0.98,0.38,1.21,0.45,2.8,0.21,0.25,27.25,12.26,0.01,3.41,3.03,3.79,1.65,1.86,0,23,11.13,61,0.32,16.96,63,6.73,5.3,0.83,5,5.83,0.23,0.61,44,-0.01,0.05,-0.01,-0.13,-0.09
Jack Marriott,Wrexham,League One,713,Centre Forward,30,0.63,0.37,0.16,2.27,28,67,6,0,0,0,0.63,1.26,0.51,2.02,0.04,0.41,27.91,9.85,0.01,4.04,2.4,3.66,0.32,0.36,0,17,11.24,72,0.42,15.03,69,6.05,4.42,0.13,5.05,5.18,0,0,0,-0.08,-0.03,0,0.09,-0.02
Kyle Joseph,Blackpool,League One,1277,Centre Forward,23,0.35,0.36,0.17,2.18,16,39,4,0.07,0.17,1.06,0.42,1.62,0.78,1.97,0.59,0.71,24.17,10.85,0.02,4.02,3.24,4.58,0.61,1.2,25,38,18.68,66,0.59,20.09,75,6.52,6.48,0.7,6.98,7.68,0.14,0.21,33,-0.03,0.07,0.05,0.04,0.13
Will Evans,Mansfield Town,League One,1094,Centre Forward,27,0.41,0.31,0.13,2.3,18,46,5,0,0.05,0.66,0.41,1.4,0.82,2.3,0.53,0.44,29.11,14.39,0.02,4.28,2.63,3.95,1.24,1.77,0,25,17.68,75,0.42,19.82,78,4.72,6.17,0.58,6.5,7.07,0.16,0.16,15,-0.05,-0.06,0.06,0,-0.05
Tom Bayliss,Lincoln City,League One,617,Defensive Midfielder,26,0,0.05,0.04,1.17,0,38,2,0.44,0.18,1.02,0.44,1.02,0.44,0.73,0.13,0.51,22.17,12.11,0.02,4.23,4.96,8.17,0.83,0.96,33,65,20.13,58,0.15,16.77,87,6.44,5.69,1.17,2.04,3.21,0,0.58,44,0.16,0.06,0.01,-0.06,0.18
Dom Jefferies,Lincoln City,League One,805,Defensive Midfielder,23,0,0.05,0.06,0.78,0,14,2,0.22,0.08,1.01,0.22,0.89,0.67,1.56,0.65,0.74,27.26,15.98,0.01,5.03,4.25,8.05,1.64,2.29,36,45,26.48,70,0.09,23.8,88,5.19,8.83,0.78,2.01,2.79,0,0.56,36,0.09,0.07,0.04,-0.04,0.16
Greg Docherty,Charlton Athletic,League One,1010,Defensive Midfielder,28,0.09,0.09,0.09,0.98,9,45,1,0,0.04,0.53,0.09,0.98,0.53,1.52,0.46,1.14,23.44,12.48,0.01,4.55,7.22,13.19,1.53,1.99,63,50,31.46,74,0.27,23.35,89,4.61,8.29,1.07,1.87,2.94,0,0.27,38,0.08,0.04,0.04,-0.06,0.09
Anthony Evans,Huddersfield Town,League One,703,Defensive Midfielder,26,0.26,0.19,0.07,2.56,10,30,3,0,0.14,1.54,0.26,0.51,0.13,1.15,1.52,0.82,21.25,10.37,0.05,3.71,6.4,10.24,2.25,3.77,67,32,30.86,65,0.47,24.07,89,3.85,8.96,0.51,1.66,2.18,0,0.38,38,0.19,0.06,0.07,0.12,0.44
Benjamin Elliott,Reading,League One,1125,Defensive Midfielder,22,0.16,0.07,0.05,1.52,11,26,2,0.16,0.11,1.12,0.32,1.92,0.96,3.12,0.18,1.49,30.08,14.96,0.03,5.84,6.32,11.36,3.06,3.25,67,30,34.72,81,0.48,37.76,86,5.18,10.8,1.12,1.36,2.48,0.16,0,0,0.04,0.14,0.02,-0.02,0.18
Daniel Phillips,Stevenage,League One,1149,Defensive Midfielder,24,0,0.02,0.03,0.63,0,25,1,0,0.03,0.55,0,0.78,0.31,0.94,0.94,0.93,23.66,11.36,0.05,3.29,6.5,10.5,2.04,2.98,58,45,23.66,73,0.2,20.53,86,4.31,6.74,0.24,0.94,1.18,0.08,0.31,57,0.01,0.04,0.09,-0.03,0.12
Joe Powell,Rotherham United,League One,1282,Defensive Midfielder,26,0,0.03,0.03,1.05,0,20,1,0.21,0.26,2.25,0.21,2.18,0.77,1.62,1.37,1.1,20.64,10.88,0.03,3.86,7.37,13.27,1.57,2.94,56,55,31.25,65,0.3,27.53,85,5.72,7.93,0.84,0.42,1.26,0.14,0.77,28,0.32,0.06,0.02,-0.03,0.36
Jordan Rossiter,Shrewsbury Town,League One,664,Defensive Midfielder,28,0,0.04,0.07,0.68,0,40,0,0,0.02,0.27,0,0.27,0,0.27,1.49,1.23,24.94,10.98,0.02,7.32,5.56,12.06,3.05,4.54,47,46,32.93,70,0.38,21.96,94,2.59,6.23,0.41,1.08,1.49,0.14,0,0,0.03,0.06,0.09,-0.07,0.11
Carl Winchester,Shrewsbury Town,League One,746,Defensive Midfielder,32,0.12,0.02,0.02,0.84,14,29,1,0,0.01,0.36,0.12,0.36,0.24,0.36,1.57,1.89,26.06,12.55,0.01,6.51,4.58,11.58,3.4,4.97,42,43,31.72,78,0.18,25.93,96,5.04,6.03,0.36,0.72,1.09,0,0,0,0.03,0.06,0.09,-0.01,0.17
Jay Matete,Bolton Wanderers,League One,746,Defensive Midfielder,24,0,0.04,0.06,0.72,0,0,1,0,0.06,0.72,0,1.57,0.96,1.57,0.95,0.88,20.26,7.96,0.03,4.95,4.34,9.29,1.79,2.74,50,57,42.94,88,0.39,41.61,92,5.73,10.74,0.96,1.09,2.05,0,0.24,67,-0.03,0.11,0.05,-0.04,0.08
Donay Kaylin O'Brien-Brady,Peterborough United,League One,642,Defensive Midfielder,21,0.14,0.03,0.04,0.7,20,40,1,0.14,0.06,0.84,0.28,0.98,0.42,1.12,1.07,0.69,20.88,11.07,0.04,3.5,4.06,6.59,0.42,1.49,0,9,40.77,87,0.64,39.23,93,4.07,6.16,0.42,0.98,1.4,0,0.14,17,-0.04,0.07,0.03,0,0.08
Christ Tiéhi,Rotherham United,League One,991,Defensive Midfielder,26,0,0.06,0.06,0.91,0,10,1,0.09,0.03,0.55,0.09,0.55,0.36,1.09,0.96,0.83,19.08,9.99,0.03,4.72,7,13.45,1.85,2.81,75,54,33.44,81,0.39,26.35,94,4.32,8.18,0.36,1.64,2,0,0.09,33,-0.01,0.12,0.02,-0.09,0.04
Jamie Lindsay,Bristol Rovers,League One,666,Defensive Midfielder,29,0.27,0.05,0.06,0.95,29,29,1,0,0.03,0.54,0.27,0.27,0.14,0.14,1.56,1.46,14.46,8.65,0.04,3.38,6.08,11.75,0.87,2.42,33,40,35.13,77,0.32,26.75,97,3.91,8.38,0.27,1.08,1.35,0,0.27,29,0.08,0.05,0.1,0.08,0.31
Grant Ward,Bristol Rovers,League One,696,Defensive Midfielder,30,0.13,0.06,0.08,0.78,17,33,1,0.26,0.12,0.78,0.39,0.78,0.26,1.81,0.71,0.86,18.23,8.15,0.02,3.88,6.46,10.73,1.23,1.94,57,50,29.74,72,0.34,24.57,88,4.75,6.98,0.52,1.81,2.33,0,0.26,29,0.03,0.05,0.04,0.07,0.18
Bradley Ibrahim,Crawley Town,League One,734,Defensive Midfielder,20,0,0,0.03,0.12,0,100,0,0,0.03,0.74,0,0.98,0.74,1.35,1.17,2.03,27.82,13.48,0.04,5.27,4.9,11.52,4.66,5.83,75,30,42.15,82,0.37,38.97,93,4.62,6.86,0.61,0.49,1.1,0,0,0,-0.01,0.09,0.1,0,0.18
Jay Williams,Crawley Town,League One,1114,Defensive Midfielder,24,0,0.06,0.06,0.89,0,18,1,0,0.08,0.4,0,0.32,0.08,1.13,1.36,4.48,16.72,6.54,0.03,4.12,3.8,11.15,1.11,2.47,44,55,49.27,84,0.31,38.12,94,4.67,5.9,0.32,1.53,1.86,0.08,0,,0,0.03,-0.09,-0.05,-0.11
Josh Scowen,Wycombe Wanderers,League One,1220,Defensive Midfielder,32,0,0.09,0.09,0.96,0,23,1,0.07,0.09,0.96,0.07,0.37,0.22,1.25,1.63,2.32,18.44,9.66,0.05,4.13,6.27,10.92,1.43,3.06,46,44,30.47,79,0.63,24.42,92,5.39,8.63,1.11,1.84,2.95,0.22,0.44,86,0.08,0.08,0.03,-0.05,0.14
Paul Digby,Cambridge United,League One,1131,Defensive Midfielder,30,0,0.01,0.09,0.16,0,0,0,0,0.02,0.24,0,0.16,0.16,0.56,0.82,2.05,15.99,9.39,0.04,4.53,5.17,12.25,1.19,2.01,25,64,40.73,83,0.33,29.36,97,4.01,4.53,0.48,0.95,1.43,0.08,0.32,100,0.02,0.04,0.05,-0.02,0.09
Jordan Brown,Leyton Orient,League One,1053,Defensive Midfielder,23,0,0.02,0.03,0.77,0,22,1,0,0.07,0.77,0,0,0,0.6,1.26,1.59,14.1,6.15,0.1,3.42,5.3,11.96,1.54,2.79,100,52,40.92,72,0.28,29.22,97,3.91,8.97,0.51,0.43,0.94,0.17,0.09,25,0.05,0.09,0.01,-0.01,0.14
Babajide Adeeko,Wigan Athletic,League One,674,Defensive Midfielder,22,0,0.07,0.13,0.53,0,25,1,0,0.01,0.27,0,0.27,0.13,0.8,0.46,1.45,18.96,9.48,0.05,3.2,5.07,7.88,1.55,2.01,43,58,28.57,78,0.25,20.56,88,4.39,6.01,0.13,1.47,1.6,0,0.27,33,-0.01,-0.01,0.04,-0.05,-0.04
George Thomason,Bolton Wanderers,League One,823,Defensive Midfielder,24,0.11,0.08,0.07,1.09,10,10,1,0,0.04,0.98,0.11,0.66,0.22,0.33,0.82,0.95,20.67,10.82,0.03,3.17,5.03,10.28,1.87,2.69,44,47,43.41,81,0.4,34.55,95,4.18,11.26,0.55,2.19,2.73,0,0.11,14,0,0.11,0,-0.04,0.07
Kgagelo Chauke,Burton Albion,League One,884,Defensive Midfielder,22,0,0.03,0.08,0.41,0,50,1,0,0,0,0,1.43,0.81,1.43,1.56,1.69,25.16,11.61,0.02,7.03,2.55,9.68,3.03,4.59,68,44,34.53,84,0.23,34.02,91,5.61,5.19,0.2,0.51,0.71,0,0,0,-0.04,0.07,0.06,0.03,0.13
David Kasumu,Huddersfield Town,League One,659,Defensive Midfielder,25,0.14,0.03,0.03,0.82,17,67,1,0,0.02,0.41,0.14,0.41,0.27,1.64,1.24,0.52,26.78,13.53,0.02,3.96,4.1,8.2,3.06,4.3,80,35,26.92,78,0.27,26.92,90,4.03,6.01,0.68,0.55,1.23,0.14,0.14,25,-0.04,0.06,0.09,-0.01,0.1
Hector Kyprianou,Peterborough United,League One,633,Defensive Midfielder,24,0,0.04,0.07,0.57,0,25,0,0.14,0.03,0.28,0.14,1,0.43,0.43,2.88,2.88,19.05,9.38,0.04,5.83,2.84,9.53,2.42,5.31,40,52,51.18,85,0.36,40.38,95,4.05,8.1,0.57,1.42,1.99,0.14,0,,0.04,0.06,-0.01,-0.02,0.07
Callum Camps,Stockport County,League One,774,Defensive Midfielder,29,0,0.05,0.06,0.81,0,0,1,0,0.09,0.81,0,1.28,1.05,0.58,1.65,1.82,17.45,7.91,0.08,4.19,3.61,9.19,1.84,3.49,43,45,32.1,80,0.37,29.54,94,5.98,6.98,0.58,1.28,1.86,0,0.23,33,0,0.08,0.05,-0.04,0.09
Oliver Norwood,Stockport County,League One,756,Defensive Midfielder,34,0,0.01,0.03,0.48,0,25,0,0.12,0.19,1.55,0.12,0,0,0.6,0.68,1.25,15.35,9.52,0.04,3.45,5.59,12.26,1.7,2.38,33,71,58.43,82,0.46,43.91,98,2.93,9.88,0.48,0,0.48,0.12,0.24,29,0.21,0.06,0,-0.02,0.24
Karoy Anderson,Charlton Athletic,League One,695,Defensive Midfielder,20,0,0.03,0.07,0.39,0,33,1,0,0.04,0.39,0,1.55,0.65,2.33,0.97,1.09,25.9,13.73,0.02,4.27,4.53,9.06,1.37,2.34,38,50,27.07,77,0.21,23.44,84,3.95,6.6,0.26,1.81,2.07,0.13,0.26,33,0.02,0.02,0.03,0,0.06
Louis Thompson,Stevenage,League One,1000,Defensive Midfielder,30,0.18,0.04,0.05,0.9,20,20,1,0.18,0.06,0.63,0.36,0.45,0.09,0.81,0.9,0.91,18.91,9.63,0.03,2.7,6.75,11.08,1.25,2.15,57,58,28.18,79,0.22,20.98,92,4.06,6.57,0.36,0.63,0.99,0.09,0.09,33,0.06,0.06,0.1,0.01,0.22
Tomoki Iwata,Birmingham City,League One,844,Defensive Midfielder,28,0.32,0.03,0.04,0.85,38,38,1,0.11,0.05,1.17,0.43,0.85,0.64,0.96,2.27,1.5,11.62,4.9,0.02,3.73,6.82,11.2,2.21,4.49,78,65,59.71,89,0.64,48.3,97,3.46,14.93,0.85,0.96,1.81,0,0.32,38,-0.02,0.09,0.05,0.04,0.16
Lee Evans,Blackpool,League One,1293,Defensive Midfielder,30,0.07,0.05,0.04,1.53,5,14,1,0.35,0.27,3.41,0.42,0.49,0.21,0.7,0.95,1.51,18.31,11.28,0.02,5.57,6.62,13.58,1.66,2.6,46,75,61.69,78,0.59,44.49,97,3.77,11.21,1.39,0.28,1.67,0.07,0.97,42,0.33,0.06,0.05,-0.04,0.39
Elias Kachunga,Cambridge United,League One,617,Winger,33,0.15,0.14,0.14,1.02,14,43,2,0,0.11,1.31,0.15,1.17,0.87,1.31,0.47,0.94,16.62,5.83,0.01,2.77,5.83,7.73,1.43,1.9,33,40,22.75,71,0.4,21.44,80,5.42,8.02,0.73,3.65,4.37,0,0.73,63,0,0.06,0.07,-0.01,0.12
Robert Apter,Blackpool,League One,1077,Winger,22,0.08,0.13,0.06,2.17,4,23,3,0,0.11,1.17,0.08,2.67,1.25,2.34,0.56,0.61,18.89,7.77,0,3.26,4.93,7.69,1.62,2.19,38,11,28,67,0.51,33.85,83,7.3,7.94,0.92,3.01,3.93,0.08,0.5,23,0.03,0.15,0.02,-0.02,0.17
Kwame Poku,Peterborough United,League One,1434,Winger,23,0.63,0.25,0.1,2.64,24,48,3,0.31,0.21,1.25,0.94,3.51,1.69,2.7,0.15,0.53,15.37,7.34,0.01,2.57,3.07,5.77,1.55,1.7,61,21,30.68,76,0.4,39.02,84,7.18,8.91,1.44,4.83,6.27,0.25,0.38,21,0.07,0.12,0.02,0.09,0.3
Jordan Roberts,Stevenage,League One,1181,Winger,31,0.08,0.06,0.05,1.3,6,29,1,0,0.07,1.14,0.08,1.37,0.46,2.21,0.7,0.49,23.17,11.74,0.03,3.73,5.41,7.24,0.94,1.65,25,39,26.45,63,0.26,26.3,80,5.46,9.68,0.38,2.97,3.35,0,0.3,17,-0.03,0.04,0.09,-0.07,0.04
Dion Rankine,Wigan Athletic,League One,840,Winger,22,0.11,0.07,0.07,1.07,10,40,2,0,0.08,0.86,0.11,2.25,0.96,1.07,0.22,0.36,17.03,9.75,0.02,2.46,2.89,5.14,0.97,1.2,55,8,25.71,78,0.3,27.21,86,5.94,11.14,1.29,3.11,4.39,0,0.86,36,0.02,0.1,0.02,-0.01,0.14
Garath McCleary,Wycombe Wanderers,League One,924,Winger,38,0.19,0.09,0.1,0.88,22,33,1,0.29,0.23,1.36,0.49,2.63,0.97,1.85,0.61,0.07,12.57,4.87,0.02,1.95,4.29,6.24,0.99,1.6,50,55,27.08,66,0.56,26.21,81,6.77,9.55,1.46,3.51,4.97,0.19,1.36,42,0.14,0.1,0.01,0.05,0.3
Tom Bloxham,Shrewsbury Town,League One,723,Winger,21,0.25,0.12,0.08,1.49,17,33,2,0,0.14,1.37,0.25,2.61,1.37,2.49,0.55,0.21,19.05,9.71,0,3.36,4.73,7.47,1.11,1.65,50,28,23.28,57,0.25,27.51,76,7.91,8.22,1.37,1.49,2.86,0,1.99,48,0.11,0.12,0.01,0.04,0.28
Mitch Pinnock,Northampton Town,League One,1261,Winger,30,0.14,0.08,0.05,1.57,9,36,3,0.14,0.1,1.36,0.29,1.29,0.5,1.14,0.72,0.38,19.56,10.42,0.02,2.43,3.78,6.35,0.8,1.52,39,38,21.06,63,0.28,19.35,85,5.2,6.57,0.71,2.14,2.86,0,0.86,30,0.18,0.04,0.04,-0.01,0.24
Sam Hoskins,Northampton Town,League One,911,Winger,32,0,0.1,0.05,1.88,0,26,5,0.1,0.03,0.4,0.1,1.09,0.59,1.09,1,0.69,21.93,11.16,0.01,2.77,3.95,5.73,0.45,1.44,25,28,15.61,62,0.18,15.9,83,5.85,4.05,0.79,2.37,3.16,0.1,0.4,36,0.02,0.11,0.04,-0.07,0.1
Chem Campbell,Reading,League One,692,Winger,22,0.39,0.22,0.13,1.69,23,46,3,0.13,0.05,0.65,0.52,1.95,1.17,2.73,0.47,0.41,22.89,8.58,0.01,2.6,3.38,5.59,1.19,1.66,40,36,21.72,75,0.38,27.05,77,6.27,8.19,0.78,4.42,5.2,0,0.26,22,0.02,0.13,0.04,0.06,0.25
Jack Diamond,Stockport County,League One,675,Winger,25,0.13,0.3,0.17,1.73,8,38,3,0,0.07,0.93,0.13,4.94,2.67,2.4,0.52,0.59,16.41,7.2,0.04,2.27,3.87,6.67,1.43,1.96,20,19,23.34,69,0.58,32.01,79,7.16,8.27,0.67,3.2,3.87,0,0.53,31,0.05,0.22,0.07,0.08,0.42
Elliott Hewitt,Mansfield Town,League One,779,Full Back,31,0,0.01,0.02,0.46,0,0,1,0.23,0.12,1.04,0.23,1.73,0.35,0.23,0.54,1.63,17.45,8.32,0.02,4.16,3.24,8.9,1.11,1.65,38,75,32.83,70,0.37,25.43,91,5.48,6.59,1.27,1.85,3.12,0,1.27,39,0.17,0.07,-0.02,-0.02,0.2
Ryan Barnett,Wrexham,League One,1229,Full Back,25,0.07,0.03,0.05,0.59,13,50,1,0.37,0.2,1.9,0.44,2.42,1.03,0.88,0.53,1.19,11.94,4.98,0.03,2.05,2.78,8.42,1.15,1.68,67,27,28.57,62,0.36,28.06,91,7.5,8.06,2.42,1.25,3.66,0.15,2.2,48,0.29,0.14,0.06,-0.02,0.48
Josh Dacres-Cogley,Bolton Wanderers,League One,1270,Full Back,29,0,0.01,0.04,0.14,0,0,0,0.14,0.1,1.06,0.14,0.99,0.43,1.21,1.91,1.34,19.57,8.65,0.01,4.68,3.05,8.58,1.83,3.74,43,34,41.4,80,0.46,35.52,93,4.79,12.55,1.56,1.63,3.19,0,0.99,54,0.17,0.12,0.01,-0.01,0.3
Udoka Godwin-Malife,Burton Albion,League One,720,Full Back,25,0.12,0.12,0.11,1.12,11,33,1,0.12,0.18,1,0.25,1.37,0.37,2.25,1.07,2.1,12.37,7,0.02,2.62,3,9,1.1,2.18,50,66,26.36,75,0.39,27.74,82,7.92,6.12,1,3.25,4.25,0,0.5,36,0.11,0.11,0.04,0.06,0.32
James Gibbons,Cambridge United,League One,813,Full Back,27,0,0.03,0.04,0.66,0,17,1,0,0,0,0,0.44,0.22,0.44,1.1,2.57,15.95,9.19,0.02,3.99,3.1,8.08,1.44,2.54,38,56,26.03,66,0.22,19.6,94,4.57,4.54,0.11,1.11,1.22,0,0.11,10,0.05,0.02,-0.01,-0.03,0.05
Liam Bennett,Cambridge United,League One,845,Full Back,23,0,0.02,0.03,0.64,0,67,1,0,0.11,1.28,0,0.75,0,1.38,0.94,1.46,15.12,8.41,0.01,3.73,3.41,6.71,1.06,2,54,29,24.07,61,0.3,23.64,86,5.25,5.75,0.64,1.06,1.7,0,0.53,17,0.23,0.03,0.01,-0.01,0.26
Ilmari Niskanen,Exeter City,League One,1266,Full Back,27,0.07,0.15,0.11,1.35,5,11,3,0.07,0.13,1.21,0.14,0.85,0.43,0.71,1.25,2.23,17.56,9.38,0.02,4.19,2.77,7.04,2.02,3.28,53,50,26.94,66,0.35,22.53,90,5.91,7.82,0.85,3.41,4.27,0.07,0.71,26,0.08,0.05,0.04,-0.02,0.15
Luke Thomas,Bristol Rovers,League One,714,Full Back,26,0,0.03,0.07,0.5,0,0,1,0.25,0.18,1.89,0.25,0.76,0.25,1.14,0.27,1.07,21.69,12.36,0.01,4.29,3.91,8.58,1.74,2.01,23,35,24.22,71,0.22,23.08,84,5.9,7.19,0.5,1.77,2.27,0.25,0.63,56,0.09,0.07,0.03,-0.04,0.14
Junior Quitirna,Crawley Town,League One,783,Full Back,25,0.34,0.32,0.14,2.3,15,25,3,0,0.04,1.26,0.34,3.91,2.3,1.49,1.74,1.76,18.39,9.08,0.02,4.02,3.22,5.98,1.33,3.07,38,17,22.65,82,0.41,31.15,85,6.73,9.54,1.03,1.95,2.99,0.11,0,0,-0.06,0.21,0.05,0.09,0.3
Jack McMillan,Exeter City,League One,1253,Full Back,27,0,0.04,0.1,0.36,0,40,0,0,0.02,0.36,0,0.14,0.07,0.43,1.23,1.72,17.23,7.83,0.03,3.88,2.58,6.32,1.33,2.56,50,33,33.17,85,0.3,27.79,96,3.35,6.03,0.22,1.15,1.36,0,0.14,22,0.04,0.02,0.02,-0.02,0.06
Tendayi Darikwa,Lincoln City,League One,1381,Full Back,33,0.07,0.08,0.11,0.78,8,17,1,0.13,0.08,0.72,0.2,1.17,0.33,0.85,1.04,0.94,16.16,8.08,0.01,3.26,5.54,11.01,1.39,2.42,63,45,26.58,66,0.17,19.55,89,4.24,6.45,1.24,1.69,2.93,0,0.33,26,0.1,0.05,0.03,0.01,0.19
Alex Gilliead,Shrewsbury Town,League One,1162,Full Back,29,0,0.03,0.05,0.54,0,0,1,0,0.02,0.31,0,1.16,0.54,1.39,0.42,0.65,25.56,12.16,0.02,6.12,4.41,9.29,2.04,2.47,35,53,27.34,76,0.3,23.93,88,5.16,8.37,0.46,1.24,1.7,0,0.39,45,0.02,0.05,0.03,-0.03,0.07
Barry Cotter,Barnsley,League One,802,Full Back,26,0,0.05,0.05,1.01,0,33,2,0.22,0.13,1.23,0.22,2.47,0.9,2.02,1.16,1.42,18.06,7.29,0,3.81,5.05,12.79,2.01,3.17,60,66,28.15,58,0.39,26.13,79,7.02,6.17,1.35,1.46,2.8,0,1.01,35,0.28,0.1,0,-0.05,0.34
Corey O'Keeffe,Barnsley,League One,895,Full Back,26,0,0.01,0.04,0.2,0,0,0,0.3,0.2,2.31,0.3,2.31,1.11,0.9,1.17,1.95,15.38,7.44,0.02,3.42,4.02,9.65,1.37,2.54,36,51,33.87,71,0.28,28.95,91,5.65,9.65,1.31,1.61,2.92,0,0.9,45,0.24,0.08,0.01,0,0.33
Lasse Sørensen,Huddersfield Town,League One,846,Full Back,25,0,0.01,0.02,0.32,0,0,1,0.21,0.11,1.17,0.21,0.96,0.53,0.85,0.51,1.55,17.34,8.51,0.03,2.98,3.94,8.08,1.03,1.54,64,48,34.04,62,0.35,30.1,91,4.35,8.72,1.17,1.06,2.23,0,0.64,26,0.09,0.05,-0.07,-0.02,0.04
Kayne Ramsay,Charlton Athletic,League One,922,Full Back,24,0,0.01,0.03,0.29,0,0,1,0,0.01,0.2,0,2.83,1.95,1.27,1.19,1.42,15.52,6.93,0.02,3.61,3.61,9.86,2.24,3.43,57,45,27.91,71,0.13,27.32,88,6.28,6.25,0.68,0.59,1.27,0,0.39,33,0.05,0.08,0.05,-0.01,0.17