Name,Team,Minutes,Primary Position,NP Goals,xG,xG/Shot,Shots,Shooting%,Shot Touch%,Assists,xG Assisted,Key Passes,Scoring Contribution,Dribbles,Successful Dribbles,Dispossessed,PAdj Interceptions,PAdj Clearances,Defensive Actions,Aggressive Actions,Blocks/Shot,Defensive Regains,Ball Recov. F2,Ball Recoveries,PAdj Tackles,Dribbles Stopped%,Aerial Win%,Passing%,Long Ball%,xGBuildup,Carry Length,OP F3 Passes,PinTin,Successful Crosses,Crossing%
Jack Aitchison,Exeter City,639,Attacking Midfielder,0.0,0.13,0.1,1.27,11.0,1,0.0,0.1,1.55,0.0,1.55,0.42,2.25,1.04,0.0,20.13,8.73,0.0,2.96,3.8,6.62,1.1,67.0,14,81,61,0.28,5.85,10.28,5.49,0.84,60.0
Davis Keillor-Dunn,Barnsley,432,Attacking Midfielder,0.21,0.11,0.1,1.04,40.0,2,0.0,0.12,1.46,0.21,0.62,0.21,2.5,0.09,0.14,26.43,11.86,0.02,3.75,2.91,5.62,1.21,67.0,36,73,64,0.27,4.72,7.91,2.91,0.21,20.0
Ruel Sotiriou,Bristol Rovers,598,Attacking Midfielder,0.15,0.23,0.17,1.35,11.0,4,0.15,0.05,0.75,0.3,1.65,0.6,2.26,0.13,0.68,22.56,13.39,0.01,4.06,2.56,3.91,0.25,0.0,20,73,33,0.24,5.04,4.21,4.06,0.0,0.0
Daniel Phillips,Stevenage,699,Attacking Midfielder,0.0,0.01,0.02,0.51,25.0,1,0.0,0.04,0.51,0.0,0.51,0.26,0.9,0.87,0.8,25.48,13.51,0.05,2.96,6.69,10.55,2.19,57.0,55,72,48,0.22,4.19,6.56,0.9,0.26,67.0
Daniel Kemp,Stevenage,621,Attacking Midfielder,0.0,0.17,0.08,2.17,27.0,5,0.0,0.03,0.72,0.0,0.43,0.14,1.3,0.61,0.07,23.61,11.3,0.0,3.48,3.62,5.94,0.81,43.0,28,59,38,0.17,6.87,6.08,5.36,0.14,10.0
Thelo Aasgaard,Wigan Athletic,808,Attacking Midfielder,0.22,0.21,0.09,2.34,33.0,3,0.0,0.03,0.67,0.22,1.22,0.45,1.11,0.41,1.23,20.6,11.8,0.04,3.01,3.56,5.34,1.46,20.0,36,82,60,0.3,5.54,7.68,4.68,0.0,0.0
Ethan Galbraith,Leyton Orient,778,Attacking Midfielder,0.35,0.09,0.08,1.16,40.0,1,0.12,0.07,0.69,0.46,1.39,0.58,1.5,1.18,0.52,24.63,13.18,0.01,4.63,6.59,9.6,1.03,44.0,41,80,48,0.3,7.65,12.72,4.05,0.35,38.0
Luke McCormick,Bristol Rovers,320,Attacking Midfielder,0.28,0.11,0.1,1.13,25.0,2,0.0,0.12,0.56,0.28,0.0,0.0,1.13,0.39,1.3,19.42,12.1,0.0,5.63,5.63,8.44,0.42,0.0,56,67,50,0.39,4.82,6.76,3.1,0.56,25.0
Joel John Randall,Peterborough United,575,Attacking Midfielder,0.31,0.32,0.16,2.03,46.0,3,0.0,0.07,1.25,0.31,1.09,0.78,2.35,0.53,0.0,18.15,8.13,0.01,2.19,3.6,6.41,0.78,100.0,44,78,44,0.5,6.17,9.39,4.85,0.0,0.0
Willum Þór Willumsson,Birmingham City,681,Attacking Midfielder,0.26,0.3,0.15,1.98,60.0,2,0.26,0.12,0.66,0.53,0.79,0.53,1.72,1.12,1.62,19.04,8.2,0.02,4.76,4.23,6.61,1.52,20.0,44,83,65,0.59,4.39,12.17,4.36,0.0,0.0
Will Collar,Stockport County,640,Attacking Midfielder,0.0,0.16,0.11,1.41,50.0,2,0.0,0.15,1.83,0.0,0.7,0.42,0.99,0.8,0.74,26.45,11.82,0.02,3.94,4.36,6.75,1.94,67.0,27,73,67,0.58,4.23,7.32,4.5,0.28,40.0
John McAtee,Bolton Wanderers,423,Attacking Midfielder,0.43,0.14,0.07,2.13,50.0,3,0.0,0.05,1.06,0.43,2.13,1.28,1.49,0.8,0.46,18.52,5.75,0.0,4.26,2.98,4.47,2.45,50.0,33,68,50,0.46,4.95,9.79,5.53,0.43,22.0
Leo Castledine,Shrewsbury Town,563,Attacking Midfielder,0.32,0.39,0.11,3.52,18.0,4,0.0,0.0,0.0,0.32,0.96,0.48,3.2,0.24,1.22,31.52,16.16,0.01,5.12,2.88,6.08,1.65,0.0,46,65,62,0.23,6.5,6.72,6.08,0.16,17.0
Mallik Wilks,Rotherham United,817,Attacking Midfielder,0.22,0.13,0.04,3.19,24.0,7,0.0,0.12,1.43,0.22,3.97,1.87,2.64,0.13,0.36,21.15,9.36,0.0,2.64,5.18,6.28,0.44,33.0,31,65,52,0.22,7.02,6.5,6.28,1.1,53.0
Tommi O''Reilly,Shrewsbury Town,385,Attacking Midfielder,0.0,0.02,0.02,0.7,67.0,2,0.23,0.1,0.47,0.23,2.1,1.17,2.81,0.29,0.0,29.22,12.86,0.0,3.04,4.91,7.95,0.8,33.0,22,75,44,0.17,5.94,7.01,2.34,0.23,25.0
Cameron Humphreys,Wycombe Wanderers,480,Attacking Midfielder,0.37,0.13,0.05,2.44,46.0,3,0.0,0.03,0.94,0.37,1.31,0.75,0.94,1.03,1.06,30.72,12.36,0.04,2.25,5.24,7.12,2.74,0.0,23,72,33,0.7,3.97,12.18,6.18,0.19,13.0
Jamie Donley,Leyton Orient,468,Attacking Midfielder,0.0,0.05,0.04,1.15,0.0,2,0.0,0.1,1.35,0.0,0.77,0.38,1.73,0.63,1.26,20.76,10.57,0.0,3.65,3.08,5.77,1.46,33.0,31,69,39,0.21,4.47,9.81,3.65,0.38,22.0
James Wilson,Bristol Rovers,999,Centre Back,0.09,0.06,0.11,0.54,33.0,0,0.0,0.02,0.27,0.09,0.45,0.27,0.36,1.33,3.5,9.55,4.06,0.06,3.24,2.7,13.88,1.2,100.0,63,67,35,0.21,4.95,2.25,0.81,0.09,14.0
Ryan Sweeney,Burton Albion,797,Centre Back,0.0,0.08,0.12,0.68,0.0,0,0.0,0.01,0.11,0.0,0.11,0.11,0.11,0.75,8.87,10.73,4.29,0.11,5.76,1.02,11.64,1.91,25.0,66,84,43,0.24,5.31,1.36,2.26,0.0,0.0
Lloyd Jones,Charlton Athletic,992,Centre Back,0.09,0.1,0.12,0.82,33.0,0,0.0,0.0,0.09,0.09,0.0,0.0,0.27,0.96,7.07,9.8,4.17,0.1,4.17,2.27,12.79,1.13,75.0,72,77,51,0.34,5.26,2.9,2.99,0.0,0.0
Eoghan O'Connell,Wrexham,956,Centre Back,0.0,0.0,,0.0,,0,0.0,0.01,0.38,0.0,0.09,0.09,0.09,1.53,4.53,10.83,5.08,0.07,4.42,1.32,13.18,1.09,64.0,81,78,64,0.44,4.86,2.92,0.75,0.19,67.0
Donovan Pines,Barnsley,400,Centre Back,0.22,0.05,0.12,0.45,50.0,0,0.0,0.01,0.22,0.22,0.0,0.0,0.45,1.07,7.34,11.92,5.4,0.07,3.82,0.67,11.02,1.78,100.0,67,78,45,0.07,4.12,0.67,1.8,0.0,
Michael Morrison,Cambridge United,382,Centre Back,0.0,0.04,0.05,0.71,67.0,0,0.0,0.0,0.0,0.0,0.0,0.0,0.24,0.0,5.97,7.07,3.06,0.1,4.0,1.65,12.01,0.56,50.0,67,83,16,0.13,4.06,0.47,1.65,0.0,
Ricardo Santos,Bolton Wanderers,882,Centre Back,0.0,0.08,0.13,0.61,17.0,0,0.0,0.01,0.31,0.0,0.2,0.1,0.1,1.54,6.01,9.59,5.1,0.1,2.76,1.33,9.08,1.74,50.0,80,82,42,0.43,4.95,2.35,1.74,0.0,
Tristan Crama,Exeter City,792,Centre Back,0.11,0.06,0.08,0.8,14.0,0,0.0,0.0,0.0,0.11,0.11,0.0,0.23,1.45,6.39,8.98,4.78,0.05,4.43,1.36,11.37,0.9,100.0,72,86,59,0.3,4.66,0.91,1.48,0.0,0.0
Paudie O'Connor,Lincoln City,790,Centre Back,0.23,0.14,0.11,1.25,27.0,1,0.23,0.04,0.57,0.46,0.0,0.0,0.0,0.53,4.38,9.0,4.21,0.08,3.42,1.82,11.84,0.63,86.0,79,68,57,0.22,4.73,2.28,4.67,0.11,33.0
Michał Helik,Huddersfield Town,604,Centre Back,0.0,0.05,0.11,0.45,33.0,0,0.0,0.03,0.3,0.0,0.15,0.15,0.3,1.1,5.46,8.05,3.28,0.06,4.32,2.09,15.06,0.89,75.0,68,85,60,0.56,4.41,2.68,1.34,0.0,
Joy Mukena,Crawley Town,870,Centre Back,0.0,0.0,,0.0,,0,0.0,0.02,0.1,0.0,0.1,0.0,0.31,1.86,7.6,11.89,5.59,0.09,5.48,1.76,15.0,1.4,100.0,52,88,73,0.36,4.16,2.59,0.31,0.0,
Deji Oshilaja,Mansfield Town,883,Centre Back,0.1,0.08,0.16,0.51,60.0,0,0.0,0.06,0.1,0.1,0.2,0.1,0.1,0.96,3.59,7.95,3.98,0.11,4.08,1.53,13.05,0.83,71.0,73,83,54,0.41,5.02,2.65,1.53,0.0,
Joseph Hodge,Huddersfield Town,313,Defensive Midfielder,0.29,0.14,0.08,1.72,50.0,2,0.0,0.06,1.15,0.29,1.72,0.29,1.72,0.83,0.07,21.84,11.78,0.06,5.75,5.75,10.92,3.02,100.0,22,83,50,0.33,4.66,12.07,2.59,0.0,0.0
Josh Sheehan,Bolton Wanderers,664,Defensive Midfielder,0.14,0.04,0.04,0.95,43.0,1,0.41,0.13,0.95,0.54,0.68,0.14,1.08,0.81,1.22,14.22,7.99,0.03,4.61,3.66,6.91,2.06,71.0,46,81,45,0.4,5.21,7.18,1.76,0.54,40.0
Aaron Morley,Wycombe Wanderers,525,Defensive Midfielder,0.0,0.07,0.05,1.54,11.0,1,0.51,0.12,1.54,0.51,0.0,0.0,0.34,2.8,2.72,11.48,6.68,0.05,2.91,4.45,9.77,0.89,0.0,64,83,70,0.5,4.53,11.14,2.23,0.17,25.0
Ethan Erhahon,Lincoln City,895,Defensive Midfielder,0.0,0.0,,0.0,,0,0.0,0.01,0.3,0.0,0.4,0.2,0.4,0.91,0.49,16.18,8.34,0.05,3.32,6.53,11.96,0.77,63.0,47,82,59,0.16,4.5,5.73,0.1,0.0,
Lewis Wing,Reading,885,Defensive Midfielder,0.1,0.06,0.04,1.53,13.0,1,0.2,0.19,2.24,0.31,0.51,0.51,0.61,0.75,2.86,13.83,7.22,0.03,3.66,5.49,11.59,1.62,33.0,63,78,45,0.42,4.74,9.97,1.42,0.2,15.0
Eli King,Stevenage,350,Defensive Midfielder,0.0,0.04,0.08,0.51,0.0,1,0.0,0.07,0.51,0.0,0.77,0.51,0.26,0.78,1.28,19.01,11.3,0.03,2.57,6.68,11.81,1.48,57.0,35,71,38,0.15,4.49,7.19,1.28,0.0,
Conor Coventry,Charlton Athletic,975,Defensive Midfielder,0.0,0.02,0.03,0.74,13.0,1,0.0,0.05,0.92,0.0,0.92,0.55,0.46,1.5,2.55,22.16,13.02,0.04,5.54,6.37,13.57,2.24,79.0,59,77,44,0.33,4.4,8.4,1.29,0.55,27.0
George Dobson,Wrexham,982,Defensive Midfielder,0.0,0.0,0.02,0.09,0.0,0,0.18,0.04,0.64,0.18,0.64,0.55,0.64,0.59,1.06,25.58,15.96,0.04,5.5,4.95,11.65,1.65,40.0,46,80,79,0.49,3.7,5.41,1.19,0.18,50.0
Jack Sowerby,Northampton Town,456,Defensive Midfielder,0.0,0.0,,0.0,,0,0.0,0.0,0.0,0.0,0.0,0.0,0.0,0.99,1.84,9.88,6.52,0.05,2.57,3.16,10.07,0.83,40.0,25,83,63,0.19,3.18,2.96,0.0,0.0,
Liam Kelly,Rotherham United,347,Defensive Midfielder,0.26,0.04,0.03,1.3,20.0,2,0.0,0.05,0.78,0.26,0.0,0.0,0.78,1.3,0.95,20.5,11.42,0.09,4.93,10.9,18.68,1.44,80.0,87,71,64,0.53,3.03,8.04,1.04,0.52,67.0
Matthew Craig,Barnsley,727,Defensive Midfielder,0.0,0.0,0.03,0.12,0.0,0,0.0,0.02,0.25,0.0,0.62,0.25,0.74,1.28,1.77,28.61,15.86,0.01,5.95,4.21,10.16,3.38,62.0,47,81,61,0.35,4.9,4.09,0.0,0.0,
Jonathan Hogg,Huddersfield Town,610,Defensive Midfielder,0.0,0.04,0.28,0.15,0.0,0,0.0,0.01,0.3,0.0,0.44,0.15,0.3,2.03,1.55,25.09,14.02,0.03,5.17,6.79,12.1,2.91,75.0,69,83,48,0.42,2.91,6.94,0.59,0.0,0.0
Louis Reed,Mansfield Town,881,Defensive Midfielder,0.0,0.04,0.04,1.02,20.0,1,0.0,0.02,0.51,0.0,0.51,0.41,0.41,0.76,1.65,21.87,12.47,0.03,4.7,7.77,15.43,1.71,36.0,46,81,61,0.45,3.67,8.79,1.23,0.1,100.0
Dan Nlundulu,Cambridge United,402,Centre Forward,0.22,0.44,0.13,3.36,33.0,8,0.0,0.01,0.45,0.22,1.57,0.67,1.79,0.0,0.93,14.12,6.05,0.0,0.9,1.79,2.24,0.09,,26,56,0,0.31,5.34,4.48,6.28,0.0,0.0
Charlie Kelman,Leyton Orient,989,Centre Forward,0.27,0.25,0.1,2.64,52.0,9,0.09,0.02,0.45,0.36,2.09,0.73,1.27,0.0,0.27,18.83,8.01,0.01,2.64,3.18,4.64,0.18,0.0,20,66,50,0.22,7.33,4.91,5.1,0.18,20.0
Callum Morton,Northampton Town,532,Centre Forward,0.17,0.11,0.11,1.02,33.0,2,0.17,0.09,1.52,0.34,1.02,0.51,2.03,0.0,1.21,19.13,8.97,0.03,2.71,3.05,4.74,0.51,0.0,29,66,0,0.17,5.44,4.91,5.76,0.34,50.0
Richard Kone,Wycombe Wanderers,561,Centre Forward,0.48,0.43,0.14,3.05,26.0,4,0.0,0.13,0.96,0.48,1.44,0.8,2.25,0.63,1.03,25.37,9.47,0.03,5.14,3.85,5.46,0.93,100.0,39,67,55,0.61,4.92,7.87,9.79,0.48,33.0
Sam Smith,Reading,860,Centre Forward,0.21,0.22,0.13,1.78,41.0,3,0.0,0.04,0.63,0.21,0.21,0.1,0.52,0.13,1.3,12.35,5.96,0.03,1.57,2.62,3.77,0.47,0.0,37,65,50,0.16,4.07,4.4,5.65,0.21,33.0
Shayne Lavery,Cambridge United,466,Centre Forward,0.39,0.39,0.16,2.51,54.0,7,0.19,0.13,0.77,0.58,1.93,0.19,2.32,0.0,0.86,23.97,10.05,0.0,2.51,2.51,4.06,1.03,100.0,27,57,50,0.22,5.29,2.71,5.8,0.39,67.0
Ashley Fletcher,Blackpool,415,Centre Forward,0.22,0.37,0.17,2.17,40.0,4,0.43,0.19,1.73,0.65,0.65,0.22,1.3,0.71,0.9,26.65,11.27,0.04,4.12,3.25,4.77,0.68,0.0,18,72,100,0.43,5.41,6.72,7.58,0.43,100.0
Ricky-Jade Jones,Peterborough United,757,Centre Forward,0.24,0.38,0.27,1.43,50.0,7,0.0,0.14,0.71,0.24,1.43,0.36,1.07,0.33,1.43,20.21,8.8,0.02,3.8,1.66,2.73,0.44,0.0,32,43,40,0.34,11.67,1.78,3.45,0.36,27.0
Daniel Udoh,Wycombe Wanderers,496,Centre Forward,0.36,0.24,0.11,2.18,50.0,5,0.0,0.1,1.27,0.36,2.18,1.45,1.81,0.57,0.57,17.96,6.71,0.02,4.54,4.17,6.89,0.66,33.0,20,68,25,0.43,5.35,6.53,5.99,0.54,75.0
Joe Hugill,Wigan Athletic,524,Centre Forward,0.34,0.45,0.26,1.72,50.0,3,0.0,0.0,0.0,0.34,0.17,0.0,1.55,0.15,0.52,44.13,24.73,0.05,5.49,2.4,2.92,0.1,,14,65,80,0.6,4.4,2.92,3.95,0.0,
Freddie Draper,Lincoln City,355,Centre Forward,0.51,0.09,0.09,1.01,50.0,2,0.0,0.19,1.27,0.51,1.52,0.76,2.28,0.21,0.68,30.17,13.44,0.0,4.06,1.77,4.31,0.26,,30,67,67,0.17,3.47,4.56,4.31,0.0,0.0
Dale Taylor,Wigan Athletic,413,Centre Forward,0.44,0.19,0.13,1.52,71.0,3,0.22,0.02,1.09,0.65,1.31,0.65,3.27,0.32,0.28,32.89,14.81,0.0,4.57,2.18,4.57,1.02,67.0,23,86,100,0.22,5.57,5.88,5.01,0.0,
George Lloyd,Shrewsbury Town,856,Centre Forward,0.32,0.17,0.18,0.95,44.0,3,0.11,0.05,0.32,0.42,0.42,0.11,1.16,0.2,0.64,30.7,13.14,0.01,5.15,1.89,2.94,1.02,44.0,39,64,33,0.31,4.89,3.89,2.94,0.21,100.0
Sam Cosgrove,Barnsley,751,Centre Forward,0.12,0.23,0.1,2.28,21.0,5,0.12,0.09,0.84,0.24,0.24,0.24,1.2,0.24,1.15,16.06,6.47,0.0,2.28,2.64,3.48,0.11,25.0,62,60,100,0.39,2.66,5.03,7.79,0.24,33.0
Danilo Orsi-Dadamo,Burton Albion,707,Centre Forward,0.38,0.2,0.22,0.89,57.0,3,0.25,0.06,0.64,0.64,0.0,0.0,0.76,0.19,1.1,21.52,9.68,0.0,2.67,2.42,3.57,0.84,25.0,10,74,43,0.23,3.5,5.09,3.06,0.13,33.0
Rushian Hepburn-Murphy,Crawley Town,572,Centre Forward,0.16,0.07,0.07,0.94,33.0,3,0.0,0.01,0.16,0.16,1.73,0.31,2.36,0.2,0.0,17.62,7.08,0.01,3.62,1.42,2.52,0.72,0.0,13,78,33,0.24,7.73,5.35,3.62,0.16,100.0
Will Swan,Crawley Town,485,Centre Forward,0.19,0.18,0.14,1.3,71.0,5,0.0,0.02,0.74,0.19,0.74,0.37,0.74,0.0,0.82,19.65,7.97,0.0,3.52,1.48,2.22,0.9,67.0,10,81,67,0.17,5.89,3.15,3.71,0.19,50.0
Alfie May,Birmingham City,562,Centre Forward,0.64,0.51,0.24,2.08,69.0,4,0.0,0.07,0.96,0.64,0.96,0.48,1.44,1.06,0.54,18.58,8.81,0.02,4.65,3.2,4.32,0.51,0.0,9,82,67,0.67,4.87,8.17,5.29,0.48,60.0
Jay Stansfield,Birmingham City,424,Centre Forward,0.64,0.43,0.14,3.18,33.0,7,0.21,0.14,0.85,0.85,1.49,0.21,4.46,0.37,0.0,32.48,14.44,0.0,5.52,4.03,5.52,2.84,0.0,18,71,63,0.62,5.08,7.64,9.34,0.0,0.0
Tyreece Simpson,Stevenage,441,Centre Forward,0.0,0.07,0.17,0.41,50.0,2,0.0,0.09,1.02,0.0,1.22,0.82,1.63,0.0,0.39,24.29,9.8,0.03,3.47,3.67,4.49,0.11,0.0,15,71,50,0.17,5.63,5.51,2.04,0.2,50.0
Kyle Wootton,Stockport County,748,Centre Forward,0.48,0.5,0.18,2.77,39.0,6,0.24,0.12,1.44,0.72,0.96,0.6,1.68,0.17,0.57,25.14,11.19,0.03,4.09,3.61,4.69,0.84,100.0,57,58,57,0.55,3.49,5.53,8.06,0.24,40.0
Promise Omochere,Bristol Rovers,749,Centre Forward,0.24,0.2,0.11,1.92,31.0,4,0.12,0.09,0.84,0.36,0.96,0.36,2.04,0.06,1.38,21.75,9.25,0.02,4.21,3.37,5.05,0.82,100.0,36,64,29,0.37,4.97,5.05,5.65,0.24,29.0
Daniel Agyei,Leyton Orient,742,Centre Forward,0.24,0.1,0.07,1.46,25.0,4,0.12,0.04,0.61,0.36,1.33,0.49,4.37,0.25,0.74,19.16,9.46,0.0,2.91,4.12,5.22,0.47,,29,68,33,0.17,7.45,5.09,4.37,0.49,33.0
Josh Magennis,Exeter City,710,Centre Forward,0.0,0.13,0.17,0.76,17.0,2,0.13,0.13,0.76,0.13,0.51,0.38,0.76,0.0,0.74,13.05,4.31,0.02,1.77,1.52,2.66,0.53,,51,65,71,0.35,5.42,3.93,3.42,0.13,11.0
Dion Charles,Bolton Wanderers,599,Centre Forward,0.45,0.36,0.11,3.16,48.0,8,0.15,0.09,0.75,0.6,1.95,0.6,1.5,0.0,0.0,22.39,9.62,0.02,3.01,3.16,4.51,1.37,50.0,25,73,67,0.44,5.37,4.21,6.46,0.3,50.0
Jack Cooper Love,Burton Albion,489,Attacking Midfielder,0.37,0.09,0.08,1.1,50.0,2,0.0,0.07,1.1,0.37,1.47,0.55,0.92,0.63,0.5,28.14,12.14,0.0,2.94,3.31,5.7,1.64,25.0,23,80,71,0.19,6.33,8.28,5.33,0.0,
Billy Bodin,Burton Albion,302,Attacking Midfielder,0.89,0.34,0.1,3.28,45.0,5,0.0,0.13,1.49,0.89,3.58,0.89,0.89,0.83,2.9,17.6,7.46,0.03,4.18,4.77,8.95,1.45,100.0,33,63,78,0.55,4.43,8.05,6.56,0.0,0.0
Ronan Darcy,Crawley Town,913,Attacking Midfielder,0.0,0.1,0.04,2.66,33.0,2,0.2,0.05,0.59,0.2,2.17,1.08,1.58,0.11,0.43,15.68,8.68,0.01,2.56,4.64,6.61,0.98,25.0,0,86,53,0.31,6.4,16.47,3.94,0.1,14.0
Kamari Doyle,Exeter City,437,Attacking Midfielder,0.41,0.12,0.06,1.85,56.0,3,0.0,0.11,1.44,0.41,2.06,1.44,1.24,1.31,0.09,31.72,19.36,0.0,3.91,3.09,5.35,1.81,23.0,0,65,30,0.23,6.29,8.24,3.91,0.21,14.0
Aaron Collins,Bolton Wanderers,492,Attacking Midfielder,0.0,0.11,0.07,1.65,56.0,3,0.37,0.14,1.65,0.37,2.19,0.73,2.74,0.0,0.0,17.55,8.59,0.02,3.11,3.84,4.94,1.07,33.0,23,64,50,0.24,6.22,8.96,5.67,1.46,40.0
Cohen Bramall,Rotherham United,329,Full Back,0.0,0.06,0.1,0.55,0.0,1,0.0,0.09,0.55,0.0,0.55,0.27,0.82,0.59,1.7,14.23,6.57,0.03,3.56,2.74,7.94,2.2,80.0,83,73,47,0.11,5.78,7.66,1.64,0.82,25.0
Jack Sparkes,Peterborough United,908,Full Back,0.0,0.04,0.07,0.5,20.0,0,0.2,0.21,1.49,0.2,0.79,0.3,0.89,1.7,3.34,10.21,4.46,0.04,2.77,2.77,9.02,1.63,56.0,56,75,33,0.28,3.82,9.51,1.09,0.79,36.0
Mal Benning,Shrewsbury Town,1014,Full Back,0.0,0.03,0.04,0.62,43.0,1,0.27,0.15,1.86,0.27,0.71,0.18,0.53,0.85,2.41,16.87,7.72,0.04,3.91,5.42,10.03,1.33,65.0,56,65,30,0.28,5.09,8.88,1.78,0.71,35.0
Reece James,Rotherham United,870,Full Back,0.0,0.0,0.04,0.1,0.0,0,0.0,0.1,1.45,0.0,0.21,0.1,0.62,1.62,1.44,15.2,7.34,0.05,3.21,4.45,11.48,1.41,67.0,60,66,39,0.28,5.0,9.72,2.07,0.83,23.0
Dan Butler,Stevenage,748,Full Back,0.0,0.01,0.02,0.36,67.0,0,0.0,0.0,0.12,0.0,0.6,0.48,0.24,0.83,1.57,9.51,4.94,0.05,2.77,4.09,9.99,1.17,67.0,81,64,35,0.09,4.08,6.62,1.08,0.48,31.0
Luke Chambers,Wigan Athletic,924,Full Back,0.1,0.0,0.02,0.19,50.0,0,0.1,0.17,1.85,0.19,0.78,0.39,0.97,0.41,1.91,18.03,8.19,0.0,4.87,1.75,7.02,0.87,33.0,36,80,48,0.16,3.92,8.19,2.05,1.17,55.0
Kelvin Ampomah Opoku Abrefa,Reading,303,Full Back,0.0,0.07,0.08,0.89,33.0,1,0.0,0.01,0.3,0.0,1.19,1.19,1.78,1.26,2.44,19.31,7.72,0.04,4.75,3.27,10.1,1.01,75.0,32,78,38,0.19,6.44,7.72,0.3,0.0,
Jeriel Dorsett,Reading,411,Full Back,0.0,0.17,0.26,0.66,33.0,0,0.0,0.01,0.44,0.0,0.66,0.44,0.66,0.94,3.41,13.13,5.25,0.05,6.78,3.5,12.25,1.91,50.0,68,70,21,0.45,5.14,8.31,2.63,0.44,33.0
Alex Cochrane,Birmingham City,888,Full Back,0.0,0.01,0.04,0.3,0.0,0,0.1,0.07,0.81,0.1,0.2,0.2,0.61,1.58,2.61,10.54,5.07,0.03,3.95,3.04,9.22,1.16,44.0,41,83,46,0.52,3.97,10.64,1.32,0.41,22.0
Luke Mbete-Tabu,Northampton Town,527,Full Back,0.0,0.1,0.09,1.03,17.0,1,0.0,0.02,0.17,0.0,0.17,0.17,0.68,1.86,2.95,9.4,5.81,0.01,2.56,2.22,7.35,1.92,60.0,55,75,57,0.3,5.0,6.67,1.88,0.17,20.0
Lewis Freestone,Stevenage,384,Full Back,0.0,0.02,0.07,0.23,0.0,0,0.0,0.0,0.0,0.0,0.47,0.23,0.47,0.5,2.21,16.42,7.51,0.05,3.75,1.88,8.45,2.02,82.0,71,69,41,0.09,4.74,3.52,1.64,0.0,0.0
Daniel Harvie,Wycombe Wanderers,882,Full Back,0.1,0.02,0.04,0.61,17.0,1,0.0,0.15,1.43,0.1,1.02,0.82,0.71,1.1,3.23,13.98,6.02,0.05,3.06,2.75,9.18,2.26,75.0,56,72,39,0.39,5.36,8.77,2.55,0.71,37.0
Ibou Touray,Stockport County,738,Full Back,0.0,0.0,,0.0,,0,0.12,0.09,1.22,0.12,0.85,0.61,0.24,1.12,2.5,12.07,6.1,0.07,2.93,2.56,9.27,1.69,60.0,61,75,48,0.29,3.79,10.98,1.22,1.1,41.0
Jack Currie,Leyton Orient,596,Full Back,0.0,0.03,0.11,0.3,0.0,0,0.0,0.05,0.45,0.0,1.36,0.91,1.36,2.18,2.94,19.63,8.0,0.03,4.23,3.93,12.08,2.43,69.0,55,69,47,0.25,5.88,7.1,1.96,1.06,32.0
Hayden Coulson,Blackpool,533,Full Back,0.0,0.05,0.07,0.68,0.0,0,0.0,0.07,1.01,0.0,1.35,0.51,0.51,2.44,1.51,13.69,6.25,0.0,3.55,4.73,10.65,2.05,83.0,65,78,48,0.42,5.16,8.96,3.04,0.34,25.0
Josh Hughson Flint,Crawley Town,939,Centre Back,0.0,0.05,0.05,0.96,20.0,0,0.1,0.03,0.67,0.1,0.48,0.38,0.38,2.01,6.37,15.91,6.23,0.03,5.56,2.59,10.16,3.37,63.0,63,83,44,0.4,4.27,7.28,1.92,0.29,20.0
Jon Guthrie,Northampton Town,894,Centre Back,0.1,0.02,0.08,0.3,67.0,0,0.2,0.12,0.5,0.3,0.0,0.0,0.1,1.18,4.54,9.86,4.83,0.03,3.62,1.71,12.38,1.85,71.0,79,77,44,0.27,3.88,1.51,1.31,0.1,100.0
Krystian Bielik,Birmingham City,731,Centre Back,0.12,0.07,0.13,0.49,25.0,0,0.0,0.0,0.12,0.12,0.12,0.12,0.74,3.66,6.58,8.98,4.8,0.12,4.8,3.94,20.06,1.94,67.0,75,90,76,0.83,6.37,6.28,1.72,0.0,0.0
Seán Roughan,Lincoln City,895,Centre Back,0.1,0.03,0.05,0.5,60.0,0,0.2,0.08,1.21,0.3,0.2,0.1,0.1,0.8,1.68,9.75,5.43,0.05,3.02,2.51,9.15,0.2,43.0,55,58,39,0.21,5.12,6.03,1.91,0.7,23.0
Thomas O'Connor,Wrexham,952,Centre Back,0.0,0.01,0.04,0.28,0.0,0,0.09,0.03,0.38,0.09,0.09,0.09,0.47,0.33,3.03,11.16,6.24,0.02,2.93,1.61,10.87,0.88,57.0,67,68,44,0.48,4.8,5.58,0.66,0.0,0.0
Jack Armer,Burton Albion,581,Centre Back,0.0,0.01,0.08,0.15,0.0,0,0.0,0.0,0.15,0.0,0.31,0.31,0.0,0.96,3.46,13.17,5.73,0.0,5.42,2.01,10.54,1.94,70.0,37,74,38,0.27,3.66,6.35,1.86,0.31,25.0
Macauley Gillesphey,Charlton Athletic,817,Centre Back,0.0,0.0,,0.0,,0,0.0,0.05,0.55,0.0,0.11,0.0,0.33,0.77,4.3,13.0,7.82,0.04,4.52,4.19,14.54,1.79,47.0,71,59,35,0.26,3.06,6.06,0.99,0.22,25.0
Ethan Pye,Stockport County,893,Centre Back,0.1,0.03,0.09,0.3,33.0,0,0.1,0.05,0.3,0.2,0.2,0.2,0.2,1.09,4.88,14.01,6.76,0.07,4.94,2.62,15.83,2.27,85.0,79,79,51,0.41,5.32,5.34,1.31,0.2,67.0
Jamie McCart,Rotherham United,1044,Centre Back,0.0,0.07,0.07,1.03,50.0,0,0.0,0.01,0.17,0.0,0.09,0.09,0.0,1.02,5.81,11.81,6.21,0.08,2.85,1.81,14.57,1.49,60.0,78,72,41,0.23,3.85,2.85,2.76,0.0,0.0
Brodie Spencer,Huddersfield Town,618,Centre Back,0.0,0.04,0.07,0.58,25.0,0,0.0,0.04,0.58,0.0,0.44,0.15,0.15,3.6,3.25,21.27,8.31,0.08,6.12,2.62,9.18,3.89,58.0,57,76,46,0.37,6.3,7.87,1.75,0.44,25.0
Johnly Yfeko,Exeter City,887,Centre Back,0.0,0.01,0.03,0.2,0.0,0,0.1,0.08,0.41,0.1,0.71,0.41,1.22,1.32,3.52,16.85,7.61,0.07,3.45,1.73,7.0,1.98,54.0,60,80,51,0.32,4.3,3.55,0.91,0.2,67.0
George Johnston,Bolton Wanderers,679,Centre Back,0.0,0.05,0.06,0.8,0.0,0,0.0,0.02,0.53,0.0,0.27,0.13,0.13,0.8,7.28,9.54,4.11,0.08,3.84,3.58,12.72,1.76,67.0,58,80,29,0.36,4.84,9.68,2.25,0.0,0.0
Clinton Mola,Bristol Rovers,999,Centre Back,0.09,0.02,0.06,0.36,50.0,0,0.0,0.04,0.45,0.09,1.08,0.54,1.26,1.29,3.16,17.66,9.1,0.01,4.96,3.15,14.15,2.47,71.0,60,65,36,0.24,6.88,5.59,1.35,0.45,56.0
Daniel Happe,Leyton Orient,624,Centre Back,0.0,0.07,0.07,1.01,14.0,1,0.14,0.06,0.29,0.14,0.0,0.0,0.14,1.4,2.59,8.95,4.62,0.06,2.16,3.75,15.01,0.33,80.0,76,70,45,0.22,3.8,3.17,3.03,0.0,
Danny Andrew,Cambridge United,792,Centre Back,0.11,0.03,0.03,0.91,38.0,0,0.11,0.09,1.14,0.23,1.25,0.57,0.45,1.15,1.89,12.73,7.27,0.03,2.61,1.82,11.02,1.74,60.0,62,67,39,0.28,4.61,5.57,1.14,0.57,24.0
Josh Earl,Barnsley,982,Centre Back,0.0,0.03,0.08,0.37,50.0,1,0.0,0.03,0.73,0.0,0.64,0.27,0.27,1.19,2.58,15.3,7.15,0.06,4.4,2.11,9.44,1.84,70.0,67,72,44,0.39,5.06,7.7,3.39,0.46,71.0
Baily Cargill,Mansfield Town,442,Centre Back,0.0,0.06,0.15,0.41,0.0,0,0.0,0.01,0.41,0.0,0.2,0.2,0.0,1.16,2.23,13.24,6.11,0.02,3.87,1.83,8.76,1.75,55.0,62,72,48,0.36,7.04,4.89,2.24,0.2,33.0
Will Aimson,Wigan Athletic,948,Centre Back,0.0,0.04,0.11,0.38,50.0,0,0.0,0.0,0.09,0.0,0.28,0.19,0.09,1.25,4.54,13.48,7.31,0.05,5.03,1.52,11.49,1.81,71.0,68,85,47,0.25,5.03,3.32,1.33,0.09,100.0
Aaron Pierre,Shrewsbury Town,399,Centre Back,0.0,0.0,,0.0,,0,0.0,0.0,0.0,0.0,0.45,0.0,0.45,0.53,2.64,11.74,4.52,0.05,2.26,1.58,10.39,0.65,67.0,77,53,26,0.03,4.09,1.13,0.45,0.0,
Marc Roberts,Barnsley,900,Centre Back,0.2,0.08,0.13,0.6,67.0,0,0.0,0.0,0.1,0.2,0.1,0.1,0.5,1.01,5.62,12.2,6.2,0.1,5.8,1.8,13.3,1.45,50.0,69,69,36,0.32,4.37,1.7,1.9,0.1,10.0
Nigel Lonwijk,Huddersfield Town,575,Centre Back,0.0,0.03,0.06,0.47,33.0,0,0.0,0.04,0.63,0.0,0.0,0.0,0.47,2.9,2.56,11.1,5.47,0.06,3.75,2.97,14.23,2.73,57.0,70,80,42,0.33,4.31,7.82,2.66,0.63,80.0
Tyler Bindon,Reading,861,Centre Back,0.0,0.05,0.07,0.73,14.0,0,0.0,0.01,0.1,0.0,0.42,0.21,0.1,0.98,5.13,6.59,3.14,0.05,2.93,1.57,10.77,1.26,40.0,73,82,49,0.37,5.94,1.46,2.2,0.0,
Carl Piergianni,Stevenage,983,Centre Back,0.09,0.06,0.05,1.37,20.0,0,0.0,0.04,0.18,0.09,0.18,0.09,0.09,0.98,4.02,7.87,4.39,0.06,3.94,2.01,13.91,0.59,50.0,76,66,44,0.16,3.34,4.03,4.39,0.0,0.0
Zeno Ibsen Rossi,Cambridge United,569,Centre Back,0.0,0.03,0.11,0.32,0.0,0,0.0,0.02,0.32,0.0,0.16,0.16,0.16,1.18,3.22,13.45,7.28,0.03,4.43,2.22,9.34,1.51,75.0,59,78,44,0.27,5.9,2.85,0.95,0.0,
Oliver Casey,Blackpool,794,Centre Back,0.0,0.05,0.1,0.45,50.0,0,0.0,0.02,0.45,0.0,0.0,0.0,0.11,1.75,4.87,11.33,4.98,0.03,4.19,1.13,10.31,2.49,100.0,70,87,51,0.38,3.2,0.79,1.7,0.0,
James Husband,Blackpool,744,Centre Back,0.36,0.11,0.24,0.48,75.0,0,0.0,0.03,0.48,0.36,0.24,0.24,0.36,1.89,4.63,9.44,4.23,0.04,3.87,2.9,11.01,2.2,78.0,45,68,34,0.44,4.83,7.86,2.54,0.24,15.0
Alex Hartridge,Wycombe Wanderers,308,Centre Back,0.0,0.02,0.08,0.29,0.0,0,0.29,0.01,0.29,0.29,0.29,0.29,0.88,1.37,10.54,12.84,7.0,0.09,4.67,1.17,11.09,1.21,50.0,62,80,42,0.13,4.61,2.33,0.58,0.0,
Caleb Taylor,Wycombe Wanderers,425,Centre Back,0.0,0.24,0.23,1.06,40.0,1,0.0,0.0,0.0,0.0,0.0,0.0,0.21,1.68,5.82,8.48,2.76,0.0,5.3,1.91,19.5,1.85,50.0,86,80,50,0.5,5.21,2.54,4.03,0.0,
Oscar Wallin,Peterborough United,906,Centre Back,0.0,0.01,0.07,0.2,0.0,0,0.0,0.01,0.2,0.0,0.89,0.5,0.7,2.1,3.91,15.4,8.64,0.07,4.67,1.29,10.53,3.33,62.0,52,90,74,0.58,5.99,2.78,0.6,0.0,
Brandon Cooper,Leyton Orient,491,Centre Back,0.0,0.16,0.17,0.92,40.0,0,0.0,0.04,0.37,0.0,0.37,0.18,0.55,1.96,4.97,8.97,2.56,0.04,3.3,1.83,13.92,0.73,0.0,68,80,54,0.3,4.54,3.11,3.48,0.0,
Josh Feeney,Shrewsbury Town,481,Centre Back,0.19,0.03,0.07,0.37,50.0,0,0.0,0.0,0.0,0.19,0.0,0.0,0.0,0.82,5.6,13.46,6.92,0.03,3.55,2.24,9.91,1.06,20.0,59,73,38,0.11,5.14,0.93,0.56,0.0,
Jadel Katongo,Peterborough United,364,Centre Back,0.0,0.0,,0.0,,0,0.25,0.05,0.74,0.25,0.0,0.0,0.25,2.77,4.6,8.91,5.69,0.02,3.22,0.5,8.17,1.69,33.0,46,90,59,0.39,4.73,2.97,0.0,0.0,
Tyreece Campbell,Charlton Athletic,704,Centre Forward,0.0,0.04,0.06,0.64,20.0,2,0.0,0.12,1.02,0.0,1.41,0.77,2.81,0.35,0.44,24.56,11.13,0.0,3.71,6.01,7.16,0.32,50.0,13,67,0,0.23,7.7,8.06,3.45,0.64,19.0
Matt Godden,Charlton Athletic,367,Centre Forward,0.74,0.17,0.09,1.96,38.0,4,0.0,0.02,0.49,0.74,0.74,0.25,0.98,0.0,0.0,17.9,10.3,0.04,2.21,1.23,2.45,0.35,0.0,39,68,50,0.35,3.84,4.66,5.88,0.0,0.0
Jovon Makama,Lincoln City,589,Centre Forward,0.15,0.26,0.17,1.53,50.0,5,0.0,0.05,0.61,0.15,1.37,0.92,2.14,0.14,0.0,30.71,12.53,0.0,3.97,2.14,2.9,0.25,0.0,16,60,0,0.4,6.94,3.67,3.67,0.0,0.0
Steven Fletcher,Wrexham,326,Centre Forward,0.28,0.22,0.08,2.76,60.0,4,0.0,0.09,0.55,0.28,1.38,0.83,1.66,0.16,0.26,19.32,3.59,0.03,3.31,5.52,7.45,0.98,0.0,55,56,100,0.66,4.08,7.18,5.8,0.0,
John Edward Marquis,Shrewsbury Town,459,Centre Forward,0.2,0.22,0.09,2.35,25.0,5,0.2,0.16,0.78,0.39,0.78,0.39,2.55,0.06,0.16,23.16,13.34,0.04,2.35,3.14,5.3,0.1,0.0,29,69,50,0.37,5.37,4.91,5.3,0.2,33.0
Jonson Clarke-Harris,Rotherham United,771,Centre Forward,0.23,0.24,0.1,2.34,35.0,4,0.12,0.04,0.7,0.35,0.58,0.35,0.7,0.19,0.87,17.87,8.06,0.0,2.69,2.92,3.74,0.7,33.0,46,52,42,0.29,4.12,5.14,6.07,0.0,0.0
Jordan Hugill,Rotherham United,390,Centre Forward,0.0,0.12,0.06,2.08,11.0,4,0.0,0.02,0.46,0.0,0.92,0.23,1.38,0.35,0.35,18.47,8.77,0.02,0.92,4.39,5.31,0.0,,49,48,33,0.31,5.11,4.85,6.46,0.0,0.0
Will Evans,Mansfield Town,729,Centre Forward,0.49,0.35,0.15,2.34,47.0,5,0.0,0.02,0.37,0.49,1.6,0.99,2.47,0.27,0.59,27.52,13.45,0.03,4.57,2.34,3.46,1.3,0.0,21,75,50,0.49,4.64,5.43,7.16,0.12,11.0
Callum Marshall,Huddersfield Town,544,Centre Forward,0.17,0.26,0.1,2.65,38.0,5,0.17,0.17,1.49,0.33,0.66,0.17,0.66,1.24,0.29,25.32,13.4,0.0,4.8,2.65,4.63,2.1,67.0,7,65,45,0.41,5.18,6.12,6.62,0.5,38.0
Millenic Alli,Exeter City,605,Centre Forward,0.15,0.23,0.09,2.53,24.0,6,0.0,0.1,0.74,0.15,2.68,0.89,3.57,0.57,0.47,23.64,11.0,0.01,3.12,4.46,6.24,1.01,50.0,29,71,33,0.13,8.54,5.65,6.69,0.59,36.0
Victor Adeboyejo,Bolton Wanderers,445,Centre Forward,0.2,0.16,0.1,1.62,50.0,3,0.0,0.04,0.4,0.2,1.21,0.61,2.43,0.0,0.15,17.8,7.28,0.0,2.83,2.83,4.45,0.15,50.0,38,71,33,0.43,4.44,7.89,4.85,0.0,0.0
Ollie Palmer,Wrexham,658,Centre Forward,0.27,0.13,0.1,1.23,33.0,3,0.14,0.03,0.55,0.41,0.96,0.41,1.64,0.26,0.96,21.73,11.76,0.0,3.55,2.6,4.37,0.96,25.0,53,51,13,0.27,4.23,4.78,3.28,0.0,0.0
Jordan Rhodes,Blackpool,332,Centre Forward,0.0,0.43,0.17,2.44,33.0,5,0.27,0.13,0.54,0.27,0.81,0.54,0.81,0.0,0.51,22.74,10.83,0.0,3.25,2.71,3.25,0.68,0.0,43,61,25,0.47,4.27,4.33,7.58,0.0,
Dominic Ballard,Blackpool,359,Centre Forward,0.25,0.65,0.24,2.76,55.0,6,0.0,0.08,1.0,0.25,2.76,1.0,2.51,0.22,0.0,23.06,12.03,0.0,3.76,3.76,4.26,0.55,0.0,15,81,100,0.76,5.72,4.51,5.77,0.25,50.0
Anthony Evans,Huddersfield Town,660,Attacking Midfielder,0.27,0.2,0.07,2.73,30.0,3,0.0,0.15,1.5,0.27,0.55,0.14,0.95,1.62,0.87,20.6,9.82,0.05,3.82,6.55,10.5,2.22,80.0,29,65,38,0.5,3.8,9.41,2.18,0.41,38.0
Charlie Savage,Reading,436,Attacking Midfielder,0.41,0.18,0.07,2.68,15.0,3,0.0,0.05,0.83,0.41,0.41,0.21,0.21,0.38,2.61,21.45,10.11,0.04,4.33,3.92,7.63,1.11,29.0,20,79,45,0.54,3.92,9.49,2.27,0.21,17.0
Adam Phillips,Barnsley,735,Attacking Midfielder,0.37,0.24,0.11,2.21,39.0,3,0.12,0.06,0.86,0.49,0.86,0.49,1.35,0.19,0.77,13.23,6.0,0.01,3.31,4.9,7.47,0.49,67.0,41,71,47,0.47,3.54,8.21,5.15,0.25,25.0
Kyle Dempsey,Bolton Wanderers,452,Attacking Midfielder,0.6,0.23,0.11,2.19,45.0,2,0.2,0.16,1.59,0.8,1.19,0.6,1.19,1.51,0.99,15.32,7.96,0.07,2.79,6.37,8.36,1.05,33.0,48,71,60,0.44,5.75,13.33,7.36,0.99,45.0
Elliott Lee,Wrexham,901,Attacking Midfielder,0.4,0.22,0.11,2.1,43.0,3,0.1,0.05,0.9,0.5,1.6,1.0,1.7,0.8,0.71,23.58,14.29,0.02,5.5,4.7,8.39,1.26,45.0,44,78,56,0.68,4.97,11.89,3.0,0.4,57.0
Ben Wiles,Huddersfield Town,881,Attacking Midfielder,0.41,0.12,0.07,1.84,33.0,2,0.1,0.06,0.92,0.51,0.82,0.31,1.23,0.25,0.8,13.9,6.13,0.01,3.37,3.17,5.52,0.79,36.0,59,76,36,0.37,4.38,9.71,3.68,0.61,38.0
Luke Berry,Charlton Athletic,516,Attacking Midfielder,0.35,0.35,0.2,1.74,50.0,4,0.0,0.07,0.35,0.35,0.52,0.17,1.57,0.22,0.98,13.95,7.15,0.03,2.44,4.01,6.63,0.87,33.0,45,74,29,0.49,4.67,5.06,4.53,0.17,25.0
Hakeem Odofin,Rotherham United,865,Attacking Midfielder,0.1,0.23,0.14,1.67,25.0,2,0.0,0.01,0.31,0.1,0.73,0.52,1.14,1.31,1.48,22.48,10.41,0.01,5.1,6.14,9.99,2.0,67.0,56,72,38,0.33,4.98,5.93,4.79,0.21,25.0
Keanu Baccus,Mansfield Town,552,Attacking Midfielder,0.0,0.1,0.06,1.63,20.0,2,0.33,0.13,0.98,0.33,1.96,1.14,2.28,0.97,1.03,31.33,17.13,0.01,7.18,3.75,8.16,2.38,50.0,50,71,47,0.34,4.71,10.77,4.08,1.31,50.0
Benjamin Elliott,Reading,805,Attacking Midfielder,0.22,0.06,0.04,1.56,14.0,1,0.11,0.1,0.89,0.34,1.9,1.01,3.35,0.25,1.7,30.4,14.31,0.04,5.37,6.6,11.18,3.11,69.0,30,81,47,0.47,4.98,11.18,2.46,0.0,0.0
Jensen Weir,Wigan Athletic,421,Attacking Midfielder,0.0,0.16,0.12,1.28,17.0,1,0.0,0.2,1.71,0.0,1.07,0.21,1.71,0.0,1.3,24.57,14.1,0.0,2.35,2.35,7.9,1.33,33.0,30,83,73,0.5,5.87,7.69,2.78,0.21,50.0
Matthew Smith,Wigan Athletic,733,Defensive Midfielder,0.0,0.02,0.03,0.61,0.0,1,0.25,0.05,0.98,0.25,0.25,0.25,0.37,0.97,1.28,19.76,11.17,0.01,3.56,4.3,9.57,2.1,29.0,43,89,68,0.18,5.37,9.08,1.23,0.0,0.0
Funso Ojo,Shrewsbury Town,664,Defensive Midfielder,0.0,0.01,0.02,0.41,33.0,0,0.14,0.07,0.81,0.14,0.54,0.27,0.95,0.79,2.1,18.98,7.18,0.04,3.25,5.69,12.74,2.05,30.0,75,78,35,0.22,4.63,8.41,0.27,0.0,0.0
Max Anderson,Crawley Town,476,Defensive Midfielder,0.0,0.03,0.05,0.57,0.0,1,0.0,0.01,0.57,0.0,0.38,0.19,1.7,0.61,1.33,22.14,9.46,0.02,5.11,4.16,6.43,2.81,36.0,20,87,73,0.45,4.57,6.43,1.51,0.0,
Jake Garrett,Bristol Rovers,310,Defensive Midfielder,0.0,0.06,0.05,1.16,25.0,1,0.0,0.05,1.16,0.0,1.16,0.87,1.74,0.87,0.53,23.77,11.6,0.0,4.64,6.38,10.44,2.26,100.0,44,79,45,0.29,3.47,11.6,2.03,0.58,29.0
Archie Collins,Peterborough United,956,Defensive Midfielder,0.0,0.03,0.03,0.75,25.0,1,0.19,0.02,0.47,0.19,0.47,0.19,0.56,0.97,1.25,17.04,10.83,0.05,5.18,3.11,8.76,2.51,58.0,59,87,58,0.43,4.39,6.02,0.75,0.0,0.0
Edward Francis,Exeter City,565,Defensive Midfielder,0.32,0.11,0.09,1.27,25.0,1,0.0,0.06,0.96,0.32,0.0,0.0,0.32,1.91,1.67,13.54,7.01,0.03,3.66,2.07,7.48,0.95,25.0,41,77,41,0.51,2.75,7.17,2.07,0.32,25.0
Paik Seung-Ho,Birmingham City,882,Defensive Midfielder,0.0,0.03,0.03,0.92,22.0,1,0.1,0.1,1.02,0.1,0.61,0.31,1.33,1.22,0.83,10.31,4.7,0.0,3.27,3.78,8.17,2.53,42.0,50,84,52,0.58,3.21,11.23,2.14,0.51,33.0
Kamil Amadu Conteh,Bristol Rovers,829,Defensive Midfielder,0.0,0.02,0.03,0.65,50.0,0,0.0,0.0,0.22,0.0,0.22,0.11,0.33,0.92,1.5,20.31,10.43,0.01,3.8,4.67,10.75,1.68,50.0,56,78,48,0.37,4.09,4.56,0.0,0.0,0.0
Ryan Woods,Exeter City,679,Defensive Midfielder,0.13,0.01,0.07,0.13,100.0,0,0.0,0.01,0.27,0.13,0.4,0.13,0.93,0.58,1.58,15.11,9.28,0.02,2.25,5.17,11.66,1.38,70.0,44,86,64,0.26,3.55,7.95,0.93,0.27,67.0
Elliot Watt,Burton Albion,898,Defensive Midfielder,0.0,0.07,0.06,1.2,33.0,1,0.1,0.08,1.3,0.1,0.8,0.7,0.9,1.28,2.19,16.73,8.92,0.04,3.61,4.31,12.32,1.48,42.0,31,79,53,0.47,3.14,9.62,1.4,0.2,33.0
Ollie Norburn,Blackpool,333,Defensive Midfielder,0.0,0.09,0.07,1.35,0.0,1,0.0,0.05,0.54,0.0,0.54,0.27,0.0,1.03,0.85,18.91,11.89,0.03,2.97,5.13,8.38,0.87,100.0,67,87,59,0.73,3.45,5.4,1.89,0.0,
Jay Matete,Bolton Wanderers,326,Defensive Midfielder,0.0,0.09,0.06,1.38,0.0,1,0.0,0.06,0.55,0.0,2.48,1.66,2.21,1.37,1.39,20.15,8.83,0.05,4.14,3.59,8.0,0.7,100.0,38,89,100,0.37,7.32,11.04,3.31,0.55,100.0
Harvey White,Stevenage,639,Defensive Midfielder,0.0,0.03,0.04,0.85,17.0,0,0.28,0.21,3.1,0.28,0.0,0.0,0.42,0.76,1.41,19.87,9.02,0.08,3.1,4.65,9.3,2.55,69.0,67,68,46,0.04,3.13,3.81,0.56,0.56,31.0
James Brophy,Cambridge United,602,Defensive Midfielder,0.0,0.04,0.06,0.6,50.0,1,0.15,0.13,1.05,0.15,0.45,0.15,1.2,0.85,0.66,20.47,11.05,0.02,2.99,3.44,8.66,1.36,46.0,43,77,52,0.52,5.56,6.87,1.05,0.45,75.0
Conor McGrandles,Lincoln City,491,Defensive Midfielder,0.0,0.0,,0.0,,0,0.0,0.08,0.73,0.0,0.92,0.55,0.55,0.26,0.33,26.79,15.6,0.02,5.32,6.61,11.56,1.09,56.0,46,82,69,0.29,5.01,7.34,0.73,0.18,50.0
Luca Connell,Barnsley,934,Defensive Midfielder,0.19,0.09,0.04,2.31,25.0,2,0.19,0.2,2.02,0.39,1.06,0.67,0.58,0.7,1.19,15.13,7.42,0.02,3.57,6.26,11.47,1.13,36.0,62,69,39,0.37,3.65,8.58,2.51,0.39,33.0
Albie Morgan,Blackpool,440,Defensive Midfielder,0.2,0.06,0.04,1.64,25.0,1,0.0,0.04,0.61,0.2,0.41,0.0,0.2,1.12,1.51,12.88,7.97,0.09,3.68,5.32,11.24,1.51,50.0,30,84,60,0.55,4.53,13.7,1.43,0.0,0.0
Lewis Bate,Stockport County,505,Defensive Midfielder,0.0,0.05,0.05,1.07,0.0,1,0.18,0.06,1.07,0.18,0.36,0.0,0.89,1.02,0.61,22.98,12.83,0.02,4.45,6.41,11.94,2.11,55.0,14,86,61,0.59,5.1,10.87,0.89,0.18,50.0
Sean Clare,Leyton Orient,806,Defensive Midfielder,0.11,0.02,0.04,0.56,20.0,1,0.11,0.02,0.34,0.22,1.12,1.01,0.34,1.55,2.45,16.31,7.15,0.01,4.13,5.14,11.06,2.35,77.0,77,78,46,0.2,4.56,8.71,1.12,0.11,14.0
Dominic Ball,Leyton Orient,336,Defensive Midfielder,0.0,0.0,,0.0,,0,0.27,0.08,1.34,0.27,1.07,1.07,1.61,3.03,1.45,17.42,9.38,0.0,2.14,10.99,20.63,2.39,25.0,70,79,58,0.17,6.14,9.11,1.07,0.0,0.0
Tom Bayliss,Lincoln City,617,Attacking Midfielder,0.0,0.05,0.04,1.17,38.0,2,0.44,0.18,1.02,0.44,1.02,0.44,0.73,0.13,0.51,22.17,12.11,0.02,4.23,4.96,8.17,0.83,33.0,65,58,32,0.15,6.44,5.69,3.21,0.58,44.0
Silko Thomas,Wigan Athletic,615,Attacking Midfielder,0.0,0.07,0.06,1.17,25.0,2,0.0,0.02,0.15,0.0,2.49,1.02,1.76,0.55,1.03,33.8,17.71,0.01,3.22,3.22,6.29,1.85,25.0,36,63,33,0.25,6.97,7.17,1.76,0.15,7.0
Greg Docherty,Charlton Athletic,773,Attacking Midfielder,0.12,0.12,0.1,1.16,50.0,2,0.0,0.05,0.47,0.12,1.16,0.7,1.63,0.65,0.89,25.62,13.28,0.01,5.36,8.15,13.28,1.63,67.0,54,74,56,0.25,4.84,8.85,3.03,0.35,43.0
Jordan Shipley,Shrewsbury Town,578,Winger,0.16,0.03,0.03,0.93,17.0,1,0.0,0.02,0.47,0.16,1.09,0.62,0.47,0.34,0.49,22.28,15.27,0.0,2.65,3.43,6.86,0.09,50.0,46,59,48,0.13,4.45,5.45,1.56,0.62,33.0
Kelvin Ehibhatiomhan,Reading,741,Winger,0.24,0.23,0.13,1.82,33.0,4,0.12,0.22,1.21,0.36,3.88,1.21,2.06,0.16,1.36,18.45,8.01,0.04,3.16,3.52,5.71,1.06,14.0,36,71,47,0.35,6.76,6.68,4.86,0.73,32.0
Jamie Reid,Stevenage,451,Winger,0.0,0.17,0.07,2.39,33.0,5,0.4,0.08,1.0,0.4,2.39,1.2,2.19,0.39,0.27,21.35,9.18,0.0,1.6,3.39,5.19,0.63,0.0,32,66,50,0.19,7.17,5.19,4.79,0.4,50.0
Scott Sinclair,Bristol Rovers,458,Winger,0.39,0.23,0.08,2.95,33.0,6,0.0,0.02,0.39,0.39,0.79,0.39,1.38,0.2,0.39,11.01,6.1,0.02,0.39,2.16,4.33,0.2,0.0,30,77,100,0.38,7.38,6.88,4.52,0.2,25.0
Charles Sagoe Junior,Shrewsbury Town,359,Winger,0.0,0.06,0.05,1.25,40.0,3,0.0,0.03,0.75,0.0,4.51,1.25,2.51,0.18,0.88,27.08,15.29,0.02,3.76,3.76,8.52,1.84,64.0,14,74,50,0.37,8.55,7.77,3.26,0.0,0.0
Emil Hansson,Birmingham City,521,Winger,0.0,0.15,0.08,1.9,64.0,3,0.17,0.26,1.21,0.17,1.9,1.04,1.04,0.29,0.0,15.21,5.88,0.0,2.94,2.77,4.49,1.75,33.0,25,76,73,0.47,6.16,13.14,4.84,1.21,35.0
Keshi Anderson,Birmingham City,411,Winger,0.22,0.11,0.09,1.31,17.0,1,0.0,0.03,0.44,0.22,2.41,1.31,1.97,1.39,0.7,15.99,8.32,0.03,2.41,4.38,7.01,1.71,14.0,30,84,83,0.5,4.88,13.14,5.91,0.88,36.0
Tariqe Fosu,Northampton Town,444,Winger,0.2,0.14,0.09,1.62,50.0,2,0.2,0.11,1.82,0.41,3.24,1.82,3.85,0.78,0.54,26.55,10.95,0.0,4.26,5.07,8.31,2.2,100.0,22,78,60,0.42,5.91,10.34,3.85,0.2,25.0
Jordan Roberts,Stevenage,826,Winger,0.11,0.06,0.05,1.2,18.0,1,0.0,0.06,1.09,0.11,1.52,0.44,2.18,0.59,0.47,24.18,13.29,0.03,3.92,5.01,6.53,0.88,20.0,35,61,36,0.26,5.41,8.6,3.59,0.44,21.0
Elliott List,Stevenage,422,Winger,0.64,0.42,0.22,1.92,44.0,3,0.0,0.08,0.85,0.64,0.64,0.0,2.35,0.74,0.25,14.09,7.26,0.0,2.77,3.41,5.98,1.01,33.0,23,77,100,0.32,5.18,5.55,3.41,0.43,100.0
Kieran Sadlier,Wycombe Wanderers,468,Winger,0.0,0.12,0.08,1.54,50.0,4,0.58,0.16,1.35,0.58,2.89,0.96,2.12,0.49,0.29,16.94,8.47,0.0,3.27,2.5,6.16,0.53,43.0,19,64,38,0.27,9.39,6.35,4.62,0.58,30.0
Oliver O'Neill,Leyton Orient,678,Winger,0.0,0.08,0.06,1.33,0.0,2,0.0,0.0,0.27,0.0,1.86,0.4,1.86,1.18,0.81,29.08,13.54,0.0,4.65,4.38,6.9,3.15,44.0,18,68,50,0.25,5.11,6.64,4.25,0.27,17.0
Louie Barry,Stockport County,716,Winger,0.63,0.29,0.08,3.65,45.0,8,0.0,0.1,0.88,0.63,4.4,1.89,3.14,0.38,0.0,13.58,4.78,0.0,2.01,3.77,5.66,0.62,0.0,17,79,50,0.54,7.93,8.93,5.91,0.38,23.0
Malik Mothersille,Peterborough United,881,Winger,0.2,0.23,0.2,1.12,73.0,2,0.1,0.04,0.51,0.31,2.14,0.82,1.84,0.37,0.55,17.77,10.21,0.01,2.55,1.74,4.08,0.73,40.0,27,73,56,0.29,7.59,6.03,3.78,0.2,17.0
Abraham Odoh,Peterborough United,433,Winger,0.0,0.03,0.05,0.62,67.0,1,0.21,0.07,0.21,0.21,1.46,0.62,1.04,0.33,0.33,17.06,7.28,0.0,4.78,2.5,5.2,0.42,50.0,33,76,0,0.8,6.93,9.57,4.16,0.21,20.0
Corey O'Keeffe,Barnsley,500,Full Back,0.0,0.02,0.04,0.36,0.0,1,0.36,0.25,2.16,0.36,2.34,0.72,0.9,1.44,2.08,15.31,7.74,0.02,4.5,4.14,9.01,1.38,29.0,68,76,60,0.26,6.12,9.37,3.42,1.08,55.0
Stephen McLaughlin,Mansfield Town,596,Full Back,0.0,0.02,0.04,0.6,25.0,0,0.45,0.09,0.91,0.45,1.36,0.91,0.6,1.2,1.86,9.96,4.83,0.01,2.11,2.72,8.15,0.86,63.0,70,68,33,0.45,4.62,6.94,2.72,0.91,40.0
Tomas Kalinauskas,Burton Albion,564,Full Back,0.0,0.15,0.1,1.44,44.0,2,0.32,0.17,1.59,0.32,2.23,0.8,1.91,1.61,2.3,24.24,10.2,0.02,3.99,3.67,8.61,1.83,38.0,50,68,41,0.5,5.96,10.52,4.94,1.12,39.0
Thierry Small,Charlton Athletic,493,Full Back,0.0,0.02,0.03,0.55,33.0,1,0.18,0.08,1.1,0.18,1.28,0.73,1.64,0.58,1.66,10.78,6.03,0.0,2.37,4.75,9.5,0.6,0.0,38,60,33,0.21,8.64,6.94,2.01,0.91,29.0
Szabolcs Schön,Bolton Wanderers,789,Full Back,0.11,0.09,0.08,1.14,40.0,1,0.11,0.18,1.94,0.23,1.94,1.03,1.03,1.51,2.33,17.33,7.75,0.0,2.85,3.19,8.44,2.55,60.0,40,77,32,0.31,4.36,10.26,4.67,0.68,30.0
James McClean,Wrexham,900,Full Back,0.2,0.11,0.08,1.3,15.0,2,0.1,0.12,0.9,0.3,0.7,0.5,1.5,0.73,1.5,16.9,9.4,0.0,3.5,3.1,6.8,1.16,57.0,65,72,35,0.5,3.95,6.7,4.0,0.7,37.0
Joshua Edwards,Charlton Athletic,375,Full Back,0.0,0.0,0.01,0.24,100.0,0,0.24,0.05,0.48,0.24,0.48,0.0,1.44,0.6,3.03,16.08,6.72,0.06,2.88,4.32,10.8,2.29,80.0,63,56,26,0.28,4.18,5.04,0.72,0.48,13.0
Jaheim Headley,Huddersfield Town,327,Full Back,0.0,0.04,0.05,0.83,0.0,0,0.0,0.18,1.38,0.0,2.2,1.1,0.0,1.26,1.61,20.92,10.46,0.07,6.06,4.13,9.36,2.89,67.0,75,73,24,0.2,5.11,10.19,2.48,0.28,33.0
Dylan Williams,Burton Albion,703,Full Back,0.0,0.01,0.05,0.26,0.0,0,0.0,0.03,0.51,0.0,0.77,0.51,0.51,1.56,1.68,17.8,8.58,0.04,4.1,2.18,7.3,2.03,67.0,36,80,49,0.46,4.76,9.73,2.43,0.26,17.0
Jeremy Kelley,Crawley Town,842,Full Back,0.11,0.02,0.04,0.43,50.0,0,0.11,0.13,2.57,0.21,1.6,0.75,1.18,1.0,1.43,15.82,8.45,0.02,2.99,3.1,7.91,2.27,57.0,36,80,50,0.39,5.93,14.22,2.78,0.75,37.0
Daniel Barton,Cambridge United,334,Full Back,0.0,0.15,0.14,1.08,25.0,2,0.0,0.1,1.89,0.0,2.97,1.89,1.62,0.3,0.85,22.65,11.59,0.0,3.51,4.31,5.93,0.99,50.0,8,73,75,0.27,6.39,6.2,3.77,0.27,17.0
Mickel Miller,Huddersfield Town,616,Full Back,0.0,0.02,0.04,0.58,25.0,1,0.0,0.17,2.05,0.0,2.19,1.31,1.75,1.4,2.03,19.57,10.08,0.03,4.38,4.53,10.96,2.11,43.0,57,61,35,0.46,6.61,9.79,3.94,2.34,42.0
Bryant Akono Bilongo,Bristol Rovers,619,Full Back,0.15,0.06,0.1,0.58,25.0,1,0.29,0.14,0.73,0.44,1.31,1.02,1.16,1.08,2.56,15.28,7.71,0.04,2.62,2.91,8.29,0.67,50.0,56,53,28,0.41,6.4,4.8,1.89,0.15,17.0
Ben Whitfield,Burton Albion,759,Attacking Midfielder,0.12,0.09,0.05,1.9,38.0,4,0.12,0.15,0.83,0.24,2.13,1.07,0.59,0.59,1.35,13.15,4.86,0.01,2.37,3.08,5.81,0.63,50.0,47,65,22,0.25,5.57,6.64,3.67,0.36,18.0
Panutche Camará,Crawley Town,528,Attacking Midfielder,0.0,0.12,0.1,1.19,29.0,1,0.0,0.08,1.19,0.0,1.7,1.19,1.88,0.68,0.73,24.72,11.76,0.04,4.94,6.31,10.91,2.04,45.0,37,80,40,0.24,5.92,13.13,3.58,0.34,29.0
Reece Cole,Exeter City,311,Attacking Midfielder,0.29,0.17,0.05,3.18,45.0,4,0.29,0.16,2.02,0.58,0.0,0.0,0.29,0.85,0.84,32.08,20.52,0.02,4.91,5.78,9.25,0.93,40.0,50,65,51,0.59,3.67,10.12,7.51,1.16,40.0
Taylor Gardner-Hickman,Birmingham City,444,Full Back,0.0,0.01,0.03,0.41,0.0,0,0.0,0.0,0.0,0.0,0.61,0.41,1.01,3.36,3.76,14.6,8.72,0.03,4.87,4.06,8.32,2.06,38.0,35,77,48,0.58,3.62,16.23,2.23,1.22,27.0
Aaron McGowan,Northampton Town,596,Full Back,0.0,0.0,,0.0,,0,0.15,0.02,0.3,0.15,0.45,0.15,0.0,0.53,3.76,12.39,4.68,0.02,2.87,4.23,11.33,2.53,63.0,48,66,47,0.21,3.57,9.22,1.06,0.15,10.0
Luther Wildin,Stevenage,783,Full Back,0.0,0.02,0.1,0.23,50.0,0,0.0,0.03,0.34,0.0,0.57,0.11,0.34,1.7,1.37,15.4,6.32,0.05,3.68,5.06,11.15,1.24,100.0,47,64,27,0.13,4.92,5.52,1.95,0.34,27.0
Joe Rafferty,Rotherham United,778,Full Back,0.0,0.01,0.03,0.23,0.0,0,0.12,0.11,1.74,0.12,0.23,0.12,0.12,0.3,1.08,11.46,5.79,0.01,2.89,3.94,8.8,1.05,43.0,45,67,41,0.16,3.39,6.37,1.62,1.27,46.0
Jordan Lawrence-Gabriel,Blackpool,661,Full Back,0.0,0.14,0.2,0.68,60.0,0,0.27,0.04,0.54,0.27,0.41,0.27,0.95,1.68,3.66,10.76,4.09,0.12,3.81,2.86,9.67,0.83,0.0,71,77,44,0.69,4.32,6.26,1.77,0.27,50.0
Jade Jay Mingi,Stockport County,333,Full Back,0.0,0.02,0.04,0.54,0.0,0,0.0,0.04,0.54,0.0,1.62,0.54,1.08,2.16,4.97,9.46,4.05,0.0,3.24,1.89,7.84,1.82,0.0,67,79,55,0.25,5.4,5.94,1.08,0.0,
James Carragher,Wigan Athletic,541,Full Back,0.0,0.01,0.03,0.17,0.0,0,0.0,0.07,0.67,0.0,0.17,0.0,0.5,1.72,3.57,14.47,8.65,0.05,3.66,3.33,10.15,0.86,20.0,71,80,62,0.31,4.3,8.98,0.83,0.5,50.0
James Dornelly,Peterborough United,317,Full Back,0.28,0.26,0.91,0.28,100.0,0,0.0,0.05,1.14,0.28,0.57,0.57,0.28,0.0,1.59,9.95,4.55,0.0,2.56,0.85,2.84,1.37,67.0,25,88,64,0.5,3.09,10.52,1.99,0.57,50.0
Ethan Laird,Birmingham City,335,Full Back,0.0,0.04,0.05,0.8,0.0,0,0.0,0.07,0.8,0.0,4.83,2.41,2.15,1.32,6.09,14.49,4.29,0.03,2.68,0.27,5.63,2.29,33.0,81,83,39,0.46,5.91,13.95,4.83,0.54,33.0
Thomas James,Leyton Orient,559,Full Back,0.16,0.01,0.02,0.64,50.0,0,0.16,0.19,2.26,0.32,0.48,0.32,0.16,0.56,2.95,9.18,4.51,0.02,2.74,5.32,10.96,1.35,33.0,40,65,47,0.23,4.26,9.02,2.09,0.64,22.0
Sam Curtis,Peterborough United,658,Full Back,0.0,0.01,0.07,0.14,0.0,0,0.0,0.17,0.96,0.0,0.41,0.41,0.96,2.29,3.85,15.18,5.2,0.04,5.2,2.05,9.3,2.62,56.0,71,78,50,0.14,4.4,8.89,2.05,1.09,40.0
Luca Hoole,Shrewsbury Town,771,Full Back,0.0,0.01,0.06,0.23,0.0,0,0.0,0.06,0.35,0.0,0.93,0.47,0.12,1.17,2.65,21.25,9.22,0.02,5.37,1.52,8.76,2.91,75.0,66,65,37,0.25,3.91,5.6,1.4,0.35,25.0
Michael Craig,Reading,831,Full Back,0.0,0.01,0.02,0.43,0.0,0,0.0,0.02,0.32,0.0,0.32,0.22,1.73,1.12,1.84,12.35,6.61,0.05,3.9,3.68,10.18,1.34,50.0,29,81,48,0.41,5.14,9.53,1.19,0.22,25.0
Jack Grimmer,Wycombe Wanderers,813,Full Back,0.0,0.01,0.03,0.33,0.0,0,0.0,0.0,0.0,0.0,0.44,0.11,0.66,1.27,2.6,11.74,4.76,0.06,2.33,3.77,11.41,1.84,77.0,53,70,35,0.38,3.54,8.31,1.11,0.0,0.0
Callum Connolly,Stockport County,320,Full Back,0.0,0.02,0.03,0.56,0.0,0,0.28,0.03,0.28,0.28,0.0,0.0,0.28,1.53,1.45,12.68,4.51,0.08,2.25,3.1,10.14,3.01,75.0,71,81,31,0.29,4.38,7.32,1.69,0.0,0.0
Terence Vancooten,Burton Albion,622,Centre Back,0.0,0.02,0.05,0.43,0.0,0,0.0,0.0,0.0,0.0,0.58,0.43,0.29,2.73,5.9,10.28,4.92,0.05,3.91,0.43,11.73,1.24,80.0,57,77,37,0.22,4.7,0.58,0.58,0.0,
Connor O''Riordan,Cambridge United,373,Centre Back,0.0,0.05,0.1,0.48,0.0,0,0.0,0.0,0.0,0.0,0.48,0.48,0.72,1.07,2.89,13.75,6.75,0.1,6.51,1.69,11.09,2.01,67.0,77,87,74,0.34,4.43,3.14,1.21,0.0,0.0
Thomas Hamer,Lincoln City,341,Centre Back,0.26,0.03,0.06,0.53,100.0,0,0.26,0.11,0.53,0.53,0.0,0.0,0.53,0.53,1.69,8.72,4.49,0.0,1.06,3.44,11.1,0.13,0.0,75,51,35,0.23,4.84,3.7,2.91,0.26,20.0
Cameron Humphreys,Rotherham United,1020,Centre Back,0.09,0.14,0.2,0.71,50.0,0,0.0,0.0,0.09,0.09,0.18,0.18,0.35,0.55,2.4,7.06,3.62,0.03,2.21,1.68,10.94,0.46,75.0,49,79,40,0.34,5.52,2.73,1.85,0.0,0.0
Mael Durand de Gevigney,Barnsley,982,Centre Back,0.0,0.04,0.1,0.46,0.0,0,0.0,0.0,0.09,0.0,0.37,0.18,0.18,1.89,3.59,13.74,6.41,0.09,3.3,3.3,13.47,1.53,75.0,80,74,49,0.33,5.99,2.66,1.56,0.0,0.0
Omar Beckles,Leyton Orient,763,Centre Back,0.0,0.01,0.02,0.24,0.0,0,0.0,0.0,0.12,0.0,0.24,0.12,0.12,1.1,4.54,10.26,4.01,0.1,3.42,2.36,12.27,1.59,79.0,67,79,41,0.23,4.33,2.36,1.06,0.12,100.0
Emmanuel Fernandez,Peterborough United,1036,Centre Back,0.26,0.09,0.1,0.87,40.0,0,0.0,0.0,0.0,0.26,0.78,0.61,0.43,1.1,7.03,9.99,4.26,0.08,3.73,1.13,12.77,1.63,40.0,73,86,60,0.48,5.74,3.04,2.0,0.0,0.0
Eoin Toal,Bolton Wanderers,783,Centre Back,0.11,0.11,0.24,0.46,25.0,0,0.0,0.0,0.0,0.11,0.11,0.0,0.34,0.9,2.36,13.1,7.7,0.05,3.56,3.68,12.29,3.23,67.0,70,75,35,0.39,5.59,7.12,1.38,0.11,50.0
Christoph Klarer,Birmingham City,790,Centre Back,0.0,0.09,0.15,0.57,0.0,0,0.11,0.08,0.46,0.11,0.46,0.34,0.8,1.49,7.68,10.02,3.87,0.11,4.67,2.39,11.39,3.02,100.0,73,88,60,0.8,4.75,11.96,1.82,0.11,33.0
Jordan Bowery,Mansfield Town,595,Centre Back,0.0,0.0,,0.0,,0,0.0,0.06,0.45,0.0,0.3,0.0,1.06,1.49,4.54,10.74,4.99,0.03,1.51,2.88,9.69,1.33,71.0,73,83,66,0.24,4.96,7.26,0.76,0.3,100.0
Fraser Horsfall,Stockport County,893,Centre Back,0.0,0.06,0.07,0.91,22.0,0,0.1,0.1,0.5,0.1,0.2,0.0,0.4,0.77,6.08,8.87,4.23,0.08,3.23,1.31,14.42,1.3,100.0,84,84,51,0.49,3.45,2.32,3.43,0.2,67.0
Daniel Sweeney,Stevenage,310,Centre Back,0.0,0.06,0.07,0.87,33.0,0,0.0,0.04,0.29,0.0,0.58,0.29,0.58,1.39,3.38,9.88,2.91,0.21,2.91,2.91,16.28,1.29,0.0,62,69,42,0.5,5.07,3.49,4.07,0.29,33.0
Jubril Okedina,Cambridge United,445,Centre Back,0.0,0.04,0.05,0.81,0.0,0,0.0,0.0,0.0,0.0,0.0,0.0,0.4,0.85,2.82,8.91,6.07,0.04,3.85,2.83,10.32,0.89,67.0,60,69,41,0.15,5.29,3.64,2.02,0.0,0.0
Amadou Mbengue,Reading,885,Centre Back,0.0,0.03,0.07,0.41,25.0,0,0.0,0.01,0.1,0.0,0.71,0.51,0.81,1.19,3.52,11.8,6.71,0.08,4.27,1.93,10.37,2.4,75.0,48,71,41,0.53,6.24,3.36,2.14,0.1,10.0
Adam Jackson,Lincoln City,749,Centre Back,0.24,0.06,0.08,0.72,33.0,1,0.12,0.05,0.24,0.36,0.12,0.12,0.12,0.67,2.65,11.65,6.01,0.09,3.96,1.32,10.09,0.48,67.0,59,60,26,0.15,3.9,2.28,2.16,0.12,25.0
Toto Nsiala,Shrewsbury Town,642,Centre Back,0.14,0.14,0.14,0.98,43.0,0,0.0,0.03,0.14,0.14,0.0,0.0,0.28,0.52,3.1,9.53,5.05,0.05,4.35,1.4,10.52,0.85,67.0,72,61,38,0.26,3.27,1.26,2.94,0.0,0.0
Max Cleworth,Wrexham,774,Centre Back,0.35,0.11,0.15,0.7,50.0,0,0.12,0.02,0.35,0.47,0.23,0.23,0.12,0.94,1.48,9.65,5.47,0.04,3.61,2.56,8.49,1.05,88.0,73,70,46,0.34,5.45,4.19,1.74,0.12,50.0
Alex Mitchell,Charlton Athletic,886,Centre Back,0.1,0.09,0.88,0.1,100.0,0,0.0,0.0,0.1,0.1,0.3,0.2,0.41,1.0,4.41,8.43,3.86,0.08,2.84,2.34,10.56,0.86,67.0,52,68,37,0.23,3.4,2.64,0.91,0.0,0.0
Nathan Thompson,Stevenage,324,Centre Back,0.0,0.07,0.25,0.28,0.0,0,0.0,0.0,0.0,0.0,0.0,0.0,0.56,0.85,1.95,16.4,8.62,0.08,4.17,1.95,11.68,1.27,67.0,45,80,58,0.02,5.18,1.67,0.56,0.0,
Morgan Feeney,Shrewsbury Town,816,Centre Back,0.0,0.07,0.13,0.55,20.0,0,0.11,0.03,0.22,0.11,0.11,0.0,0.33,0.57,5.39,9.27,4.75,0.12,3.97,0.77,10.26,0.95,0.0,63,71,52,0.16,4.96,2.43,1.88,0.0,0.0
Joe Low,Wycombe Wanderers,893,Centre Back,0.1,0.03,0.08,0.4,25.0,0,0.0,0.05,0.4,0.1,0.5,0.4,0.3,0.88,5.33,5.65,1.92,0.06,3.23,2.22,13.31,0.22,50.0,70,80,41,0.52,4.98,2.62,2.22,0.1,100.0
Tobias Mullarkey,Crawley Town,982,Centre Back,0.0,0.03,0.04,0.73,13.0,0,0.0,0.02,0.18,0.0,1.37,1.01,0.55,1.14,5.98,10.99,3.66,0.01,4.49,3.12,12.37,1.67,86.0,60,85,48,0.41,6.05,8.89,1.74,0.18,20.0
Jack Baldwin,Northampton Town,683,Centre Back,0.13,0.03,0.07,0.53,75.0,0,0.0,0.0,0.13,0.13,0.26,0.13,0.26,1.21,4.32,9.49,4.09,0.07,4.35,1.85,9.23,0.34,0.0,63,67,42,0.2,3.72,1.58,2.24,0.0,
Matty Pearson,Huddersfield Town,333,Centre Back,0.27,0.24,0.22,1.08,25.0,0,0.0,0.0,0.0,0.27,0.0,0.0,0.81,1.91,5.59,6.76,2.98,0.12,4.06,4.06,12.44,1.17,50.0,56,75,28,0.63,4.29,3.25,2.43,0.0,0.0
Tom Lees,Huddersfield Town,865,Centre Back,0.0,0.11,0.17,0.62,17.0,0,0.1,0.02,0.31,0.1,0.0,0.0,0.21,2.18,5.3,8.64,4.48,0.04,4.16,2.5,12.8,1.26,33.0,70,81,54,0.43,3.62,6.45,2.71,0.0,0.0
Matthew Pennington,Blackpool,348,Centre Back,0.0,0.02,0.08,0.26,0.0,0,0.0,0.01,0.26,0.0,0.26,0.26,0.78,1.0,2.01,11.9,8.79,0.05,3.62,4.14,15.0,1.95,38.0,73,74,35,0.32,4.09,4.65,1.03,0.0,0.0
Odeluga Offiah,Blackpool,601,Centre Back,0.15,0.02,0.16,0.15,100.0,0,0.0,0.0,0.0,0.15,0.45,0.45,0.3,1.59,2.34,11.69,5.84,0.07,4.64,1.05,8.99,2.11,20.0,50,90,64,0.3,3.9,1.65,0.45,0.0,0.0
Conner Taylor,Bristol Rovers,531,Centre Back,0.0,0.04,0.05,0.85,20.0,0,0.0,0.01,0.17,0.0,0.17,0.0,0.0,0.27,3.73,9.15,4.24,0.05,3.22,1.69,11.86,1.11,100.0,72,65,52,0.22,6.49,0.68,2.71,0.17,100.0
Jason Kerr,Wigan Athletic,972,Centre Back,0.0,0.04,0.09,0.37,0.0,0,0.0,0.03,0.37,0.0,0.56,0.28,0.37,1.69,3.48,8.98,4.07,0.11,2.96,2.22,11.3,0.75,0.0,66,81,45,0.31,5.28,3.06,1.57,0.0,
Taylor Moore,Bristol Rovers,577,Centre Back,0.0,0.04,0.05,0.78,40.0,0,0.0,0.02,0.31,0.0,0.47,0.31,0.47,1.11,5.11,11.07,6.39,0.03,4.21,3.28,11.54,1.85,75.0,69,63,31,0.18,4.2,5.3,2.03,0.31,20.0
Pierce Sweeney,Exeter City,875,Centre Back,0.0,0.06,0.06,0.93,22.0,1,0.0,0.0,0.0,0.0,0.21,0.1,0.51,1.58,4.16,10.49,4.52,0.08,3.08,2.98,15.22,1.08,50.0,77,77,62,0.34,3.93,8.33,2.16,0.21,20.0
Tyler Roberts,Northampton Town,408,Centre Forward,0.0,0.14,0.06,2.21,70.0,5,0.0,0.06,0.66,0.0,3.09,1.32,1.54,0.4,0.2,17.21,10.15,0.0,2.65,1.76,4.85,0.7,,36,70,45,0.23,8.08,5.74,3.75,0.22,20.0
Sam Nombe,Rotherham United,796,Centre Forward,0.34,0.36,0.13,2.71,46.0,7,0.11,0.13,1.13,0.45,1.58,0.68,2.83,0.15,0.0,28.7,13.56,0.01,3.73,2.83,3.5,1.43,0.0,20,62,43,0.36,6.97,5.76,6.89,0.68,40.0
Lee Gregory,Mansfield Town,698,Centre Forward,0.52,0.33,0.14,2.32,44.0,4,0.0,0.04,0.52,0.52,1.29,0.52,2.06,1.13,0.35,23.87,9.81,0.02,3.1,2.84,5.42,0.92,43.0,38,73,67,0.47,4.63,5.16,7.87,0.0,0.0
Ben House,Lincoln City,471,Centre Forward,0.57,0.22,0.11,1.91,60.0,5,0.0,0.03,0.38,0.57,1.91,0.57,1.53,0.24,1.32,34.03,17.02,0.0,8.22,2.87,5.16,1.53,43.0,25,67,20,0.29,5.53,5.16,4.4,0.0,
Gassan Ahadme Yahyai,Charlton Athletic,558,Centre Forward,0.16,0.27,0.28,0.97,33.0,2,0.0,0.02,0.48,0.16,0.16,0.16,1.29,0.0,1.49,31.47,15.98,0.03,5.16,2.42,3.87,0.67,0.0,39,54,25,0.6,3.78,5.33,5.16,0.0,0.0
Jack Marriott,Wrexham,713,Centre Forward,0.63,0.37,0.16,2.27,67.0,6,0.0,0.0,0.0,0.63,1.26,0.51,2.02,0.04,0.41,27.91,9.85,0.01,4.04,2.4,3.66,0.32,0.0,17,72,82,0.42,6.05,4.42,5.18,0.0,0.0
Sullay Kaikai,Cambridge United,465,Centre Forward,0.0,0.17,0.13,1.35,0.0,3,0.0,0.09,1.16,0.0,1.55,0.58,2.52,0.15,0.08,25.16,14.13,0.0,2.71,2.9,4.45,0.81,0.0,25,78,71,0.34,4.69,6.19,3.29,0.77,44.0
Josh Koroma,Huddersfield Town,672,Centre Forward,0.4,0.23,0.07,3.35,20.0,7,0.13,0.2,1.34,0.54,1.74,0.54,1.21,0.34,0.75,18.35,6.7,0.0,2.68,4.02,5.22,0.7,100.0,22,75,44,0.42,5.59,8.04,7.64,0.27,22.0
Kyle Joseph,Blackpool,885,Centre Forward,0.41,0.34,0.16,2.14,43.0,3,0.1,0.21,1.12,0.51,1.93,0.81,1.42,0.73,0.38,25.93,11.7,0.01,3.56,3.15,4.27,0.64,33.0,42,67,43,0.63,6.14,7.02,7.93,0.2,29.0
Christopher Hamilton,Blackpool,873,Attacking Midfielder,0.21,0.15,0.15,1.03,70.0,2,0.1,0.17,0.72,0.31,2.27,1.34,1.34,2.24,1.81,18.24,8.55,0.01,5.26,3.92,7.01,1.88,43.0,38,69,52,0.41,8.11,6.7,3.5,0.72,32.0
Grant Ward,Bristol Rovers,524,Attacking Midfielder,0.17,0.08,0.08,1.03,33.0,2,0.34,0.15,0.86,0.52,0.69,0.17,1.89,0.82,0.69,15.79,6.18,0.03,3.78,6.7,10.99,1.19,67.0,53,73,40,0.42,4.8,7.21,2.4,0.34,29.0
Harvey Knibbs,Reading,527,Attacking Midfielder,0.17,0.07,0.07,1.02,17.0,2,0.0,0.12,1.71,0.17,1.2,0.51,1.54,1.51,2.53,23.73,13.49,0.01,5.29,4.78,8.54,3.08,67.0,67,77,50,0.32,3.73,6.32,5.12,0.17,50.0
Cameron McGeehan,Northampton Town,894,Attacking Midfielder,0.3,0.19,0.19,1.01,50.0,1,0.0,0.01,0.4,0.3,0.8,0.2,0.6,0.3,1.03,21.83,10.87,0.02,3.62,5.23,8.55,0.91,45.0,45,72,36,0.25,4.04,7.75,3.52,0.2,40.0
Andy Cannon,Wrexham,621,Defensive Midfielder,0.14,0.04,0.04,0.87,17.0,2,0.0,0.04,0.72,0.14,0.72,0.29,0.72,0.46,0.81,19.42,8.12,0.03,3.33,5.36,9.13,1.49,57.0,40,73,60,0.37,4.77,10.87,2.61,0.43,30.0
Joe Powell,Rotherham United,933,Defensive Midfielder,0.0,0.03,0.03,0.87,22.0,1,0.29,0.31,2.6,0.29,2.12,0.68,1.74,1.25,1.26,20.54,11.48,0.03,4.44,7.91,12.25,1.34,67.0,59,65,43,0.33,6.12,8.1,1.45,0.87,31.0
Stephen Quinn,Mansfield Town,561,Defensive Midfielder,0.16,0.06,0.08,0.8,40.0,1,0.16,0.22,1.93,0.32,0.8,0.32,1.12,0.46,1.22,18.61,10.11,0.03,3.69,6.42,11.07,1.02,64.0,64,74,43,0.4,4.3,13.0,3.69,0.64,25.0
Jack Moylan,Lincoln City,458,Defensive Midfielder,0.0,0.08,0.1,0.79,50.0,2,0.0,0.12,0.59,0.0,1.97,0.79,1.57,0.67,0.34,28.33,18.1,0.02,4.52,5.51,9.44,0.64,50.0,70,56,24,0.16,8.15,4.72,2.56,0.0,0.0
Dom Jefferies,Lincoln City,438,Defensive Midfielder,0.0,0.03,0.05,0.62,0.0,1,0.21,0.03,0.62,0.21,0.41,0.41,1.64,0.81,0.97,23.19,14.16,0.0,3.49,3.08,8.0,0.72,25.0,44,67,29,0.09,5.14,8.42,2.67,0.62,33.0
Hiram Boateng,Mansfield Town,569,Defensive Midfielder,0.16,0.03,0.07,0.47,67.0,0,0.0,0.18,1.58,0.16,0.79,0.32,0.95,0.06,1.14,24.68,13.61,0.01,3.48,5.06,8.7,0.71,0.0,38,81,63,0.47,4.83,12.82,3.8,1.27,53.0
Samy Chouchane,Northampton Town,459,Defensive Midfielder,0.0,0.02,0.05,0.39,100.0,0,0.0,0.18,1.96,0.0,0.98,0.59,0.59,1.48,1.1,22.96,11.38,0.03,4.71,5.49,10.99,1.69,50.0,44,76,53,0.25,4.3,9.22,1.96,1.18,55.0
Karoy Anderson,Charlton Athletic,489,Defensive Midfielder,0.0,0.01,0.03,0.18,0.0,0,0.0,0.04,0.18,0.0,2.02,0.92,1.66,1.36,0.84,26.49,13.98,0.0,3.68,4.41,9.38,1.51,38.0,38,82,54,0.15,3.69,6.81,2.02,0.37,40.0
Christ Tiéhi,Rotherham United,703,Defensive Midfielder,0.0,0.07,0.07,0.9,0.0,1,0.13,0.04,0.51,0.13,0.51,0.26,1.41,0.84,0.84,20.48,11.27,0.04,4.86,8.06,14.72,1.77,60.0,59,79,73,0.4,4.51,8.83,2.82,0.13,33.0
Paul Digby,Cambridge United,843,Defensive Midfielder,0.0,0.01,0.14,0.11,0.0,0,0.0,0.03,0.32,0.0,0.11,0.11,0.43,1.05,2.39,14.84,7.58,0.03,4.59,5.12,12.91,1.39,33.0,70,84,61,0.34,4.22,4.27,1.49,0.32,100.0
Hector Kyprianou,Peterborough United,633,Defensive Midfielder,0.0,0.04,0.07,0.57,25.0,0,0.14,0.03,0.28,0.14,1.0,0.43,0.43,2.88,2.88,19.05,9.38,0.04,5.83,2.84,9.53,2.42,40.0,52,85,74,0.36,4.05,8.1,1.99,0.0,
Kgagelo Chauke,Burton Albion,679,Defensive Midfielder,0.0,0.04,0.08,0.53,50.0,1,0.0,0.0,0.0,0.0,1.72,0.93,0.93,1.72,1.91,25.18,11.66,0.02,7.02,2.52,9.41,3.18,68.0,44,85,50,0.22,5.84,5.3,0.8,0.0,0.0
Oliver Norwood,Stockport County,435,Defensive Midfielder,0.0,0.02,0.03,0.62,33.0,0,0.0,0.28,1.86,0.0,0.0,0.0,0.62,0.63,1.56,14.69,9.72,0.0,3.93,6.41,13.44,2.35,43.0,67,83,65,0.61,3.12,11.17,0.41,0.21,25.0
Lee Evans,Blackpool,997,Defensive Midfielder,0.09,0.05,0.04,1.35,20.0,1,0.36,0.27,3.25,0.45,0.54,0.18,0.63,0.9,1.62,17.43,11.74,0.03,5.24,6.05,11.92,1.24,43.0,73,78,61,0.54,3.89,10.84,1.54,0.9,45.0
Babajide Adeeko,Wigan Athletic,626,Defensive Midfielder,0.0,0.07,0.13,0.57,25.0,1,0.0,0.01,0.29,0.0,0.29,0.14,0.86,0.5,1.56,20.26,10.2,0.05,3.16,4.89,7.76,1.66,43.0,58,79,55,0.26,4.37,5.89,1.58,0.29,40.0
Josh Scowen,Wycombe Wanderers,893,Defensive Midfielder,0.0,0.11,0.1,1.11,27.0,1,0.0,0.06,0.71,0.0,0.4,0.2,0.91,1.39,2.19,17.14,9.07,0.05,4.54,5.24,10.49,1.3,38.0,36,80,48,0.56,5.47,8.27,2.92,0.5,83.0
Jamie Lindsay,Bristol Rovers,401,Defensive Midfielder,0.22,0.03,0.05,0.67,33.0,1,0.0,0.02,0.67,0.22,0.0,0.0,0.22,1.36,1.22,14.82,8.75,0.04,3.59,5.39,10.33,1.02,50.0,45,76,48,0.2,3.73,9.65,0.9,0.0,0.0
Tomoki Iwata,Birmingham City,474,Defensive Midfielder,0.38,0.03,0.04,0.57,67.0,1,0.19,0.04,0.95,0.57,0.38,0.19,0.76,1.3,1.29,10.64,3.8,0.04,3.04,6.65,11.21,1.9,75.0,70,87,57,0.6,3.83,13.3,1.9,0.38,33.0
Jack McMillan,Exeter City,865,Defensive Midfielder,0.0,0.04,0.1,0.42,50.0,0,0.0,0.01,0.31,0.0,0.21,0.1,0.42,1.07,1.74,19.04,9.47,0.03,4.06,2.19,5.62,1.48,29.0,41,83,46,0.26,3.74,5.72,1.87,0.1,17.0
George Thomason,Bolton Wanderers,823,Defensive Midfielder,0.11,0.08,0.07,1.09,10.0,1,0.0,0.04,0.98,0.11,0.66,0.22,0.33,0.82,0.95,20.67,10.82,0.03,3.17,5.03,10.28,1.87,44.0,47,81,32,0.4,4.18,11.26,2.73,0.11,14.0
Alex Gilliead,Shrewsbury Town,788,Defensive Midfielder,0.0,0.04,0.05,0.69,0.0,1,0.0,0.03,0.34,0.0,0.69,0.34,1.6,0.35,0.35,26.39,13.48,0.03,5.48,3.43,7.43,1.52,40.0,50,77,47,0.25,5.26,7.43,2.17,0.34,38.0
Carl Winchester,Shrewsbury Town,656,Defensive Midfielder,0.14,0.01,0.02,0.69,40.0,1,0.0,0.01,0.41,0.14,0.41,0.27,0.41,1.29,1.65,26.76,13.31,0.01,6.59,4.25,11.25,3.2,50.0,41,78,44,0.15,5.36,5.9,1.24,0.0,0.0
Jay Williams,Crawley Town,919,Defensive Midfielder,0.0,0.07,0.06,1.08,18.0,1,0.0,0.1,0.39,0.0,0.29,0.1,1.18,1.33,3.96,18.21,7.44,0.03,3.92,3.82,11.16,1.34,50.0,53,84,61,0.3,4.46,6.27,2.15,0.0,
Jordan Rossiter,Shrewsbury Town,357,Defensive Midfielder,0.0,0.06,0.08,0.76,0.0,0,0.0,0.0,0.0,0.0,0.25,0.0,0.5,0.31,0.64,27.74,13.36,0.02,7.06,4.79,10.09,3.03,57.0,75,73,29,0.46,2.97,4.03,1.77,0.0,
Callum Camps,Stockport County,774,Defensive Midfielder,0.0,0.05,0.06,0.81,0.0,1,0.0,0.09,0.81,0.0,1.28,1.05,0.58,1.65,1.82,17.33,7.91,0.08,4.19,3.61,9.19,1.84,43.0,45,80,50,0.37,5.98,6.98,1.86,0.23,33.0
Louis Thompson,Stevenage,754,Defensive Midfielder,0.24,0.05,0.05,1.07,22.0,1,0.24,0.07,0.48,0.48,0.48,0.12,0.84,0.71,0.82,17.08,8.72,0.05,2.99,6.33,10.51,1.37,56.0,67,80,57,0.18,4.15,5.97,1.19,0.12,33.0
Korey Smith,Cambridge United,848,Defensive Midfielder,0.0,0.01,0.03,0.42,50.0,0,0.0,0.01,0.53,0.0,0.85,0.53,0.53,1.04,0.68,16.46,9.87,0.05,3.61,5.95,11.36,1.84,56.0,47,77,50,0.35,3.87,7.43,1.59,0.0,0.0
Jordan Brown,Leyton Orient,794,Defensive Midfielder,0.0,0.02,0.03,0.79,29.0,1,0.0,0.09,1.02,0.0,0.0,0.0,0.68,1.67,1.31,14.17,6.12,0.1,3.74,5.56,12.25,1.52,100.0,55,72,47,0.37,3.6,9.41,1.13,0.11,50.0
Donay Kaylin O'Brien-Brady,Peterborough United,535,Defensive Midfielder,0.17,0.02,0.05,0.51,33.0,1,0.0,0.03,0.67,0.17,1.18,0.51,0.84,1.29,0.72,19.87,10.1,0.05,3.54,3.7,6.4,0.5,0.0,10,87,74,0.72,4.01,6.06,1.18,0.0,0.0
Robert Apter,Blackpool,706,Attacking Midfielder,0.13,0.09,0.04,2.04,19.0,3,0.0,0.09,0.89,0.13,2.8,1.4,2.17,0.55,0.77,19.12,8.16,0.0,3.06,4.84,8.03,1.82,36.0,18,71,29,0.52,7.04,8.41,3.44,0.38,20.0
Jayden Fevrier,Stockport County,329,Winger,0.27,0.13,0.05,2.74,40.0,5,0.27,0.13,1.92,0.55,3.28,1.92,4.38,0.77,0.64,15.33,5.75,0.0,3.28,2.46,4.11,0.65,100.0,0,71,44,0.24,7.41,7.39,6.02,1.09,50.0
Chem Campbell,Reading,399,Winger,0.45,0.23,0.12,2.03,44.0,3,0.0,0.0,0.23,0.45,1.8,1.13,2.48,0.21,0.5,22.55,7.67,0.02,2.25,3.83,5.86,1.75,33.0,29,75,80,0.29,6.74,6.99,4.96,0.45,40.0
Dion Rankine,Wigan Athletic,596,Winger,0.0,0.07,0.06,1.21,25.0,2,0.0,0.07,0.91,0.0,2.42,0.91,1.21,0.19,0.38,19.78,12.23,0.02,3.02,2.87,4.98,0.66,56.0,0,74,11,0.22,5.41,11.02,4.83,0.76,36.0
Tom Bloxham,Shrewsbury Town,504,Winger,0.36,0.12,0.17,0.71,75.0,2,0.0,0.15,1.43,0.36,2.32,1.07,2.5,0.79,0.31,21.44,11.43,0.0,3.93,3.57,6.43,1.15,50.0,32,58,58,0.18,7.16,7.15,3.22,2.14,52.0
Sam Hoskins,Northampton Town,650,Winger,0.0,0.12,0.06,2.08,33.0,5,0.14,0.03,0.42,0.14,1.25,0.69,1.25,1.22,0.79,16.61,8.17,0.01,2.49,4.15,5.95,0.52,25.0,30,60,40,0.16,5.46,4.29,3.32,0.28,29.0
Garath McCleary,Wycombe Wanderers,760,Winger,0.24,0.09,0.11,0.83,29.0,1,0.24,0.27,1.54,0.47,2.13,0.95,1.42,0.26,0.08,12.31,4.38,0.01,2.25,3.79,5.56,1.21,60.0,48,66,54,0.52,6.85,9.82,5.44,1.3,38.0
Mitch Pinnock,Northampton Town,774,Winger,0.0,0.1,0.05,1.86,31.0,3,0.23,0.09,0.93,0.23,1.16,0.47,1.16,0.84,0.11,19.07,10.58,0.01,3.02,3.72,6.4,0.79,44.0,33,65,29,0.24,5.23,7.56,2.91,0.7,25.0
Jack Diamond,Stockport County,501,Winger,0.18,0.38,0.19,1.97,45.0,4,0.0,0.08,1.08,0.18,4.31,2.51,2.51,0.71,0.55,14.18,5.92,0.05,1.79,4.31,7.18,0.36,0.0,23,71,56,0.7,6.83,8.97,4.67,0.54,43.0
Kwame Poku,Peterborough United,1067,Winger,0.51,0.24,0.08,2.87,41.0,4,0.17,0.18,1.18,0.68,3.54,1.43,2.7,0.2,0.54,14.51,7.09,0.01,2.95,3.29,5.65,1.54,50.0,17,74,40,0.37,7.14,8.52,6.08,0.34,20.0
Elliott Hewitt,Mansfield Town,508,Full Back,0.0,0.01,0.03,0.53,0.0,1,0.35,0.15,1.24,0.35,1.06,0.18,0.18,0.61,1.89,19.66,9.74,0.0,4.96,3.01,9.39,1.19,43.0,81,72,48,0.39,5.23,6.2,2.13,1.24,41.0
Nicholas Akoto,Burton Albion,391,Full Back,0.0,0.04,0.06,0.69,33.0,0,0.0,0.13,1.38,0.0,0.92,0.69,0.46,0.5,4.89,16.79,4.14,0.05,4.14,3.22,8.05,2.8,38.0,36,77,30,0.19,6.19,7.36,2.53,0.69,43.0
Kayne Ramsay,Charlton Athletic,886,Full Back,0.0,0.01,0.03,0.3,0.0,1,0.0,0.02,0.2,0.0,2.74,1.83,1.32,1.08,1.44,15.95,7.01,0.02,3.45,3.66,9.85,2.34,57.0,46,71,49,0.13,6.36,6.09,1.32,0.41,33.0
Junior Quitirna,Crawley Town,639,Full Back,0.42,0.26,0.13,1.97,29.0,3,0.0,0.05,1.55,0.42,3.52,1.97,1.55,2.12,1.52,17.18,9.15,0.01,3.94,3.66,6.62,0.56,43.0,18,83,42,0.41,7.32,9.29,3.24,0.0,0.0
James Gibbons,Cambridge United,652,Full Back,0.0,0.03,0.04,0.83,17.0,1,0.0,0.0,0.0,0.0,0.55,0.28,0.55,0.89,2.26,17.12,10.08,0.01,4.0,3.45,8.42,1.56,29.0,58,71,45,0.23,4.8,4.83,1.52,0.14,11.0
Luke Thomas,Bristol Rovers,708,Full Back,0.0,0.03,0.07,0.38,0.0,1,0.25,0.18,1.91,0.25,0.76,0.25,1.14,0.27,1.08,21.73,12.45,0.01,4.32,3.69,8.39,1.75,23.0,35,71,42,0.22,5.93,7.12,2.29,0.64,56.0
Barry Cotter,Barnsley,769,Full Back,0.0,0.05,0.05,1.05,33.0,2,0.23,0.14,1.29,0.23,2.34,0.82,1.87,1.21,1.48,18.36,7.25,0.0,3.98,4.33,11.93,1.96,60.0,66,57,36,0.41,7.2,6.08,2.92,1.05,35.0
Liam Bennett,Cambridge United,442,Full Back,0.0,0.02,0.06,0.41,100.0,1,0.0,0.12,1.02,0.0,1.22,0.0,1.22,1.21,2.12,14.24,7.73,0.02,3.46,3.26,5.49,1.11,57.0,17,61,40,0.37,4.73,4.48,1.63,0.61,20.0
Lukas Akins,Mansfield Town,431,Full Back,0.0,0.02,0.09,0.21,0.0,0,0.21,0.14,1.67,0.21,0.21,0.21,0.84,2.42,3.02,18.6,9.82,0.0,4.39,4.39,8.57,2.06,55.0,58,82,64,0.24,3.68,12.54,2.93,0.84,67.0
Josh Dacres-Cogley,Bolton Wanderers,814,Full Back,0.0,0.01,0.04,0.22,0.0,0,0.11,0.09,0.99,0.11,0.88,0.55,1.55,2.48,1.22,19.67,9.17,0.0,4.97,2.76,8.4,2.51,40.0,30,79,52,0.45,4.65,13.15,3.76,0.88,42.0
Tendayi Darikwa,Lincoln City,895,Full Back,0.1,0.11,0.14,0.8,25.0,1,0.1,0.07,0.6,0.2,0.9,0.3,1.11,1.1,0.76,16.08,7.34,0.01,2.81,5.13,10.55,1.09,55.0,41,64,38,0.18,4.53,5.73,3.22,0.4,33.0
Ryan Barnett,Wrexham,839,Full Back,0.0,0.03,0.06,0.43,50.0,1,0.43,0.17,1.72,0.43,2.25,1.07,0.86,0.45,1.32,11.79,5.79,0.02,1.93,3.11,8.36,1.22,63.0,27,64,44,0.42,7.9,8.04,3.43,2.04,42.0
Udoka Godwin-Malife,Burton Albion,676,Full Back,0.13,0.13,0.11,1.2,33.0,1,0.13,0.19,1.06,0.27,1.46,0.4,2.26,1.04,2.03,11.98,6.79,0.02,2.53,2.93,8.92,1.0,33.0,64,76,50,0.41,7.77,6.52,4.52,0.53,40.0
Lasse Sørensen,Huddersfield Town,840,Full Back,0.0,0.01,0.02,0.32,0.0,1,0.21,0.11,1.18,0.21,0.86,0.54,0.86,0.52,1.56,17.47,8.57,0.03,3.0,3.97,8.14,1.04,64.0,48,62,34,0.35,4.3,8.79,2.25,0.64,26.0
Ilmari Niskanen,Exeter City,893,Full Back,0.0,0.09,0.11,0.81,0.0,2,0.1,0.13,1.11,0.1,1.01,0.4,0.91,1.15,2.66,17.13,9.47,0.0,4.33,2.42,6.15,2.28,67.0,57,67,28,0.28,5.64,8.16,3.53,0.81,33.0
